{"ITR": {"ITR6": {"CreationInfo": {"SWVersionNo": "2.21.12.2", "SWCreatedBy": "SW20000126", "JSONCreatedBy": "SW20000126", "JSONCreationDate": "2021-12-28", "IntermediaryCity": "JAIPUR", "Digest": "WVtgVhX+WpMvuRCwwrFyozpQFn4g+mRcL0QQtcViLB4="}, "Form_ITR6": {"FormName": "ITR-6", "Description": "For Companies other than companies claiming exemption under section 11", "AssessmentYear": "2021", "SchemaVer": "Ver1.1", "FormVer": "Ver1.0"}, "PartA_GEN1": {"OrgFirmInfo": {"AssesseeName": {"SurNameOrOrgName": "AQUIRIOS SOLUTION INDIA PRIVATE LIMITED"}, "PAN": "AATCA3420A", "CINissuedByMCA": "U52609GJ2020PTC112896", "Address": {"ResidenceNo": "64 / 2 UDAY INDUSTRIAL ESTATE", "RoadOrStreet": "OPP. POLICE STATION", "LocalityOrArea": "B/S. ADINATHNAGAR ODHAV", "CityOrTownOrDistrict": "AHEMDABAD", "StateCode": "11", "CountryCode": "91", "PinCode": 382415, "CountryCodeMobile": 91, "MobileNo": 9428118223, "EmailAddress": "aquiriossolution@hotmail.com"}, "DateOFFormOrIncorp": "2020-02-24", "StatusOrCompanyType": "7", "DomesticCompFlg": "Y"}, "FilingStatus": {"ReturnFileSec": {"IncomeTaxSec": 11}, "ResidentialStatus": "RES", "Section115BA": "NA", "GrossReceipt": "N", "FinancialStmtFlag": "N", "IsIfsc": "N", "UnderLiquidation": "N", "FiiFpiFlag": "N", "Sec581AFlag": "N", "AsseseeRepFlg": "N", "StartUpDPIITFlag": "N"}}, "PartA_GEN2For6": {"LiableSec44AAflg": "N", "IncDclrdUs": "N", "TotalSalesExcOneCr": "N", "LiableSec44ABflg": "N", "LiableSec92Eflg": "N", "HoldingStatus": {"NatOfCompFlg": "4"}, "KeyPersons": [{"PersonName": "AMITKUMAR TRILOKCHANDRA LOHAR", "Designation": "DIR", "AddressDetailWithZipCode": {"AddrDetail": "A-57 MARUTI TENAMENT ON CANAL,, VASTRAL ROAD ODHAV,, NEAR BHAVANA SCHOOL,", "CityOrTownOrDistrict": "AHMEDABAD", "StateCode": "11", "CountryCode": "91", "PinCode": 382415}, "KeyPerPAN": "ADKPL3380M", "DirectorIdNo": "08708549"}, {"PersonName": "SUMITKUMAR VIKASHKUMAR LUHAR", "Designation": "DIR", "AddressDetailWithZipCode": {"AddrDetail": "B-64 MARUTI TENAMENT,, VASTRAL NR BHAVNA HIGH SCHOOL,, AHMEDABAD", "CityOrTownOrDistrict": "AHMEDABAD", "StateCode": "11", "CountryCode": "91", "PinCode": 382418}, "KeyPerPAN": "ADIPL6162D", "DirectorIdNo": "08708550"}], "ShareHolderInfo": [{"ShareHolderInfoName": "AMITKUMAR TRILOKCHANDRA LOHAR", "AddressDetailWithZipCode": {"AddrDetail": "A-57 MARUTI TENAMENT ON CANAL,, VASTRAL ROAD ODHAV,, NEAR BHAVANA SCHOOL,", "CityOrTownOrDistrict": "AHMEDABAD", "StateCode": "11", "CountryCode": "91", "PinCode": 382415}, "PercentageOfShare": 50, "ShareHolderPAN": "ADKPL3380M"}, {"ShareHolderInfoName": "SUMITKUMAR VIKASHKUMAR LUHAR", "AddressDetailWithZipCode": {"AddrDetail": "B-64 MARUTI TENAMENT,, VASTRAL NR BHAVNA HIGH SCHOOL,, AHMEDABAD", "CityOrTownOrDistrict": "AHMEDABAD", "StateCode": "11", "CountryCode": "91", "PinCode": 382418}, "PercentageOfShare": 50, "ShareHolderPAN": "ADIPL6162D"}], "OwnershipInfo": [{"OwnerName": "AMITKUMAR TRILOKCHANDRA LOHAR", "AddressDetailWithZipCode": {"AddrDetail": "A-57 MARUTI TENAMENT ON CANAL,, VASTRAL ROAD ODHAV,, NEAR BHAVANA SCHOOL,", "CityOrTownOrDistrict": "AHMEDABAD", "StateCode": "11", "CountryCode": "91", "PinCode": 382415}, "PercentageOfShare": 50, "OwnerPAN": "ADKPL3380M"}, {"OwnerName": "SUMITKUMAR VIKASHKUMAR LUHAR", "AddressDetailWithZipCode": {"AddrDetail": "B-64 MARUTI TENAMENT,, VASTRAL NR BHAVNA HIGH SCHOOL,, AHMEDABAD", "CityOrTownOrDistrict": "AHMEDABAD", "StateCode": "11", "CountryCode": "91", "PinCode": 382418}, "PercentageOfShare": 50, "OwnerPAN": "ADIPL6162D"}], "NatureOfComp": {"PubSectCompUs2_36AFlg": "N", "RBICompFlg": "N", "CompLes40PercSharGovRBIFlg": "N", "BankCompUs5Flg": "N", "SchedBankOfRBIActFlg": "N", "CompWithIRDARegisterFlg": "N", "NonBankFIICompFlg": "N", "CompanyUnlistedFlag": "N"}, "NatOfBus": {"NatureOfBusiness": [{"Code": "09028"}]}}, "PARTA_BSFor6FrmAY13": {"EquityAndLiablities": {"ShareHolderFund": {"ShareCapital": {"Authorised": 100000, "IssuedSubsPaidUp": 100000, "SubscribedNotFullyPaid": 0, "TotShareCapital": 100000}, "ResrNSurp": {"CapResr": 0, "CapRedempResr": 0, "SecurPremResr": 0, "DebunRedResr": 0, "RevResr": 0, "ShareOptOSAmount": 0, "OtherResrvTotal": 0, "PLAccount": -207622, "TotResrNSurp": -207622}, "MoneyRecvdAgainstShares": 0, "TotShareHolderFund": -107622}, "ShareAppMoneyAllot": {"PendingLtOneYr": 0, "PendingMtOneYr": 0, "Total": 0}, "NonCurrLiabilities": {"LongTermBorrowings": {"BondsDebentures": {"ForeignCurrency": 0, "Rupee": 0, "Total": 0}, "TermLoans": {"ForeignCurrency": 0, "RupeeLoans": {"FromBanks": 0, "FromOthers": 0, "Total": 0}, "TotalTermLoans": 0}, "DeferredPymtLiabilities": 0, "DepositsFrmRelatedParties": 0, "OtherDeposits": 0, "LoansAndAdv": 0, "OthersLoanAdv": 0, "LongTermMaturities": 0, "TotalLTBorrowings": 0}, "NetDefferedTaxLiability": 198, "OthLongTermLiablities": {"TradePayables": 0, "Others": 0, "TotalOthLtLiabilities": 0}, "LongTermProvisions": {"ProvEmpBenefits": 0, "Others": 0, "Total": 0}, "TotalNonCurrLiabilites": 198}, "CurrentLiabilities": {"ShortTrmBorrowings": {"LoansRepaybleOnDemand": {"FromBanks": 0, "FrmNonBanking": 0, "OthFinanceInst": 0, "Others": 0, "TotLoansRepaybleOnDemand": 0}, "DepositsFrmRelatedParties": 0, "LoansAndAdv": 0, "OthLoansAndAdv": 0, "OthDeposits": 0, "TotShortTrmBorrowings": 0}, "TradePayables": {"OSMoreThanOneYr": 0, "Others": 236165, "TotalTradePayables": 236165}, "OthCurrLiabilities": {"CurrMatOnLTDebt": 0, "CurrMatFinanceOblg": 0, "AccrInterestNotDue": 0, "AccrInterest": 0, "IncRecvdAdvance": 0, "UnpaidDividend": 0, "AppMonyRecvdAllotSecurities": 0, "UnpaidMatDeposits": 0, "UnpaidMatureDebenture": 0, "OthPayables": 98376, "TotOthCurrLiabilities": 98376}, "ShortTermProv": {"EmpBenefitProv": 0, "ITProvision": 0, "ProposedDividend": 0, "TaxOnDividend": 0, "OthProvision": 0, "TotShortTermProvisions": 0}, "TotCurrLiabilitiesProvision": 334541}, "TotEquityAndLiabilities": 227117}, "Assets": {"NonCurrAssets": {"FixedAsset": {"Tangible": {"GrossBlock": 8473, "Depreciation": 930, "ImpairmentLosses": 0, "NetBlock": 7543}, "InTangible": {"GrossBlock": 0, "Amortization": 0, "ImpairmentLosses": 0, "NetBlock": 0}, "CapWrkProg": 0, "IntangibleAssetUnDev": 0, "TotFixedAsset": 7543}, "NonCurrInvstmnts": {"InvInProperty": 0, "EquityInstruments": {"ListedEquities": 0, "UnListedEquities": 0, "Total": 0}, "PreferenceShares": 0, "GovtOrTrustSecurities": 0, "DebenturesOrBonds": 0, "MutualFunds": 0, "InvstmntInPrtnrShipFirm": 0, "OtherInvstmnts": 0, "TotNonCurrInvstmnts": 0}, "NetDeferredTaxAssets": 0, "LongTrmLoanAdv": {"CapitalAdv": 0, "SecurityDeposits": 0, "LoanAdvRelatedParties": 0, "OthLoanAdv": 0, "TotLTLoanAdv": 0, "LTLoanAdvDtls": {"BusOrProf": 0, "NotForBusOrProf": 0, "ShareHolderUs2_22": 0}}, "OthNonCurrAssets": {"LTTradeReceivables": {"Secured": 0, "Unsecured": 0, "Doubtful": 0, "TotOthNonCurrAssets": 0}, "Others": 0, "Total": 0, "NonCurrAssetUs2_22": 0}, "TotNonCurrAssets": 7543}, "CurrentAssets": {"CurrInvstmnts": {"EquityInstruments": {"ListedEquities": 0, "UnListedEquities": 0, "Total": 0}, "PreferenceShares": 0, "GovtOrTrustSecurities": 0, "DebenturesOrBonds": 0, "MutualFunds": 0, "InvstmntInPrtnrShipFirm": 0, "OtherInvstmnts": 0, "TotCurrInvstmnts": 0}, "Inventories": {"RawMatl": 0, "WorkInProgress": 0, "FinOrTradGood": 0, "StkInTrade": 0, "StoresConsumables": 0, "LooseTools": 0, "Others": 0, "TotInventries": 0}, "TradeReceivables": {"OSMoreThanSixMonths": 0, "Others": 0, "TotalTradeReceivables": 0}, "CashNCashEquivalents": {"BalWithBanks": 14690, "ChequesDrafts": 0, "CashInHand": 36032, "Others": 0, "TotCashNCashEquivalents": 50722}, "TotShortTermLoanAdv": {"LoanAdv": 0, "Others": 0, "TotShrtTermLoans": 0, "STLoanAdvDtls": {"BusOrProf": 0, "NotForBusOrProf": 0, "ShareHolderUs2_22": 0}}, "OtherCurrAssets": 168852, "TotCurrAssets": 219574}}, "TotalAssets": 227117}, "PARTA_BSIndAS": {"EquityAndLiablities": {"Equity": {"EquityShareCapital": {"Authorised": 0, "IssuedSubsPaidUp": 0, "SubscribedNotFullyPaid": 0, "TotShareCapital": 0}, "OtherEquityReserv": {"CapRedempResr": 0, "DebunRedResr": 0, "ShareOptOSAmount": 0, "OthersTotal": 0, "TotalOtherResrv": 0, "RetainedEarngs": 0, "TotResrNRetEar": 0, "TotalEquity": 0}}, "Liabilities": {"NonCurrLiabilities": {"FinancialLiabilities": {"BondsDebentures": {"ForeignCurrency": 0, "Rupee": 0, "Total": 0}, "TermLoans": {"ForeignCurrency": 0, "RupeeLoans": {"FromBanks": 0, "FromOthers": 0, "Total": 0}, "TotalTermLoans": 0}, "DeferredPymtLiabilities": 0, "Deposits": 0, "LoansReltdParties": 0, "LongTermMaturities": 0, "LiabilityComp": 0, "OtherLoans": 0, "TotalLTBorrowings": 0, "TradePayables": 0, "OtherFinancialLiab": 0}, "Provisions": {"ProvEmpBenefits": 0, "OthersTotal": 0, "TotalProvisions": 0}, "DefrdTaxCurrLiabilites": 0, "OtherNonCurLiabilites": {"Advances": 0, "OthersTotal": 0, "TotalOthNonCurrLiab": 0}, "TotalNonCurrLiab": 0}, "CurrentLiabilities": {"FinancialLiabBorrowings": {"LoansRepaybleOnDemand": {"FromBanks": 0, "FrmOtherParties": 0, "TotLoansRepaybleOnDemand": 0}, "LoansFrmRelatedParties": 0, "Deposits": 0, "OthersTotal": 0, "TotalBorrowings": 0, "TradePayables": 0}, "OthFinancialLiabilities": {"CurrMatOnLTDebt": 0, "CurrMatFinanceOblg": 0, "AccrInterest": 0, "UnpaidDividend": 0, "AppMonyRecvdAllotSecurities": 0, "UnpaidMatDeposits": 0, "UnpaidMatureDebenture": 0, "OthersTotal": 0, "TotOthFinancialLiab": 0}, "TottalFinancialLiab": 0, "OtherCuurLiabilities": {"RevenueRecvdAdvance": 0, "OthersAdvTotal": 0, "OthersTotal": 0, "TotalOthCurrLiab": 0}, "Provosions": {"ProvosionEmpBenft": 0, "OthersTotal": 0, "TotalProvosions": 0}, "CurrTaxLiabilities": 0, "TotalCurrentLiab": 0, "TotalEquityLiab": 0}}}, "Assets": {"NonCurrAssets": {"PropertyPlantEquip": {"GrossBlock": 0, "Depreciation": 0, "ImpairmentLosses": 0, "NetBlock": 0, "CapWrkProg": 0, "InvstPropGrossBlock": 0, "InvstPropDepreciation": 0, "InvstPropImprLosses": 0, "InvstPropNetBlock": 0, "GoodWlGrossBlock": 0, "GoodWlImprLosses": 0, "GoodWlNetBlock": 0, "OthIntAstGrossBlock": 0, "OthIntAstAmortisation": 0, "OthIntAstImprLosses": 0, "OthIntAstNetBlock": 0, "IntAstUndrDevlpmnt": 0, "BioAstGrossBlock": 0, "BioAstImprLosses": 0, "BioAstNetBlock": 0, "FinancialAssets": {"Investments": {"ListedEquities": 0, "UnListedEquities": 0, "Total": 0, "InvstPrfShares": 0, "InvstGovtTrust": 0, "InvstInDebenture": 0, "InvstInMutualFunds": 0, "InvstInPartnershpFirm": 0, "OthersTotal": 0, "TotalNonCurrentInvst": 0}, "TradeReceivables": {"SecuredConsGoods": 0, "UnSecuredConsGoods": 0, "Doubtful": 0, "TotalTradeReceivbls": 0}, "Loans": {"SecurityDepsts": 0, "LoansRltdParties": 0, "OthersTotal": 0, "TotalLoans": 0, "LoansBPPurpose": 0, "LoansNotBPPurpose": 0, "LoansToShrHolders": 0}, "OtherFinacialAssets": {"BankDeposits": 0, "OtherDeposits": 0, "TotalOthFinancialAsst": 0, "DefrdTaxAsst": 0}, "OtherNonCurrentAssets": {"CapitalAdvanc": 0, "AdvancOthCapital": 0, "OthersTotal": 0, "TotalNonCurrAsst": 0, "NonCurrAsstDueShrHldr": 0}, "TotalNonCurrntAsst": 0}}}, "CurrentAssets": {"Inventories": {"RawMaterials": 0, "WorkInProgress": 0, "FinishedGoods": 0, "StockInTrade": 0, "StoresSpares": 0, "LooseTools": 0, "Others": 0, "TotalInventories": 0}, "FinancialAssets": {"Investments": {"ListedEquities": 0, "UnListedEquities": 0, "Total": 0, "InvstPrfShares": 0, "InvstGovtTrust": 0, "InvstInDebenture": 0, "InvstInMutualFunds": 0, "InvstInPartnershpFirm": 0, "OtherInvestment": 0, "TotalCurrentInvst": 0}, "TradeReceivables": {"SecuredConsGoods": 0, "UnSecuredConsGoods": 0, "Doubtful": 0, "TotalTradeReceivbls": 0}, "CashEquivalents": {"BalancesWithBanks": 0, "ChequeDraftsInHand": 0, "CashOnHand": 0, "OthersTotal": 0, "TotalCashEquivalents": 0, "BankBalanceOther": 0}, "Loans": {"SecurityDepsts": 0, "LoansRltdParties": 0, "OthersTotal": 0, "TotalLoans": 0, "LoansBPPurpose": 0, "LoansNotBPPurpose": 0, "LoansToShrHolders": 0}, "OtherFinancialAsst": 0, "TotalFinancialAsst": 0, "CurrentTaxAsst": 0, "OtherCurrentAssets": {"AdvancOthCapital": 0, "OthersTotal": 0, "TotalOthCurrentAsst": 0, "TotalCurrAsst": 0}}}}, "TotalAssets": 0}, "ManufacturingAccount": {"OpeningInventory": {"OpngStckRawMat": 0, "OpngStckWrkinPrgrs": 0, "OpngInvntryTotal": 0, "Purchases": 0, "DirectWages": 0, "DirectExpenses": 0, "CarriageInward": 0, "PowerAndFuel": 0, "OthDirectExpenses": 0, "IndirectWages": 0, "FactoryRentAndRates": 0, "FactoryInsurance": 0, "FactoryFuelAndPower": 0, "FactoryGeneralExpenses": 0, "DeprctnOfFactoryMachinery": 0, "TotalFactoryOverheads": 0, "TotalDebtsManfctrngAcc": 0}, "ClosingStock": {"ClsngStckRawMaterial": 0, "ClsngStckWrkInPrgrs": 0, "ClsngStckTotal": 0}, "CostOfGoodsPrdcd": 0}, "TradingAccount": {"SaleOfGoods": 2233030, "SaleOfServices": 0, "OperatingRevenueTotal": 0, "SalesGrossReceiptsTotal": 2233030, "GrossRcptFromProfession": 0, "ExciseCustomsVAT": {"UnionExciseDuty": 0, "ServiceTax": 0, "VATorSaleTax": 0, "CentralGoodServiceTax": 0, "StateGoodServiceTax": 0, "IntegratedGoodServiceTax": 0, "UnionTerrGoodServiceTax": 0, "OthDutyTaxCess": 0, "TotExciseCustomsVAT": 0}, "TotRevenueFrmOperations": 2233030, "ClsngStckOfFinishedStcks": 0, "TardingAccTotCred": 2233030, "OpngStckOfFinishedStcks": 0, "Purchases": 1337935, "DirectExpenses": 0, "CarriageInward": 0, "PowerAndFuel": 0, "TotOthDirectExpenses": 0, "DutyTaxPay": {"ExciseCustomsVAT": {"CustomDuty": 0, "CounterVailDuty": 0, "SplAddDuty": 0, "UnionExciseDuty": 0, "ServiceTax": 0, "VATorSaleTax": 0, "CentralGoodServiceTax": 0, "StateGoodServiceTax": 0, "IntegratedGoodServiceTax": 0, "UnionTerrGoodServiceTax": 0, "OthDutyTaxCess": 0, "TotExciseCustomsVAT": 0}}, "GoodsCostPrdcdFrmMA": 0, "GrossProfitFrmBusProf": 895095, "IntradayTradingTurnOver": 0, "IntradayTradingIncome": 0}, "PARTA_PL": {"CreditsToPL": {"GrossProfitTrnsfFrmTrdAcc": 895095, "OthIncome": {"RentInc": 0, "Comissions": 0, "Dividends": 0, "InterestInc": 0, "ProfitOnSaleFixedAsset": 0, "ProfitOnInvChrSTT": 0, "ProfitOnOthInv": 0, "ProfitOnCurrFluct": 0, "ProfitOnCnvInvntryToCapAsst": 0, "ProfitOnAgriIncome": 0, "MiscOthIncome": 0, "TotOthIncome": 0}, "TotCreditsToPL": 895095}, "DebitsToPL": {"DebitPlAcnt": {"Freight": 0, "ConsumptionOfStores": 0, "PowerFuel": 0, "RentExpdr": 0, "RepairsBldg": 0, "RepairMach": 0, "EmployeeComp": {"SalsWages": 83400, "Bonus": 0, "MedExpReimb": 0, "LeaveEncash": 0, "LeaveTravelBenft": 0, "ContToSuperAnnFund": 0, "ContToPF": 0, "ContToGratFund": 0, "ContToOthFund": 0, "OthEmpBenftExpdr": 0, "TotEmployeeComp": 83400, "AnyCompPaidToNonRes": "N", "AmtPaidToNonRes": 0}, "Insurances": {"MedInsur": 0, "LifeInsur": 0, "KeyManInsur": 0, "OthInsur": 0, "TotInsurances": 0}, "StaffWelfareExp": 0, "Entertainment": 0, "Hospitality": 0, "Conference": 0, "SalePromoExp": 0, "Advertisement": 0, "CommissionExpdrDtls": {"NonResOtherCompany": 0, "Others": 0, "Total": 0}, "RoyalityDtls": {"NonResOtherCompany": 0, "Others": 0, "Total": 0}, "ProfessionalConstDtls": {"NonResOtherCompany": 0, "Others": 0, "Total": 0}, "HotelBoardLodge": 0, "TravelExp": 0, "ForeignTravelExp": 0, "ConveyanceExp": 5740, "TelephoneExp": 4560, "GuestHouseExp": 0, "ClubExp": 0, "FestivalCelebExp": 0, "Scholarship": 0, "Gift": 0, "Donation": 0, "RatesTaxesPays": {"ExciseCustomsVAT": {"UnionExciseDuty": 0, "ServiceTax": 0, "VATorSaleTax": 0, "Cess": 0, "CentralGoodServiceTax": 0, "StateGoodServiceTax": 0, "IntegratedGoodServiceTax": 0, "UnionTerrGoodServiceTax": 0, "OthDutyTaxCess": 0, "TotExciseCustomsVAT": 0}}, "AuditFee": 5900, "OtherExpensesDtls": [{"ExpenseNature": "Advertisement Expenses", "Amount": 3360}, {"ExpenseNature": "Bank charges", "Amount": 585}, {"ExpenseNature": "Commission & Brokerage Charges", "Amount": 829263}, {"ExpenseNature": "Courier Charges", "Amount": 142516}, {"ExpenseNature": "Office Expenses", "Amount": 4320}, {"ExpenseNature": "Printing & Stationary Expenses", "Amount": 2488}, {"ExpenseNature": "Professional Charges", "Amount": 20000}, {"ExpenseNature": "Short & Excess", "Amount": -544}], "OtherExpenses": 1001988, "BadDebtDtls": {"BadDebtAmtDtlsTotal": 0, "OthersPANNotAvlblDtlTotal": 0, "OthersAmtLt1Lakh": 0, "BadDebt": 0}, "ProvForBadDoubtDebt": 0, "OthProvisionsExpdr": 0, "PBIDTA": -206493, "InterestExpdrtDtls": {"NonResOtherCompany": 0, "Others": 0, "InterestExpdr": 0}, "DepreciationAmort": 931, "PBT": -207424}, "TaxProvAppr": {"ProvForCurrTax": 0, "ProvDefTax": 198, "ProfitAfterTax": -207622, "BalBFPrevYr": 0, "AmtAvlAppr": -207622, "Appropriations": {"TrfToReserves": 0, "ProposedDividend": 0, "TaxOnDividend": 0, "AppropriationsCSR": 0, "AnyOtherAppr": 0, "TotAppropriations": 0}, "PartnerAccBalTrf": -207622}}, "TotalNumOfMonths": 0, "TotalPrsumptvIncUs44EGoods": 0, "TotalPrsumptvIncUs44E": 0, "NoBooksOfAccPL": {"GrossReceipt": 0, "NetProfit": 0}}, "ManufacturingAccountIndAS": {"OpeningInventory": {"OpngStckRawMat": 0, "OpngStckWrkinPrgrs": 0, "OpngInvntryTotal": 0, "Purchases": 0, "DirectWages": 0, "DirectExpenses": 0, "CarriageInward": 0, "PowerAndFuel": 0, "OthDirectExpenses": 0, "IndirectWages": 0, "FactoryRentAndRates": 0, "FactoryInsurance": 0, "FactoryFuelAndPower": 0, "FactoryGeneralExpenses": 0, "DeprctnOfFactoryMachinery": 0, "TotalFactoryOverheads": 0, "TotalDebtsManfctrngAcc": 0}, "ClosingStock": {"ClsngStckRawMaterial": 0, "ClsngStckWrkInPrgrs": 0, "ClsngStckTotal": 0}, "CostOfGoodsPrdcd": 0}, "TradingAccountIndAS": {"SaleOfGoods": 0, "SaleOfServices": 0, "OperatingRevenueTotal": 0, "SalesGrossReceiptsTotal": 0, "GrossRcptFromProfession": 0, "ExciseCustomsVAT": {"UnionExciseDuty": 0, "ServiceTax": 0, "VATorSaleTax": 0, "CentralGoodServiceTax": 0, "StateGoodServiceTax": 0, "IntegratedGoodServiceTax": 0, "UnionTerrGoodServiceTax": 0, "OthDutyTaxCess": 0, "TotExciseCustomsVAT": 0}, "TotRevenueFrmOperations": 0, "ClsngStckOfFinishedStcks": 0, "TardingAccTotCred": 0, "OpngStckOfFinishedStcks": 0, "Purchases": 0, "DirectExpenses": 0, "CarriageInward": 0, "PowerAndFuel": 0, "TotOthDirectExpenses": 0, "DutyTaxPay": {"ExciseCustomsVAT": {"CustomDuty": 0, "CounterVailDuty": 0, "SplAddDuty": 0, "UnionExciseDuty": 0, "ServiceTax": 0, "VATorSaleTax": 0, "CentralGoodServiceTax": 0, "StateGoodServiceTax": 0, "IntegratedGoodServiceTax": 0, "UnionTerrGoodServiceTax": 0, "OthDutyTaxCess": 0, "TotExciseCustomsVAT": 0}}, "GoodsCostPrdcdFrmMA": 0, "GrossProfitFrmBusProf": 0, "IntradayTradingTurnOver": 0, "IntradayTradingIncome": 0}, "PARTA_PLIndAS": {"CreditsToPL": {"GrossProfitTrnsfFrmTrdAcc": 0, "OthIncome": {"RentInc": 0, "Comissions": 0, "Dividends": 0, "InterestInc": 0, "ProfitOnSaleFixedAsset": 0, "ProfitOnInvChrSTT": 0, "ProfitOnOthInv": 0, "ProfitOnCurrFluct": 0, "ProfitOnCnvInvntryToCapAsst": 0, "ProfitOnAgriIncome": 0, "MiscOthIncome": 0, "TotOthIncome": 0}, "TotCreditsToPL": 0}, "DebitsToPL": {"DebitPlAcnt": {"Freight": 0, "ConsumptionOfStores": 0, "PowerFuel": 0, "RentExpdr": 0, "RepairsBldg": 0, "RepairMach": 0, "EmployeeComp": {"SalsWages": 0, "Bonus": 0, "MedExpReimb": 0, "LeaveEncash": 0, "LeaveTravelBenft": 0, "ContToSuperAnnFund": 0, "ContToPF": 0, "ContToGratFund": 0, "ContToOthFund": 0, "OthEmpBenftExpdr": 0, "TotEmployeeComp": 0, "AnyCompPaidToNonRes": "N", "AmtPaidToNonRes": 0}, "Insurances": {"MedInsur": 0, "LifeInsur": 0, "KeyManInsur": 0, "OthInsur": 0, "TotInsurances": 0}, "StaffWelfareExp": 0, "Entertainment": 0, "Hospitality": 0, "Conference": 0, "SalePromoExp": 0, "Advertisement": 0, "CommissionExpdrDtls": {"NonResOtherCompany": 0, "Others": 0, "Total": 0}, "RoyalityDtls": {"NonResOtherCompany": 0, "Others": 0, "Total": 0}, "ProfessionalConstDtls": {"NonResOtherCompany": 0, "Others": 0, "Total": 0}, "HotelBoardLodge": 0, "TravelExp": 0, "ForeignTravelExp": 0, "ConveyanceExp": 0, "TelephoneExp": 0, "GuestHouseExp": 0, "ClubExp": 0, "FestivalCelebExp": 0, "Scholarship": 0, "Gift": 0, "Donation": 0, "RatesTaxesPays": {"ExciseCustomsVAT": {"UnionExciseDuty": 0, "ServiceTax": 0, "VATorSaleTax": 0, "Cess": 0, "CentralGoodServiceTax": 0, "StateGoodServiceTax": 0, "IntegratedGoodServiceTax": 0, "UnionTerrGoodServiceTax": 0, "OthDutyTaxCess": 0, "TotExciseCustomsVAT": 0}}, "AuditFee": 0, "OtherExpenses": 0, "BadDebtDtls": {"BadDebtAmtDtlsTotal": 0, "OthersPANNotAvlblDtlTotal": 0, "OthersAmtLt1Lakh": 0, "BadDebt": 0}, "ProvForBadDoubtDebt": 0, "OthProvisionsExpdr": 0, "PBIDTA": 0, "InterestExpdrtDtls": {"NonResOtherCompany": 0, "Others": 0, "InterestExpdr": 0}, "DepreciationAmort": 0, "PBT": 0}, "TaxProvAppr": {"ProvForCurrTax": 0, "ProvDefTax": 0, "ProfitAfterTax": 0, "BalBFPrevYr": 0, "AmtAvlAppr": 0, "Appropriations": {"TrfToReserves": 0, "ProposedDividend": 0, "TaxOnDividend": 0, "AppropriationsCSR": 0, "AnyOtherAppr": 0, "TotAppropriations": 0}, "PartnerAccBalTrf": 0}}, "OtherComprnsvInc": {"ItemsNotReclsfdPnL": {"ChangesInSurplus": 0, "ReMesDefinedBenftPlans": 0, "EquityOCI": 0, "FairValFVTPl": 0, "ShareOfOtherComprInc": 0, "OthersTotal": 0, "IncomeTaxNotPnL": 0, "TotalNotPnL": 0}, "ItemsReclsfdPnL": {"ExchangeDiff": 0, "DebtsOCI": 0, "EffecPortionGainnLoss": 0, "ShareOCI": 0, "OthersTotal": 0, "IncomeTaxReclsPnL": 0, "TotalPnL": 0}, "TotalComprIncome": 0}}, "PARTA_OI": {"MethodOfAcct": "MERC", "ChangeInAcctMethFlg": "N", "ProfDeviatDueAcctMeth": 0, "DecProOrIncLossUs145_2": 0, "NoCredToPLAmt": {"Section28Items": 0, "ProformaCreditsDue": 0, "PrevYrEscalClaim": 0, "OthItemInc": 0, "CapReceipt": 0, "TotNoCredToPLAmt": 0}, "AmtDisallUs36": {"StkInsurPrem": 0, "EmpHealthInsurPrem": 0, "EmpBonusCommSum": 0, "IntOnBorrCap": 0, "ZeroCoupBondDisc": 0, "RecogPFContribAmt": 0, "AppSuperAnnFundAmt": 0, "PensionSchemeSec80CCD": 0, "AppGratFundAmt": 0, "OthFundAmt": 0, "EmpContributionCredits": 0, "BadDebtDoubtAmt": 0, "BadDebtDoubtProvn": 0, "SpecResrvTranfr": 0, "FamPlanPromoExp": 0, "SecuritiesPaidAmt": 0, "MrktLossOthExpLossICDS": 0, "AnyOthDisallowance": 0, "TotAmtDisallUs36": 0}, "AmtDisallUs37": {"CapitalNatureExp": 0, "PersonalExp": 0, "BusOrProfessnExp": 0, "PoliticPartyExp": 0, "LawVoilatPenalExp": 0, "OthPenalFineExp": 0, "OffenceExp": 0, "SocialRespCSR": 0, "ContigentLiability": 0, "OthAmtNotAllowUs37": 0, "TotAmtDisallUs37": 0}, "AmtDisallUs40": {"NonCompChapXVIIBAmt": 0, "NonComp40aiaChapXVIIBAmt": 0, "NonComp40aibChapXVIIBAmt": 0, "NonComp40aiiiChapXVIIBAmt": 0, "TaxAmtOnProfits": 0, "WTAmt": 0, "RolyatyOrServiceFee": 0, "IntSalBonPartner": 0, "AnyOthDisallowance": 0, "TotAmtDisallUs40": 0, "AnyAmtOfSec40AllowPrevYr": 0}, "AmtDisallUs40A": {"AmtPaidUs40A2b": 0, "AmtGT20kCash": 0, "ProvPmtGrat": 0, "ContToSetupTrust": 0, "AnyOthDisallowance": 0, "TotAmtDisallUs40A": 0}, "AmtDisallUs43BPyNowAll": {"AmtUs43B": {"TaxDutyCesAmt": 0, "ContToEmpPFSFGF": 0, "EmpBonusComm": 0, "IntPayaleToFI": 0, "SumPayaleLoanBrToFinComp": 0, "IntPayaleToFISchBank": 0, "LeaveEncashPayable": 0, "RailwayAsstsPyble": 0, "TotAmtUs43b": 0}}, "AmtDisall43B": {"AmtUs43B": {"TaxDutyCesAmt": 0, "ContToEmpPFSFGF": 0, "EmpBonusComm": 0, "IntPayaleToFI": 0, "SumPayaleLoanBrToFinComp": 0, "IntPayaleToFISchBank": 0, "LeaveEncashPayable": 0, "RailwayAsstsPyble": 0, "TotAmtUs43b": 0}}, "AmtExciseCustomsVATOutstanding": {"ExciseCustomsVAT": {"UnionExciseDuty": 0, "ServiceTax": 0, "VATorSaleTax": 0, "CentralGoodServiceTax": 0, "StateGoodServiceTax": 0, "IntegratedGoodServiceTax": 0, "UnionTerrGoodServiceTax": 0, "OthDutyTaxCess": 0, "TotExciseCustomsVAT": 0}}, "DeemedProfUs33ABs": 0, "DeemedProfUs33AB": 0, "DeemedProfUs33ABA": 0, "DeemedProfUs33AC": 0, "ProfTaxAmtUs41": 0, "PriorAmtIncCrDrPL": 0, "AmountOfExpDisAllwUs14A": 0, "ScheduleTPSAFlg": "N"}, "CorpScheduleBP": {"BusinessIncOthThanSpec": {"ProfBfrTaxPL": -207424, "NetPLFromSpecBus": 0, "NetProfLossSpecifiedBus": 0, "IncRecCredPLOthHeadDtls": {"HouseProperty": 0, "CapitalGains": 0, "OtherSources": 0, "Dividend": 0, "OtherThanDividend": 0, "UnderSec115BBF": 0, "UnderSec115BBG": 0}, "PLUs44sChapXIIGOthrUs115B": 0, "ProfitLossInclRefrdSec": {"ProfitLossUs44AE": 0, "ProfitLossUs44B": 0, "ProfitLossUs44BB": 0, "ProfitLossUs44BBA": 0, "ProfitLossUs44BBB": 0, "ProfitLossUs44D": 0, "ProfitLossUs44DA": 0, "ProfitChapterXIIG": 0, "FirstSchITActOthr115B": 0}, "PLUs44sChapXIIGUs115B": 0, "TotalProfitFrmActCvrd": 0, "ProfitFrmActCvrd": {"ProfitFrmActCvrdUndrRule7": 0, "ProfitFrmActCvrdUndrRule7A": 0, "ProfitFrmActCvrdUndrRule7B1": 0, "ProfitFrmActCvrdUndrRule7B1A": 0, "ProfitFrmActCvrdUndrRule8": 0}, "IncCredPL": {"FirmShareInc": 0, "AOPBOISharInc": 0, "OthExempInc": 0, "TotExempInc": 0}, "BalancePLOthThanSpecBus": -207424, "ExpDebToPLOthHeadDtls": {"HouseProperty": 0, "CapitalGains": 0, "OtherSources": 0, "Dividend": 0, "OtherThanDividend": 0, "UnderSec115BBF": 0, "UnderSec115BBG": 0}, "ExpDebToPLExemptInc": 0, "TotExpDebPL": 0, "AdjustedPLOthThanSpecBus": -207424, "DepreciationDebPLCosAct": 931, "DepreciationAllowITAct32": {"DepreciationAllowUs32_1_ii": 1695, "DepreciationAllowUs32_1_i": 0, "TotDeprAllowITAct": 1695}, "AdjustPLAfterDeprOthSpecInc": -208188, "AmtDebPLDisallowUs36": 0, "AmtDebPLDisallowUs37": 0, "AmtDebPLDisallowUs40": 0, "AmtDebPLDisallowUs40A": 0, "AmtDebPLDisallowUs43B": 0, "InterestDisAllowUs23SMEAct": 0, "DeemIncUs41": 0, "DeemIncUs3380HHD80IA": 0, "DeemIncUs32AC": 0, "DeemIncUs32AD": 0, "DeemIncUs35ABA": 0, "DeemIncUs35ABB": 0, "DeemIncUs35AC": 0, "DeemIncUs40A3A": 0, "DeemIncUs33AC": 0, "DeemIncUs72A": 0, "DeemIncUs80HHD": 0, "DeemIncUs80IA": 0, "DeemIncUs43CA": 0, "OthItemDisallowUs28To44DA": 0, "AnyOthIncNotInclInExpDisallowPL": 0, "SalaryExpDisallowPL": 0, "BonusExpDisallowPL": 0, "CommissionExpDisallowPL": 0, "InterestExpDisallowPL": 0, "OthersExpDisallowPL": 0, "IncProfDecLossAccICDSAdj": 0, "TotAfterAddToPLDeprOthSpecInc": 0, "DeductUs32_1_iii": 0, "DeductUs32AD": 0, "Amt32AC": 0, "DebPLUs35ExcessAmt": 0, "AmtDisallUs40NowAllow": 0, "AmtDisallUs43BNowAllow": 0, "AnyOthAmtAllDeduct": 0, "DecProfIncLossAccICDSAdj": 0, "TotDeductionAmts": 0, "PLAftAdjDedBusOthThanSpec": -208188, "DeemedProfitBusUs": {"Section44AE": 0, "Section44B": 0, "Section44BB": 0, "Section44BBA": 0, "Section44BBB": 0, "Section44D": 0, "Section44DA": 0, "ChapterXIIG": 0, "FirstSchTActOther": 0, "TotDeemedProfitBusUs": 0}, "NetPLAftAdjBusOthThanSpec": -208188, "NetPLBusOthThanSpec7A7B7C": -208188, "ChrgblIncUndrRule7": 0, "DeemedChrgblIncUndrRule7A": 0, "DeemedChrgblIncUndrRule7B1": 0, "DeemedChrgblIncUndrRule7B1A": 0, "DeemedChrgblIncUndrRule8": 0, "IncomeOtherThanRule": -208188, "BalIncDeemedFrmAgri": 0}, "SpecBusinessInc": {"NetPLFrmSpecBus": 0, "AdditionUs28to44DA": 0, "DeductUs28to44DA": 0, "AdjustedPLFrmSpecuBus": 0}, "IncSpecifiedBusiness": {"NetPLFrmSpecifiedBus": 0, "AddSec28to44DA": 0, "DedSec28to44DAOTDedSec35AD": 0, "ProfitLossSpecifiedBusiness": 0, "DedSec35AD1": 0, "ProfitLossSpecifiedBusFinal": 0}, "IncChrgUnHdProftGain": -208188, "BusSetoffCurrYr": {"LossSetOffOnBusLoss": 208188, "SpeculativeInc": {"IncOfCurYrUnderThatHead": 0, "BusLossSetoff": 0, "IncOfCurYrAfterSetOff": 0}, "SpecifiedInc": {"IncOfCurYrUnderThatHead": 0, "BusLossSetoff": 0, "IncOfCurYrAfterSetOff": 0}, "ProfGainUs115B": {"IncOfCurYrUnderThatHead": 0, "BusLossSetoff": 0, "IncOfCurYrAfterSetOff": 0}, "TotLossSetOffOnBus": 0, "LossRemainSetOffOnBus": 208188}}, "ScheduleDPM": {"PlantMachinery": {"Rate40": {"DepreciationDetail": {"WDVFirstDay": 0, "AdditionsGrThan180Days": 0, "RealizationTotalPeriod": 0, "FullRateDeprAmt": 0, "AdditionsLessThan180Days": 8474, "RealizationPeriodDuringYear": 0, "HalfRateDeprAmt": 8474, "DepreciationAtFullRate": 0, "DepreciationAtHalfRate": 1695, "AddlnDeprOnGT180DayAdditions": 0, "AddlnDeprDuringYearAdditions": 0, "AddlnDeprOnLessThan180DayAdditions": 0, "TotalDepreciation": 1695, "DepDisAllowUs38_2": 0, "NetAggregateDepreciation": 1695, "ProportionateAggDepreciation": 0, "ExpdrOnTrforSaleAsset": 0, "CapGainUs50": 0, "WDVLastDay": 6779}}}}, "ScheduleDOA": {"Land": {"DepreciationDetail": {"WDVFirstDay": 0, "WDVLastDay": 0}}, "Building": {"Rate5": {"DepreciationDetail": {"WDVFirstDay": 0, "AdditionsGrThan180Days": 0, "RealizationTotalPeriod": 0, "FullRateDeprAmt": 0, "AdditionsLessThan180Days": 0, "RealizationPeriodDuringYear": 0, "HalfRateDeprAmt": 0, "DepreciationAtFullRate": 0, "DepreciationAtHalfRate": 0, "TotalDepreciation": 0, "DepDisAllowUs38_2": 0, "NetAggregateDepreciation": 0, "ProportionateAggDepreciation": 0, "ExpdrOnTrforSaleAsset": 0, "CapGainUs50": 0, "WDVLastDay": 0}}, "Rate10": {"DepreciationDetail": {"WDVFirstDay": 0, "AdditionsGrThan180Days": 0, "RealizationTotalPeriod": 0, "FullRateDeprAmt": 0, "AdditionsLessThan180Days": 0, "RealizationPeriodDuringYear": 0, "HalfRateDeprAmt": 0, "DepreciationAtFullRate": 0, "DepreciationAtHalfRate": 0, "TotalDepreciation": 0, "DepDisAllowUs38_2": 0, "NetAggregateDepreciation": 0, "ProportionateAggDepreciation": 0, "ExpdrOnTrforSaleAsset": 0, "CapGainUs50": 0, "WDVLastDay": 0}}, "Rate40": {"DepreciationDetail": {"WDVFirstDay": 0, "AdditionsGrThan180Days": 0, "RealizationTotalPeriod": 0, "FullRateDeprAmt": 0, "AdditionsLessThan180Days": 0, "RealizationPeriodDuringYear": 0, "HalfRateDeprAmt": 0, "DepreciationAtFullRate": 0, "DepreciationAtHalfRate": 0, "TotalDepreciation": 0, "DepDisAllowUs38_2": 0, "NetAggregateDepreciation": 0, "ProportionateAggDepreciation": 0, "ExpdrOnTrforSaleAsset": 0, "CapGainUs50": 0, "WDVLastDay": 0}}}, "FurnitureFittings": {"Rate10": {"DepreciationDetail": {"WDVFirstDay": 0, "AdditionsGrThan180Days": 0, "RealizationTotalPeriod": 0, "FullRateDeprAmt": 0, "AdditionsLessThan180Days": 0, "RealizationPeriodDuringYear": 0, "HalfRateDeprAmt": 0, "DepreciationAtFullRate": 0, "DepreciationAtHalfRate": 0, "TotalDepreciation": 0, "DepDisAllowUs38_2": 0, "NetAggregateDepreciation": 0, "ProportionateAggDepreciation": 0, "ExpdrOnTrforSaleAsset": 0, "CapGainUs50": 0, "WDVLastDay": 0}}}, "IntangibleAssets": {"Rate25": {"DepreciationDetail": {"WDVFirstDay": 0, "AdditionsGrThan180Days": 0, "RealizationTotalPeriod": 0, "FullRateDeprAmt": 0, "AdditionsLessThan180Days": 0, "RealizationPeriodDuringYear": 0, "HalfRateDeprAmt": 0, "DepreciationAtFullRate": 0, "DepreciationAtHalfRate": 0, "TotalDepreciation": 0, "DepDisAllowUs38_2": 0, "NetAggregateDepreciation": 0, "ProportionateAggDepreciation": 0, "ExpdrOnTrforSaleAsset": 0, "CapGainUs50": 0, "WDVLastDay": 0}}}, "Ships": {"Rate20": {"DepreciationDetail": {"WDVFirstDay": 0, "AdditionsGrThan180Days": 0, "RealizationTotalPeriod": 0, "FullRateDeprAmt": 0, "AdditionsLessThan180Days": 0, "RealizationPeriodDuringYear": 0, "HalfRateDeprAmt": 0, "DepreciationAtFullRate": 0, "DepreciationAtHalfRate": 0, "TotalDepreciation": 0, "DepDisAllowUs38_2": 0, "NetAggregateDepreciation": 0, "ProportionateAggDepreciation": 0, "ExpdrOnTrforSaleAsset": 0, "CapGainUs50": 0, "WDVLastDay": 0}}}}, "ScheduleDEP": {"SummaryFromDeprSch": {"PlantMachinerySummary": {"DeprBlockTot15Percent": 0, "DeprBlockTot30Percent": 0, "DeprBlockTot40Percent": 1695, "DeprBlockTot45Percent": 0, "TotPlntMach": 1695}, "BuildingSummary": {"DeprBlockTot5Percent": 0, "DeprBlockTot10Percent": 0, "DeprBlockTot40Percent": 0, "TotBuildng": 0}, "TotalDepreciation": 1695}}, "ScheduleDCG": {"SummaryFromDeprSchCG": {"PlantMachinerySummaryCG": {"DeprBlockTot15Percent": 0, "DeprBlockTot30Percent": 0, "DeprBlockTot40Percent": 0, "DeprBlockTot45Percent": 0, "TotPlntMach": 0}, "BuildingSummaryCG": {"DeprBlockTot5Percent": 0, "DeprBlockTot10Percent": 0, "DeprBlockTot40Percent": 0, "TotBuildng": 0}, "TotalDepreciation": 0}}, "ScheduleESR": {"DeductionUs35": {"Section35_1_i": {"DeductUs35": {"AmtDebPL": 0, "AmtUs35Allowable": 0, "ExcessAmtOverDebPL": 0}}, "Section35_1_ii": {"DeductUs35": {"AmtDebPL": 0, "AmtUs35Allowable": 0, "ExcessAmtOverDebPL": 0}}, "Section35_1_iia": {"DeductUs35": {"AmtDebPL": 0, "AmtUs35Allowable": 0, "ExcessAmtOverDebPL": 0}}, "Section35_1_iii": {"DeductUs35": {"AmtDebPL": 0, "AmtUs35Allowable": 0, "ExcessAmtOverDebPL": 0}}, "Section35_1_iv": {"DeductUs35": {"AmtDebPL": 0, "AmtUs35Allowable": 0, "ExcessAmtOverDebPL": 0}}, "Section35_2AA": {"DeductUs35": {"AmtDebPL": 0, "AmtUs35Allowable": 0, "ExcessAmtOverDebPL": 0}}, "Section35_2AB": {"DeductUs35": {"AmtDebPL": 0, "AmtUs35Allowable": 0, "ExcessAmtOverDebPL": 0}}, "Section35_CCC": {"DeductUs35": {"AmtDebPL": 0, "AmtUs35Allowable": 0, "ExcessAmtOverDebPL": 0}}, "Section35_CCD": {"DeductUs35": {"AmtDebPL": 0, "AmtUs35Allowable": 0, "ExcessAmtOverDebPL": 0}}, "TotUs35": {"DeductUs35": {"AmtDebPL": 0, "AmtUs35Allowable": 0, "ExcessAmtOverDebPL": 0}}}}, "ScheduleCG": {"ShortTermCapGain": {"SaleofLandBuild": {"SaleofLandBuildDtls": [{"FullConsideration": 0, "PropertyValuation": 0, "FullConsideration50C": 0, "AquisitCost": 0, "ImproveCost": 0, "ExpOnTrans": 0, "TotalDedn": 0, "Balance": 0, "ExemptionOrDednUs54": {"ExemptionGrandTotal": 0}, "CapgainonAssets": 0}]}, "SlumpSaleInStcg": {"FullConsideration": 0, "NetWorthOfDivision": 0, "CapgainonAssets": 0}, "NRITransacSec48Dtl": {"NRItaxSTTPaid": 0, "NRItaxSTTNotPaid": 0}, "NRISecur115AD": {"FullValueConsdRecvUnqshr": 0, "FairMrktValueUnqshr": 0, "FullValueConsdSec50CA": 0, "FullValueConsdOthUnqshr": 0, "FullConsideration": 0, "DeductSec48": {"AquisitCost": 0, "ImproveCost": 0, "ExpOnTrans": 0, "TotalDedn": 0}, "BalanceCG": 0, "LossSec94of7Or94of8": 0, "CapgainonAssets": 0}, "SaleOnOtherAssets": {"FullValueConsdRecvUnqshr": 0, "FairMrktValueUnqshr": 0, "FullValueConsdSec50CA": 0, "FullValueConsdOthUnqshr": 0, "FullConsideration": 0, "DeductSec48": {"AquisitCost": 0, "ImproveCost": 0, "ExpOnTrans": 0, "TotalDedn": 0}, "BalanceCG": 0, "LossSec94of7Or94of8": 0, "DeemedSTCGDeprAsset": 0, "ExemptionOrDednUs54": {"ExemptionGrandTotal": 0}, "CapgainonAssets": 0}, "UnutilizedStcgFlag": "X", "TotalAmtDeemedStcg": 0, "PassThrIncNatureSTCG": 0, "PassThrIncNatureSTCG15Per": 0, "PassThrIncNatureSTCG30Per": 0, "PassThrIncNatureSTCGAppRate": 0, "TotalAmtNotTaxUsDTAAStcg": 0, "TotalAmtTaxUsDTAAStcg": 0, "TotalSTCG": 0}, "LongTermCapGain": {"SaleofLandBuild": {"SaleofLandBuildDtls": [{"FullConsideration": 0, "PropertyValuation": 0, "FullConsideration50C": 0, "AquisitCost": 0, "AquisitCostIndex": 0, "ImproveCost": 0, "ExpOnTrans": 0, "TotalDedn": 0, "Balance": 0, "ExemptionOrDednUs54": {"ExemptionGrandTotal": 0}, "CapgainonAssets": 0}]}, "SlumpSaleInLtcg": {"FullConsideration": 0, "NetWorthOfDivision": 0, "SlumpBalance": 0, "DeductionUnderSec54": 0, "CapgainonAssets": 0}, "SaleofBondsDebntr": {"FullConsideration": 0, "DeductSec48": {"AquisitCost": 0, "ImproveCost": 0, "ExpOnTrans": 0, "TotalDedn": 0}, "BalanceCG": 0}, "SaleOfEquityShareUs112A": {"CapgainonAssets": 0}, "NRIProvisoSec48": {"BalanceCG": 0}, "NRISaleOfEquityShareUs112A": {"CapgainonAssets": 0}, "SaleofAssetNA": {"FullValueConsdRecvUnqshr": 0, "FairMrktValueUnqshr": 0, "FullValueConsdSec50CA": 0, "FullValueConsdOthUnqshr": 0, "FullConsideration": 0, "DeductSec48": {"AquisitCost": 0, "ImproveCost": 0, "ExpOnTrans": 0, "TotalDedn": 0}, "BalanceCG": 0, "ExemptionOrDednUs54": {"ExemptionGrandTotal": 0}, "CapgainonAssets": 0}, "TotalAmtDeemedLtcg": 0, "PassThrIncNatureLTCG": 0, "PassThrIncNatureLTCGUs112A": 0, "PassThrIncNatureLTCG10Per": 0, "PassThrIncNatureLTCG20Per": 0, "TotalAmtNotTaxUsDTAALtcg": 0, "TotalAmtTaxUsDTAALtcg": 0, "TotalLTCG": 0}, "IncChargeableHeadCapGain": 0, "DeducClaimInfo": {"TotDeductClaim": 0}, "CurrYrLosses": {"InLossSetOff": {"StclSetoff15Per": 0, "StclSetoff30Per": 0, "StclSetoffAppRate": 0, "StclSetoffDTAARate": 0, "LtclSetOff10Per": 0, "LtclSetOff20Per": 0, "LtclSetOffDTAARate": 0}, "InStcg15Per": {"CurrYearIncome": 0, "StclSetoff30Per": 0, "StclSetoffAppRate": 0, "StclSetoffDTAARate": 0, "CurrYrCapGain": 0}, "InStcg30Per": {"CurrYearIncome": 0, "StclSetoff15Per": 0, "StclSetoffAppRate": 0, "StclSetoffDTAARate": 0, "CurrYrCapGain": 0}, "InStcgAppRate": {"CurrYearIncome": 0, "StclSetoff15Per": 0, "StclSetoff30Per": 0, "StclSetoffDTAARate": 0, "CurrYrCapGain": 0}, "InStcgDTAARate": {"CurrYearIncome": 0, "StclSetoff15Per": 0, "StclSetoff30Per": 0, "StclSetoffAppRate": 0, "CurrYrCapGain": 0}, "InLtcg10Per": {"CurrYearIncome": 0, "StclSetoff15Per": 0, "StclSetoff30Per": 0, "StclSetoffAppRate": 0, "StclSetoffDTAARate": 0, "LtclSetOff20Per": 0, "LtclSetOffDTAARate": 0, "CurrYrCapGain": 0}, "InLtcg20Per": {"CurrYearIncome": 0, "StclSetoff15Per": 0, "StclSetoff30Per": 0, "StclSetoffAppRate": 0, "StclSetoffDTAARate": 0, "LtclSetOff10Per": 0, "LtclSetOffDTAARate": 0, "CurrYrCapGain": 0}, "InLtcgDTAARate": {"CurrYearIncome": 0, "StclSetoff15Per": 0, "StclSetoff30Per": 0, "StclSetoffAppRate": 0, "StclSetoffDTAARate": 0, "LtclSetOff10Per": 0, "LtclSetOff20Per": 0, "CurrYrCapGain": 0}, "TotLossSetOff": {"StclSetoff15Per": 0, "StclSetoff30Per": 0, "StclSetoffAppRate": 0, "StclSetoffDTAARate": 0, "LtclSetOff10Per": 0, "LtclSetOff20Per": 0, "LtclSetOffDTAARate": 0}, "LossRemainSetOff": {"StclSetoff15Per": 0, "StclSetoff30Per": 0, "StclSetoffAppRate": 0, "StclSetoffDTAARate": 0, "LtclSetOff10Per": 0, "LtclSetOff20Per": 0, "LtclSetOffDTAARate": 0}}, "AccruOrRecOfCG": {"ShortTermUnder15Per": {"DateRange": {"Upto15Of6": 0, "Up16Of6To15Of9": 0, "Up16Of9To15Of12": 0, "Up16Of12To15Of3": 0, "Up16Of3To31Of3": 0}}, "ShortTermUnder30Per": {"DateRange": {"Upto15Of6": 0, "Up16Of6To15Of9": 0, "Up16Of9To15Of12": 0, "Up16Of12To15Of3": 0, "Up16Of3To31Of3": 0}}, "ShortTermUnderAppRate": {"DateRange": {"Upto15Of6": 0, "Up16Of6To15Of9": 0, "Up16Of9To15Of12": 0, "Up16Of12To15Of3": 0, "Up16Of3To31Of3": 0}}, "ShortTermUnderDTAARate": {"DateRange": {"Upto15Of6": 0, "Up16Of6To15Of9": 0, "Up16Of9To15Of12": 0, "Up16Of12To15Of3": 0, "Up16Of3To31Of3": 0}}, "LongTermUnder10Per": {"DateRange": {"Upto15Of6": 0, "Up16Of6To15Of9": 0, "Up16Of9To15Of12": 0, "Up16Of12To15Of3": 0, "Up16Of3To31Of3": 0}}, "LongTermUnder20Per": {"DateRange": {"Upto15Of6": 0, "Up16Of6To15Of9": 0, "Up16Of9To15Of12": 0, "Up16Of12To15Of3": 0, "Up16Of3To31Of3": 0}}, "LongTermUnderDTAARate": {"DateRange": {"Upto15Of6": 0, "Up16Of6To15Of9": 0, "Up16Of9To15Of12": 0, "Up16Of12To15Of3": 0, "Up16Of3To31Of3": 0}}}}, "Schedule112A": {"SaleValue112A": 0, "CostAcqWithoutIndx112A": 0, "AcquisitionCost112A": 0, "LTCGBeforelowerB1B2112A": 0, "FairMktValueCapAst112A": 0, "ExpExclCnctTransfer112A": 0, "Deductions112A": 0, "Balance112A": 0}, "Schedule115AD": {"SaleValue115AD": 0, "CostAcqWithoutIndx115AD": 0, "AcquisitionCost115AD": 0, "LTCGBeforelowerB1B2115AD": 0, "FairMktValueCapAst115AD": 0, "ExpExclCnctTransfer115AD": 0, "Deductions115AD": 0, "Balance115AD": 0}, "ScheduleOS": {"IncOthThanOwnRaceHorse": {"GrossIncChrgblTaxAtAppRate": 0, "DividendGross": 0, "DividendOthThan22e": 0, "Dividend22e": 0, "InterestGross": 0, "IntrstFrmSavingBank": 0, "IntrstFrmTermDeposit": 0, "IntrstFrmIncmTaxRefund": 0, "NatofPassThrghIncome": 0, "IntrstFrmOthers": 0, "RentFromMachPlantBldgs": 0, "Tot562x": 0, "Aggrtvaluewithoutcons562x": 0, "Immovpropwithoutcons562x": 0, "Immovpropinadeqcons562x": 0, "Anyotherpropwithoutcons562x": 0, "Anyotherpropinadeqcons562x": 0, "AnyOtherIncome": 0, "IncChargeableSpecialRates": 0, "LtryPzzlChrgblUs115BB": 0, "IncChrgblUs115BBE": 0, "CashCreditsUs68": 0, "UnExplndInvstmntsUs69": 0, "UnExplndMoneyUs69A": 0, "UnDsclsdInvstmntsUs69B": 0, "UnExplndExpndtrUs69C": 0, "AmtBrwdRepaidOnHundiUs69D": 0, "OthersGross": 0, "PassThrIncOSChrgblSplRate": 0, "IncChargblSplRateOS": {"TotalAmtTaxUsDTAASchOs": 0}, "Deductions": {"Expenses": 0, "UsrIntExp57": 0, "IntExp57": 0, "Depreciation": 0, "TotDeductions": 0}, "AmtNotDeductibleUs58": 0, "ProfitChargTaxUs59": 0, "BalanceNoRaceHorse": 0}, "TotOthSrcNoRaceHorse": 0, "IncFromOwnHorse": {"Receipts": 0, "DeductSec57": 0, "AmtNotDeductibleUs58": 0, "ProfitChargTaxUs59": 0, "BalanceOwnRaceHorse": 0}, "IncChargeableFrmOthSrc": 0, "DividendIncUs115BBDA": {"DateRange": {"Upto15Of6": 0, "Up16Of6To15Of9": 0, "Up16Of9To15Of12": 0, "Up16Of12To15Of3": 0, "Up16Of3To31Of3": 0}}, "IncFrmLottery": {"DateRange": {"Upto15Of6": 0, "Up16Of6To15Of9": 0, "Up16Of9To15Of12": 0, "Up16Of12To15Of3": 0, "Up16Of3To31Of3": 0}}, "DividendDTAA": {"DateRange": {"Upto15Of6": 0, "Up16Of6To15Of9": 0, "Up16Of9To15Of12": 0, "Up16Of12To15Of3": 0, "Up16Of3To31Of3": 0}}}, "ScheduleCYLA": {"TotalCurYr": {"TotHPlossCurYr": 0, "TotBusLoss": 208188, "TotOthSrcLossNoRaceHorse": 0}, "HP": {"IncCYLA": {"IncOfCurYrUnderThatHead": 0, "BusLossSetoff": 0, "OthSrcLossNoRaceHorseSetoff": 0, "IncOfCurYrAfterSetOff": 0}}, "BusProfExclSpecProf": {"IncCYLA": {"IncOfCurYrUnderThatHead": 0, "HPlossCurYrSetoff": 0, "OthSrcLossNoRaceHorseSetoff": 0, "IncOfCurYrAfterSetOff": 0}}, "ProfGainUs115B": {"IncCYLA": {"IncOfCurYrUnderThatHead": 0, "HPlossCurYrSetoff": 0, "OthSrcLossNoRaceHorseSetoff": 0, "IncOfCurYrAfterSetOff": 0}}, "SpeculationIncome": {"IncCYLA": {"IncOfCurYrUnderThatHead": 0, "HPlossCurYrSetoff": 0, "OthSrcLossNoRaceHorseSetoff": 0, "IncOfCurYrAfterSetOff": 0}}, "SpecifiedBusIncome": {"IncCYLA": {"IncOfCurYrUnderThatHead": 0, "HPlossCurYrSetoff": 0, "OthSrcLossNoRaceHorseSetoff": 0, "IncOfCurYrAfterSetOff": 0}}, "STCG15Per": {"IncCYLA": {"IncOfCurYrUnderThatHead": 0, "HPlossCurYrSetoff": 0, "BusLossSetoff": 0, "OthSrcLossNoRaceHorseSetoff": 0, "IncOfCurYrAfterSetOff": 0}}, "STCG30Per": {"IncCYLA": {"IncOfCurYrUnderThatHead": 0, "HPlossCurYrSetoff": 0, "BusLossSetoff": 0, "OthSrcLossNoRaceHorseSetoff": 0, "IncOfCurYrAfterSetOff": 0}}, "STCGAppRate": {"IncCYLA": {"IncOfCurYrUnderThatHead": 0, "HPlossCurYrSetoff": 0, "BusLossSetoff": 0, "OthSrcLossNoRaceHorseSetoff": 0, "IncOfCurYrAfterSetOff": 0}}, "STCGDTAARate": {"IncCYLA": {"IncOfCurYrUnderThatHead": 0, "HPlossCurYrSetoff": 0, "BusLossSetoff": 0, "OthSrcLossNoRaceHorseSetoff": 0, "IncOfCurYrAfterSetOff": 0}}, "LTCG10Per": {"IncCYLA": {"IncOfCurYrUnderThatHead": 0, "HPlossCurYrSetoff": 0, "BusLossSetoff": 0, "OthSrcLossNoRaceHorseSetoff": 0, "IncOfCurYrAfterSetOff": 0}}, "LTCG20Per": {"IncCYLA": {"IncOfCurYrUnderThatHead": 0, "HPlossCurYrSetoff": 0, "BusLossSetoff": 0, "OthSrcLossNoRaceHorseSetoff": 0, "IncOfCurYrAfterSetOff": 0}}, "LTCGDTAARate": {"IncCYLA": {"IncOfCurYrUnderThatHead": 0, "HPlossCurYrSetoff": 0, "BusLossSetoff": 0, "OthSrcLossNoRaceHorseSetoff": 0, "IncOfCurYrAfterSetOff": 0}}, "OthSrcExclRaceHorseLottery": {"IncCYLA": {"IncOfCurYrUnderThatHead": 0, "HPlossCurYrSetoff": 0, "BusLossSetoff": 0, "IncOfCurYrAfterSetOff": 0}}, "ProfitFrmRaceHorse": {"IncCYLA": {"IncOfCurYrUnderThatHead": 0, "HPlossCurYrSetoff": 0, "BusLossSetoff": 0, "OthSrcLossNoRaceHorseSetoff": 0, "IncOfCurYrAfterSetOff": 0}}, "IncOSDTAA": {"IncCYLA": {"IncOfCurYrUnderThatHead": 0, "HPlossCurYrSetoff": 0, "BusLossSetoff": 0, "OthSrcLossNoRaceHorseSetoff": 0, "IncOfCurYrAfterSetOff": 0}}, "TotalLossSetOff": {"TotHPlossCurYrSetoff": 0, "TotBusLossSetoff": 0, "TotOthSrcLossNoRaceHorseSetoff": 0}, "LossRemAftSetOff": {"BalHPlossCurYrAftSetoff": 0, "BalBusLossAftSetoff": 208188, "BalOthSrcLossNoRaceHorseAftSetoff": 0}}, "ScheduleBFLA": {"HP": {"IncBFLA": {"IncOfCurYrUndHeadFromCYLA": 0, "BFlossPrevYrUndSameHeadSetoff": 0, "BFUnabsorbedDeprSetoff": 0, "BFAllUs35Cl4Setoff": 0, "IncOfCurYrAfterSetOffBFLosses": 0}}, "BusProfExclSpecProf": {"IncBFLA": {"IncOfCurYrUndHeadFromCYLA": 0, "BFlossPrevYrUndSameHeadSetoff": 0, "BFUnabsorbedDeprSetoff": 0, "BFAllUs35Cl4Setoff": 0, "IncOfCurYrAfterSetOffBFLosses": 0}}, "ProfGainUs115B": {"IncBFLA": {"IncOfCurYrUndHeadFromCYLA": 0, "BFlossPrevYrUndSameHeadSetoff": 0, "BFUnabsorbedDeprSetoff": 0, "BFAllUs35Cl4Setoff": 0, "IncOfCurYrAfterSetOffBFLosses": 0}}, "SpeculationIncome": {"IncBFLA": {"IncOfCurYrUndHeadFromCYLA": 0, "BFlossPrevYrUndSameHeadSetoff": 0, "BFUnabsorbedDeprSetoff": 0, "BFAllUs35Cl4Setoff": 0, "IncOfCurYrAfterSetOffBFLosses": 0}}, "SpecifiedBusIncome": {"IncBFLA": {"IncOfCurYrUndHeadFromCYLA": 0, "BFlossPrevYrUndSameHeadSetoff": 0, "BFUnabsorbedDeprSetoff": 0, "BFAllUs35Cl4Setoff": 0, "IncOfCurYrAfterSetOffBFLosses": 0}}, "STCG15Per": {"IncBFLA": {"IncOfCurYrUndHeadFromCYLA": 0, "BFlossPrevYrUndSameHeadSetoff": 0, "BFUnabsorbedDeprSetoff": 0, "BFAllUs35Cl4Setoff": 0, "IncOfCurYrAfterSetOffBFLosses": 0}}, "STCG30Per": {"IncBFLA": {"IncOfCurYrUndHeadFromCYLA": 0, "BFlossPrevYrUndSameHeadSetoff": 0, "BFUnabsorbedDeprSetoff": 0, "BFAllUs35Cl4Setoff": 0, "IncOfCurYrAfterSetOffBFLosses": 0}}, "STCGAppRate": {"IncBFLA": {"IncOfCurYrUndHeadFromCYLA": 0, "BFlossPrevYrUndSameHeadSetoff": 0, "BFUnabsorbedDeprSetoff": 0, "BFAllUs35Cl4Setoff": 0, "IncOfCurYrAfterSetOffBFLosses": 0}}, "STCGDTAARate": {"IncBFLA": {"IncOfCurYrUndHeadFromCYLA": 0, "BFlossPrevYrUndSameHeadSetoff": 0, "BFUnabsorbedDeprSetoff": 0, "BFAllUs35Cl4Setoff": 0, "IncOfCurYrAfterSetOffBFLosses": 0}}, "LTCG10Per": {"IncBFLA": {"IncOfCurYrUndHeadFromCYLA": 0, "BFlossPrevYrUndSameHeadSetoff": 0, "BFUnabsorbedDeprSetoff": 0, "BFAllUs35Cl4Setoff": 0, "IncOfCurYrAfterSetOffBFLosses": 0}}, "LTCG20Per": {"IncBFLA": {"IncOfCurYrUndHeadFromCYLA": 0, "BFlossPrevYrUndSameHeadSetoff": 0, "BFUnabsorbedDeprSetoff": 0, "BFAllUs35Cl4Setoff": 0, "IncOfCurYrAfterSetOffBFLosses": 0}}, "LTCGDTAARate": {"IncBFLA": {"IncOfCurYrUndHeadFromCYLA": 0, "BFlossPrevYrUndSameHeadSetoff": 0, "BFUnabsorbedDeprSetoff": 0, "BFAllUs35Cl4Setoff": 0, "IncOfCurYrAfterSetOffBFLosses": 0}}, "OthSrcExclRaceHorse": {"IncBFLA": {"IncOfCurYrUndHeadFromCYLA": 0, "BFUnabsorbedDeprSetoff": 0, "BFAllUs35Cl4Setoff": 0, "IncOfCurYrAfterSetOffBFLosses": 0}}, "ProfitFrmRaceHorse": {"IncBFLA": {"IncOfCurYrUndHeadFromCYLA": 0, "BFlossPrevYrUndSameHeadSetoff": 0, "BFUnabsorbedDeprSetoff": 0, "BFAllUs35Cl4Setoff": 0, "IncOfCurYrAfterSetOffBFLosses": 0}}, "IncOSDTAA": {"IncBFLA": {"IncOfCurYrUndHeadFromCYLA": 0, "BFUnabsorbedDeprSetoff": 0, "BFAllUs35Cl4Setoff": 0, "IncOfCurYrAfterSetOffBFLosses": 0}}, "TotalBFLossSetOff": {"TotBFLossSetoff": 0, "TotUnabsorbedDeprSetoff": 0, "TotAllUs35cl4Setoff": 0}, "IncomeOfCurrYrAftCYLABFLA": 0}, "ScheduleCFL": {"TotalOfBFLossesEarlierYrs": {"LossSummaryDetail": {"TotalHPPTILossCF": 0, "BroughtFrwdBusLossSetOffDrYr": 0, "LossFrmSpecBusCF": 0, "LossFrmSpecifiedBusCF": 0, "LossFrmLifeInsBusUs115B": 0, "TotalSTCGPTILossCF": 0, "TotalLTCGPTILossCF": 0, "OthSrcLossRaceHorseCF": 0}}, "AdjTotBFLossInBFLA": {"LossSummaryDetail": {"TotalHPPTILossCF": 0, "BroughtFrwdBusLossSetOffDrYr": 0, "LossFrmSpecBusCF": 0, "LossFrmSpecifiedBusCF": 0, "LossFrmLifeInsBusUs115B": 0, "TotalSTCGPTILossCF": 0, "TotalLTCGPTILossCF": 0, "OthSrcLossRaceHorseCF": 0}}, "CurrentAYloss": {"LossSummaryDetail": {"TotalHPPTILossCF": 0, "BroughtFrwdBusLossSetOffDrYr": 208188, "LossFrmSpecBusCF": 0, "LossFrmSpecifiedBusCF": 0, "LossFrmLifeInsBusUs115B": 0, "TotalSTCGPTILossCF": 0, "TotalLTCGPTILossCF": 0, "OthSrcLossRaceHorseCF": 0}}, "CurrentYearDistrUnitHolder": {"LossSummaryDetail": {"TotalHPPTILossCF": 0, "TotalSTCGPTILossCF": 0, "TotalLTCGPTILossCF": 0, "OthSrcLossRaceHorseCF": 0}}, "CurrentYearLossCF": {"LossSummaryDetail": {"TotalHPPTILossCF": 0, "BroughtFrwdBusLossSetOffDrYr": 208188, "LossFrmSpecBusCF": 0, "LossFrmSpecifiedBusCF": 0, "LossFrmLifeInsBusUs115B": 0, "TotalSTCGPTILossCF": 0, "TotalLTCGPTILossCF": 0, "OthSrcLossRaceHorseCF": 0}}, "TotalLossCFSummary": {"LossSummaryDetail": {"TotalHPPTILossCF": 0, "BroughtFrwdBusLossSetOffDrYr": 208188, "LossFrmSpecBusCF": 0, "LossFrmSpecifiedBusCF": 0, "LossFrmLifeInsBusUs115B": 0, "TotalSTCGPTILossCF": 0, "TotalLTCGPTILossCF": 0, "OthSrcLossRaceHorseCF": 0}}}, "ITRScheduleUD": {"CurrAssYr": "2021-22", "CurBalCFNY": 1695, "CurAllowBalCFNY": 0, "ScheduleUD": [], "TotBFUDepritAmt": 0, "TotAmtAdjOptTaxUs115BAA": 0, "TotCurYrdepritSetoffInc": 0, "TotDepritBalCFNY": 1695, "TotBFUAllowAmt": 0, "TotCurYrAllowSetoffInc": 0, "TotalBalCFNY": 0}, "ScheduleICDS": {"AccPolicyAmt": 0, "InventoriesValue": 0, "ConstContractsAmt": 0, "RevenueRcgAmt": 0, "TangibleFixedAsset": 0, "ForeignExgRates": 0, "GovtGrants": 0, "Securities": 0, "BorrowingCosts": 0, "ProvAssets": 0, "TotalNetAmt": 0}, "Schedule80G": {"Don100Percent": {"TotDon100PercentCash": 0, "TotDon100PercentOtherMode": 0, "TotDon100Percent": 0, "TotElgDon100Percent": 0}, "Don50PercentNoApprReqd": {"TotDon50PercentNoApprReqdCash": 0, "TotDon50PercentNoApprReqdOtherMode": 0, "TotDon50PercentNoApprReqd": 0, "TotElgDon50PercentNoApprReqd": 0}, "Don100PercentApprReqd": {"TotDon100PercentApprReqdCash": 0, "TotDon100PercentApprReqdOtherMode": 0, "TotDon100Percent": 0, "TotElgDon100Percent": 0}, "Don50PercentApprReqd": {"TotDon50PercentApprReqdCash": 0, "TotDon50PercentApprReqdOtherMode": 0, "TotDon50PercentApprReqd": 0, "TotElgDon50PercentApprReqd": 0}, "TotalDonationsUs80GCash": 0, "TotalDonationsUs80GOtherMode": 0, "TotalDonationsUs80G": 0, "TotalEligibleDonationsUs80G": 0}, "Schedule80GGA": {"TotalDonationAmtCash80GGA": 0, "TotalDonationAmtOtherMode80GGA": 0, "TotalDonationsUs80GGA": 0, "TotalEligibleDonationAmt80GGA": 0}, "ScheduleVIA": {"UsrDeductUndChapVIA": {"Section80G": 0, "Section80GGA": 0, "Section80GGB": 0, "Section80GGC": 0, "TotPartBchapterVIA": 0, "Section80IA": 0, "Section80IAB": 0, "Section80IAC": 0, "Section80IBA": 0, "Section80IB": 0, "Section80IC": 0, "Section80JJA": 0, "Section80JJAA": 0, "Section80LA": 0, "Section80LA_1A": 0, "Section80M": 0, "Section80PA": 0, "TotPartCchapterVIA": 0, "TotalChapVIADeductions": 0}, "DeductUndChapVIA": {"TotPartBchapterVIA": 0, "TotalChapVIADeductions": 0}}, "ScheduleSI": {"SplCodeRateTax": [{"SecCode": "5B", "SplRatePercent": "12.5", "SplRateInc": 0, "SplRateIncTax": 0}, {"SecCode": "1A", "SplRatePercent": "15.0", "SplRateInc": 0, "SplRateIncTax": 0}, {"SecCode": "21", "SplRatePercent": "20.0", "SplRateInc": 0, "SplRateIncTax": 0}, {"SecCode": "22", "SplRatePercent": "10.0", "SplRateInc": 0, "SplRateIncTax": 0}, {"SecCode": "21ciii", "SplRatePercent": "10.0", "SplRateInc": 0, "SplRateIncTax": 0}, {"SecCode": "2A", "SplRatePercent": "10.0", "SplRateInc": 0, "SplRateIncTax": 0}, {"SecCode": "5BB", "SplRatePercent": "30.0", "SplRateInc": 0, "SplRateIncTax": 0}, {"SecCode": "5ADii", "SplRatePercent": "30.0", "SplRateInc": 0, "SplRateIncTax": 0}, {"SecCode": "5BBF_BP", "SplRatePercent": "10.0", "SplRateInc": 0, "SplRateIncTax": 0}, {"SecCode": "5BBG_BP", "SplRatePercent": "10.0", "SplRateInc": 0, "SplRateIncTax": 0}, {"SecCode": "5ADiiiP", "SplRatePercent": "10.0", "SplRateInc": 0, "SplRateIncTax": 0}, {"SecCode": "DTAASTCG", "SplRatePercent": "1.0", "SplRateInc": 0, "SplRateIncTax": 0}, {"SecCode": "DTAALTCG", "SplRatePercent": "1.0", "SplRateInc": 0, "SplRateIncTax": 0}, {"SecCode": "DTAAOS", "SplRatePercent": "1.0", "SplRateInc": 0, "SplRateIncTax": 0}], "TotSplRateInc": 0, "TotSplRateIncTax": 0}, "ScheduleMAT": {"PLAcntPrepSchedVICompAct": "1", "PLAcntPrepAsperAGM": "1", "ProfAfterTaxPLAcnt": -207622, "Additions": {"ITPaidInclDefTax": 0, "ResvrNo33AC": 0, "ProvUncertainLiab": 0, "ProvLossOfSubsComp": 0, "DividendPaidOrProposed": 0, "ExpendExempIncUs10s": 0, "ExpAopBoi": 0, "ExpClauseFb": 0, "NotLossClauseFc": 0, "NotLossUs115bbf": 0, "DepreciatAttribToRevalAsset": 0, "GainClauseK": 0, "Others": 0, "TotAdditions": 0}, "Deducts": {"AmtWithdrawFromResvrIfCredPL": 0, "IncExempIncUs10s": 0, "AmtWithdrawFromResvrIfCredPLNoAttrib": 0, "ShareIncAopBoi": 0, "IncClauseiid": 0, "NotGainClauseiie": 0, "LossTrnsClauseiif": 0, "LossTrnsClauseiig": 0, "UnAbsorbedDepreciat": 0, "ProSickIndustryOrExcedAccumLos": 0, "Others": 0, "TotDeducts": 0}, "BookProfUs115JB": -207622, "FinancialStamentFlag": "N", "AdditionsProfUs115JB": {"AmountsCredited": 0, "AmountsDebited": 0, "OneFifthTransitionAmt": 0, "OthersInclResidualAdjust": 0, "TotalAdditions": 0}, "DeductionsProfUs115JB": {"AmountsCredited": 0, "AmountsDebited": 0, "OneFifthTransitionAmt": 0, "OthersInclResidualAdjust": 0, "TotalAdditions": 0}, "DeemedTotalIncUs115JB": -207622, "TaxPayableUs115JB": 0}, "ScheduleMATC": {"TaxUs115JBCurrAssYr": 0, "TaxOthProvCurrAssYr": 0, "AmtOfTaxWithCred": 0, "UtilMATCredAvl": [{"AssYr": "2008-09", "MATCredGross": 0, "MATCredSetOff": 0, "MATCredBF": 0, "MATCredUtilCurrYr": 0, "BalMATCredCF": 0}, {"AssYr": "2009-10", "MATCredGross": 0, "MATCredSetOff": 0, "MATCredBF": 0, "MATCredUtilCurrYr": 0, "BalMATCredCF": 0}, {"AssYr": "2010-11", "MATCredGross": 0, "MATCredSetOff": 0, "MATCredBF": 0, "MATCredUtilCurrYr": 0, "BalMATCredCF": 0}, {"AssYr": "2011-12", "MATCredGross": 0, "MATCredSetOff": 0, "MATCredBF": 0, "MATCredUtilCurrYr": 0, "BalMATCredCF": 0}, {"AssYr": "2012-13", "MATCredGross": 0, "MATCredSetOff": 0, "MATCredBF": 0, "MATCredUtilCurrYr": 0, "BalMATCredCF": 0}, {"AssYr": "2013-14", "MATCredGross": 0, "MATCredSetOff": 0, "MATCredBF": 0, "MATCredUtilCurrYr": 0, "BalMATCredCF": 0}, {"AssYr": "2014-15", "MATCredGross": 0, "MATCredSetOff": 0, "MATCredBF": 0, "MATCredUtilCurrYr": 0, "BalMATCredCF": 0}, {"AssYr": "2015-16", "MATCredGross": 0, "MATCredSetOff": 0, "MATCredBF": 0, "MATCredUtilCurrYr": 0, "BalMATCredCF": 0}, {"AssYr": "2016-17", "MATCredGross": 0, "MATCredSetOff": 0, "MATCredBF": 0, "MATCredUtilCurrYr": 0, "BalMATCredCF": 0}, {"AssYr": "2017-18", "MATCredGross": 0, "MATCredSetOff": 0, "MATCredBF": 0, "MATCredUtilCurrYr": 0, "BalMATCredCF": 0}, {"AssYr": "2018-19", "MATCredGross": 0, "MATCredSetOff": 0, "MATCredBF": 0, "MATCredUtilCurrYr": 0, "BalMATCredCF": 0}, {"AssYr": "2019-20", "MATCredGross": 0, "MATCredSetOff": 0, "MATCredBF": 0, "MATCredUtilCurrYr": 0, "BalMATCredCF": 0}, {"AssYr": "2020-21", "MATCredGross": 0, "MATCredSetOff": 0, "MATCredBF": 0, "MATCredUtilCurrYr": 0, "BalMATCredCF": 0}], "CurAssYr": "2021-22", "MATCredGrossCurAY": 0, "BalMATCredCFCurAY": 0, "TotMatCredGross": 0, "TotMatCredSetOff": 0, "TotMatCredBF": 0, "TotMatCredUtilCurrYr": 0, "TotBalMATCredCF": 0, "AmtTaxCredUs115JAA": 0, "AmtMATLiabAllAssYrAvailSubseqYr": 0}, "ScheduleGST": {"TurnoverGrsRcptForGSTIN": [{"GSTINNo": "24AATCA3420A1Z7", "AmtTurnGrossRcptGSTIN": 2252978}]}, "ScheduleFD": {"PaymntMadeOnCapitalAcc": 0, "PaymntMadeOnRevenueAcc": 0, "ReceiptsOnCapitalAcc": 0, "ReceiptsOnRevenueAcc": 0}, "PartB-TI": {"IncomeFromHP": 0, "ProfBusGain": {"ProfGainNoSpecBus": 0, "ProfGainSpecBus": 0, "ProfGainSpecifiedBus": 0, "IncChrgblTaxSplRate": 0, "TotProfBusGain": 0}, "CapGain": {"ShortTerm": {"ShortTerm15Per": 0, "ShortTerm30Per": 0, "ShortTermAppRate": 0, "ShortTermSplRateDTAA": 0, "TotalShortTerm": 0}, "LongTerm": {"LongTerm10Per": 0, "LongTerm20Per": 0, "LongTermSplRateDTAA": 0, "TotalLongTerm": 0}, "TotalCapGains": 0}, "IncFromOS": {"OtherSrcThanOwnRaceHorse": 0, "IncChargblSplRate": 0, "FromOwnRaceHorse": 0, "TotIncFromOS": 0}, "TotalTI": 0, "CurrentYearLoss": 0, "BalanceAfterSetoffLosses": 0, "BroughtFwdLossesSetoff": 0, "GrossTotalIncome": 0, "IncChargeTaxSplRate111A112": 0, "DeductionsUndSchVIADtl": {"PartBchapterVIA": 0, "PartCchapterVIA": 0, "TotDeductUndSchVIA": 0}, "DeductionsUnder10Aor10AA": 0, "TotalIncome": 0, "IncChargeableTaxSplRates": 0, "IncChargeableTaxNormalRates": 0, "NetAgricultureIncomeOrOtherIncomeForRate": 0, "LossesOfCurrentYearCarriedFwd": 208188, "DeemedTotIncSec115JB": 0}, "PartB_TTI": {"ComputationOfTaxLiability": {"TaxPayableOnDeemedTI": {"TaxDeemedTISec115JB": 0, "Surcharge": 0, "EducationCess": 0, "TotalTax": 0}, "TaxPayableOnTI": {"TaxAtNormalRates": 0, "TaxAtSpecialRates": 0, "TaxPayableOnTotInc": 0, "Surcharge25ofSI": 0, "SurchargeOnTaxPayable": 0, "TotalSurcharge": 0, "EducationCess": 0, "GrossTaxLiability": 0}, "GrossTaxPayable": 0, "CredUs115JAATaxPaid": 0, "TaxPayableAfterCredUs115JAA": 0, "TaxRelief": {"Section90": 0, "Section91": 0, "TotTaxRelief": 0}, "NetTaxLiability": 0, "IntrstPay": {"IntrstPayUs234A": 0, "IntrstPayUs234B": 0, "IntrstPayUs234C": 0, "LateFilingFee234F": 0, "TotalIntrstPay": 0}, "AggregateTaxInterestLiability": 0}, "TaxPaid": {"TaxesPaid": {"AdvanceTax": 0, "TDS": 5802, "TCS": 0, "SelfAssessmentTax": 0, "TotalTaxesPaid": 5802}, "BalTaxPayable": 0}, "Refund": {"RefundDue": 5800, "BankAccountDtls": {"BankDtlsFlag": "Y", "AddtnlBankDetails": [{"IFSCCode": "INDB0000666", "BankName": "INDUSIND BANK", "BankAccountNo": "259898271864", "UseForRefund": "true"}]}}, "AssetOutsideIndiaFlg": "NO"}, "ScheduleIT": {"TotalTaxPayments": 0}, "ScheduleTDS2": {"TDSOthThanSalaryDtls": [{"TDSCreditName": "S", "TANOfDeductor": "BLRA14702C", "TaxDeductCreditDtls": {"TaxDeductedOwnHands": 1519, "TaxClaimedOwnHands": 1519}, "GrossAmount": 202643, "HeadOfIncome": "BP", "AmtCarriedFwd": 0}, {"TDSCreditName": "S", "TANOfDeductor": "BLRF02545E", "TaxDeductCreditDtls": {"TaxDeductedOwnHands": 1499, "TaxClaimedOwnHands": 1499}, "GrossAmount": 199925, "HeadOfIncome": "BP", "AmtCarriedFwd": 0}, {"TDSCreditName": "S", "TANOfDeductor": "DELJ06915G", "TaxDeductCreditDtls": {"TaxDeductedOwnHands": 2729, "TaxClaimedOwnHands": 2729}, "GrossAmount": 363919, "HeadOfIncome": "BP", "AmtCarriedFwd": 0}, {"TDSCreditName": "S", "TANOfDeductor": "MUMN23781C", "TaxDeductCreditDtls": {"TaxDeductedOwnHands": 55, "TaxClaimedOwnHands": 55}, "GrossAmount": 7368, "HeadOfIncome": "BP", "AmtCarriedFwd": 0}], "TotalTDSonOthThanSals": 5802}, "ScheduleTDS3": {"TotalTDS3OnOthThanSal": 0}, "ScheduleTCS": {"TotalSchTCS": 0}, "Verification": {"Declaration": {"AssesseeVerName": "Sumitkumar Vikashkumar Luhar", "FatherName": "Vikashkumar Valjibhai Luhar", "AssesseeVerPAN": "ADIPL6162D", "Capacity": "DR"}}}}}