{"ITR": {"ITR4": {"CreationInfo": {"SWVersionNo": "R1", "SWCreatedBy": "SW10012223", "JSONCreatedBy": "SW10012223", "JSONCreationDate": "2022-08-25", "Digest": "tF/KVbA8/CqTny2miHbO6F7VI4EJ8XLQpEDNWI1keqs=", "IntermediaryCity": "Delhi"}, "Form_ITR4": {"FormName": "ITR-4", "Description": "Indls, HUFs and Firms (other than LLP) having Inc u/s 44AD, 44ADA or 44AE", "AssessmentYear": "2022", "SchemaVer": "Ver1.0", "FormVer": "Ver1.0"}, "PersonalInfo": {"AssesseeName": {"FirstName": "MUKESH", "MiddleName": "KUMAR", "SurNameOrOrgName": "JHA"}, "Address": {"ResidenceNo": "H No- 162", "ResidenceName": "gali no- 13 Ajay nagar Ismilepur", "RoadOrStreet": "Tilpat B.O", "LocalityOrArea": "TILPAT", "CityOrTownOrDistrict": "FARIDABAD", "StateCode": "12", "CountryCode": "91", "PinCode": 121003, "CountryCodeMobile": 91, "MobileNo": 9910719235, "EmailAddress": "santoshshandilya@gmail.com"}, "PAN": "AZAPJ9036G", "DOB": "1980-09-09", "EmployerCategory": "OTH", "Status": "I"}, "FilingStatus": {"ReturnFileSec": 12, "NewTaxRegime": "N", "OptingNewTaxRegime": 2, "SeventhProvisio139": "N", "DepAmtAggAmtExcd1CrPrYrFlg": "N", "IncrExpAggAmt2LkTrvFrgnCntryFlg": "N", "IncrExpAggAmt1LkElctrctyPrYrFlg": "N", "clauseiv7provisio139i": "N", "AsseseeRepFlg": "N"}, "IncomeDeductions": {"AllwncExemptUs10": {"TotalAllwncExemptUs10": 0}, "UsrDeductUndChapVIA": {"Section80C": 22241, "Section80CCC": 0, "Section80CCDEmployeeOrSE": 0, "Section80CCD1B": 0, "Section80CCDEmployer": 0, "Section80D": 0, "Section80DD": 0, "Section80DDB": 0, "Section80E": 0, "Section80GG": 0, "Section80GGC": 0, "Section80U": 0, "Section80TTA": 0, "Section80TTB": 0, "TotalChapVIADeductions": 22241, "Section80G": 0}, "DeductUndChapVIA": {"Section80C": 22241, "Section80CCC": 0, "Section80CCDEmployeeOrSE": 0, "Section80CCD1B": 0, "Section80CCDEmployer": 0, "Section80D": 0, "Section80DD": 0, "Section80DDB": 0, "Section80E": 0, "Section80EE": 0, "Section80EEA": 0, "Section80EEB": 0, "Section80G": 0, "Section80GG": 0, "Section80GGC": 0, "Section80U": 0, "Section80TTA": 0, "Section80TTB": 0, "TotalChapVIADeductions": 22241}, "IncomeFromBusinessProf": 42000, "GrossSalary": 313913, "Salary": 313913, "PerquisitesValue": 0, "ProfitsInSalary": 0, "IncomeNotified89A": 0, "NetSalary": 313913, "DeductionUs16": 50000, "DeductionUs16ia": 50000, "EntertainmntalwncUs16ii": 0, "ProfessionalTaxUs16iii": 0, "IncomeFromSal": 263913, "AnnualValue": 0, "AnnualValue30Percent": 0, "TotalIncomeOfHP": 0, "IncomeOthSrc": 0, "DeductionUs57iia": 0, "Increliefus89AOS": 0, "GrossTotIncome": 305913, "TotalIncome": 283670}, "TaxComputation": {"IntrstPay": {"IntrstPayUs234A": 0, "IntrstPayUs234B": 0, "IntrstPayUs234C": 0, "LateFilingFee234F": 1000}, "TotalTaxPayable": 1684, "Rebate87A": 1684, "TaxPayableOnRebate": 0, "EducationCess": 0, "GrossTaxLiability": 0, "Section89": 0, "NetTaxLiability": 0, "TotTaxPlusIntrstPay": 1000}, "TaxPaid": {"TaxesPaid": {"AdvanceTax": 0, "TDS": 0, "TCS": 0, "SelfAssessmentTax": 1000, "TotalTaxesPaid": 1000}, "BalTaxPayable": 0}, "Refund": {"BankAccountDtls": {"AddtnlBankDetails": [{"IFSCCode": "HDFC0000480", "BankName": "HDFC BANK", "BankAccountNo": "50100033895321", "UseForRefund": "true"}]}, "RefundDue": 0}, "Schedule80G": {"Don100Percent": {"TotDon100PercentCash": 0, "TotDon100PercentOtherMode": 0, "TotDon100Percent": 0, "TotEligibleDon100Percent": 0}, "Don50PercentNoApprReqd": {"TotDon50PercentNoApprReqdCash": 0, "TotDon50PercentNoApprReqdOtherMode": 0, "TotDon50PercentNoApprReqd": 0, "TotEligibleDon50Percent": 0}, "Don100PercentApprReqd": {"TotDon100PercentApprReqdCash": 0, "TotDon100PercentApprReqdOtherMode": 0, "TotDon100PercentApprReqd": 0, "TotEligibleDon100PercentApprReqd": 0}, "Don50PercentApprReqd": {"TotDon50PercentApprReqdCash": 0, "TotDon50PercentApprReqdOtherMode": 0, "TotDon50PercentApprReqd": 0, "TotEligibleDon50PercentApprReqd": 0}, "TotalDonationsUs80GCash": 0, "TotalDonationsUs80GOtherMode": 0, "TotalDonationsUs80G": 0, "TotalEligibleDonationsUs80G": 0}, "Schedule80D": {"Sec80DSelfFamSrCtznHealth": {"SeniorCitizenFlag": "S", "SelfAndFamily": 0, "SelfAndFamilySeniorCitizen": 0, "ParentsSeniorCitizenFlag": "P", "Parents": 0, "ParentsSeniorCitizen": 0, "EligibleAmountOfDedn": 0}}, "TaxExmpIntIncDtls": {"OthersInc": {"OthersTotalTaxExe": 0}}, "Verification": {"Declaration": {"AssesseeVerName": "MUKESH KUMAR JHA", "FatherName": "BRAJESHWAR JHA", "AssesseeVerPAN": "AZAPJ9036G"}, "Capacity": "S", "Place": "157.35.6.251"}, "ScheduleBP": {"NatOfBus44AD": [{"NameOfBusiness": "SS ENTERPRISES", "CodeAD": "09028"}], "PersumptiveInc44AD": {"GrsTrnOverBank": 700000, "PersumptiveInc44AD6Per": 42000, "TotPersumptiveInc44AD": 42000}, "PersumptiveInc44ADA": {"GrsReceipt": 0, "TotPersumptiveInc44ADA": 0}, "PersumptiveInc44AE": {"TotPersumInc44AE": 0, "TotalPersumptiveInc": 0, "IncChargeableUnderBus": 42000}, "FinanclPartclrOfBusiness": {"PartnerMemberOwnCapital": 100000, "SecuredLoans": 0, "UnSecuredLoans": 0, "Advances": 10000, "SundryCreditors": 12000, "OthrCurrLiab": 6000, "TotCapLiabilities": 128000, "FixedAssets": 50000, "Inventories": 0, "SundryDebtors": 20000, "BalWithBanks": 52725, "CashInHand": 5275, "TotalAssets": 128000}, "TotalTurnoverGrsRcptGSTIN": 0}, "ScheduleIT": {"TaxPayment": [{"BSRCode": "0510308", "DateDep": "2022-08-25", "SrlNoOfChaln": 17186, "Amt": 1000}], "TotalTaxPayments": 1000}, "ScheduleTCS": {"TotalSchTCS": 0}, "TDSonSalaries": {"TotalTDSonSalaries": 0}, "TDSonOthThanSals": {"TotalTDSonOthThanSals": 0}, "ScheduleTDS3Dtls": {"TotalTDS3Details": 0}}}}