{"ITR": {"ITR3": {"CreationInfo": {"SWVersionNo": "22.0", "SWCreatedBy": "SW20000026", "JSONCreatedBy": "SW20000026", "JSONCreationDate": "2022-09-29", "IntermediaryCity": "JAIPUR", "Digest": "Gttuwhj+SX+KQwDgNBv0sfuzyyS/mU0VgJKZ+ZiE8ek="}, "Form_ITR3": {"FormName": "ITR-3", "Description": "For Individuals having Income From Presemptive Business", "AssessmentYear": "2022", "SchemaVer": "Ver1.0", "FormVer": "Ver1.0"}, "PartA_GEN1": {"PersonalInfo": {"AssesseeName": {"FirstName": "AMAN", "MiddleName": "", "SurNameOrOrgName": "BHATEJA"}, "PAN": "BNPPB2771Q", "Address": {"ResidenceNo": "SHOP NO 109,1520/121 JAGSON PAL BUILDING", "LocalityOrArea": "B HAGIRATH PALACE", "CityOrTownOrDistrict": "DELHI", "StateCode": "09", "CountryCode": "91", "PinCode": 110006, "CountryCodeMobile": 91, "MobileNo": 9999925735, "EmailAddress": "satyapalgogia6@gmail.com"}, "DOB": "1991-10-28", "AadhaarCardNo": "835826174886", "Status": "I"}, "FilingStatus": {"ReturnFileSec": 11, "NewTaxRegime": "N", "OptingNewTaxRegime": 2, "SeventhProvisio139": "N", "ResidentialStatus": "RES", "ConditionsResStatus": "1", "BenefitUs115HFlg": "N", "PortugeseCC5A": "N", "AsseseeRepFlg": "N", "PartnerInFirmFlg": "Y", "PartnerInFirm": {"PartnerInFirmDtls": [{"NameOfFirm": "KRISHNA AYURVEDIC AND COSMETICS", "PAN": "AAKFK5688Q"}]}, "CompDirectorPrvYrFlg": "N", "HeldUnlistedEqShrPrYrFlg": "N", "NriPEinIndia": "N", "ForeignExchangeFlag": "N"}}, "PartA_GEN2": {"AuditInfo": {"LiableSec44AAflg": "Y", "IncDclrdUs": "N", "TotalSalesExcOneCr": "M", "LiableSec44ABflg": "Y", "AuditAccountantFlg": "Y", "AuditReportFurnishDate": "2022-09-29", "AuditorName": "Ajay Tayal", "AuditorMemNo": "532298", "AudFrmName": "GAA & CO.", "AudFrmRegNo": "0027345N", "AudFrmPAN": "AHAPT0987E", "AuditDate": "2022-09-26", "LiableSec92Eflg": "N", "AccountAuditFlag": "N"}, "NatOfBus": {"NatureOfBusiness": [{"Code": "09027", "TradeName1": "THE AMAN GROUP", "Description": "WHOLESALE AND RETAIL TRADE [Wholesale of other products n.e.c]"}]}}, "PARTA_BS": {"FundSrc": {"PropFund": {"PropCap": 476111, "ResrNSurp": {"RevResr": 0, "CapResr": 0, "StatResr": 0, "OthResr": 0, "TotResrNSurp": 0}, "TotPropFund": 476111}, "LoanFunds": {"SecrLoan": {"ForeignCurrLoan": 0, "RupeeLoan": {"FrmBank": 2928834, "FrmOthrs": 0, "TotRupeeLoan": 2928834}, "TotSecrLoan": 2928834}, "UnsecrLoan": {"FrmBank": 0, "FrmOthrs": 1050010, "TotUnSecrLoan": 1050010}, "TotLoanFund": 3978844}, "DeferredTax": 0, "TotFundSrc": 4454955}, "FundApply": {"FixedAsset": {"GrossBlock": 146785, "Depreciation": 18485, "NetBlock": 128300, "CapWrkProg": 0, "TotFixedAsset": 128300}, "Investments": {"LongTermInv": {"GovtOthSecQuoted": 0, "GovOthSecUnQoted": 72500, "TotLongTermInv": 72500}, "TradeInv": {"EquityShares": 0, "PreferShares": 0, "Debenture": 0, "TotTradeInv": 0}, "TotInvestments": 72500}, "CurrAssetLoanAdv": {"CurrAsset": {"Inventories": {"RawMatl": 0, "StkInProcess": 0, "FinOrTradGood": 6474615, "StoresConsumables": 0, "TotInventries": 6474615}, "SndryDebtors": 162766, "CashOrBankBal": {"BankBal": 404540, "CashinHand": 223123, "TotCashOrBankBal": 627663}, "OthCurrAsset": 0, "TotCurrAsset": 7265044}, "LoanAdv": {"AdvRecoverable": 0, "Deposits": 806859, "BalWithRevAuth": 0, "TotLoanAdv": 806859}, "TotCurrAssetLoanAdv": 8071903, "CurrLiabilitiesProv": {"CurrLiabilities": {"SundryCred": 3817748, "LiabForLeasedAsset": 0, "AccrIntonLeasedAsset": 0, "AccrIntNotDue": 0, "TotCurrLiabilities": 3817748}, "Provisions": {"ITProvision": 0, "ELSuperAnnGratProvision": 0, "OthProvision": 0, "TotProvisions": 0}, "TotCurrLiabilitiesProvision": 3817748}, "NetCurrAsset": 4254155}, "MiscAdjust": {"MiscExpndr": 0, "DefTaxAsset": 0, "AccumaltedLosses": 0, "TotMiscAdjust": 0}, "TotFundApply": 4454955}}, "ManufacturingAccount": {"OpeningInventory": {"OpngStckRawMat": 0, "OpngStckWrkinPrgrs": 0, "OpngInvntryTotal": 0, "Purchases": 0, "DirectWages": 0, "DirectExpenses": 0, "CarriageInward": 0, "PowerAndFuel": 0, "OthDirectExpenses": 0, "IndirectWages": 0, "FactoryRentAndRates": 0, "FactoryInsurance": 0, "FactoryFuelAndPower": 0, "FactoryGeneralExpenses": 0, "DeprctnOfFactoryMachinery": 0, "TotalFactoryOverheads": 0, "TotalDebtsManfctrngAcc": 0}, "ClosingStock": {"ClsngStckRawMaterial": 0, "ClsngStckWrkInPrgrs": 0, "ClsngStckTotal": 0}, "CostOfGoodsPrdcd": 0}, "TradingAccount": {"SaleOfGoods": 116824899, "SaleOfServices": 0, "OtherOperatingRevenueDtls": [{"OperatingRevenueName": "Future & Option Sale", "OperatingRevenueAmt": 4566984}, {"OperatingRevenueName": "Intra Day Share Trading", "OperatingRevenueAmt": 888208}], "OperatingRevenueTotal": 5455192, "SalesGrossReceiptsTotal": 122280091, "GrossRcptFromProfession": 0, "ExciseCustomsVAT": {"UnionExciseDuty": 0, "ServiceTax": 0, "VATorSaleTax": 0, "CentralGoodServiceTax": 0, "StateGoodServiceTax": 0, "IntegratedGoodServiceTax": 0, "UnionTerrGoodServiceTax": 0, "OthDutyTaxCess": 0, "TotExciseCustomsVAT": 0}, "TotRevenueFrmOperations": 122280091, "ClsngStckOfFinishedStcks": 6474615, "TardingAccTotCred": 128754706, "OpngStckOfFinishedStcks": 4529879, "Purchases": 122060708, "DirectExpenses": 0, "CarriageInward": 0, "PowerAndFuel": 0, "OtherIncDtls": [], "DirectExpensesTotal": 0, "DutyTaxPay": {"ExciseCustomsVAT": {"CustomDuty": 0, "CounterVailDuty": 0, "SplAddDuty": 0, "UnionExciseDuty": 0, "ServiceTax": 0, "VATorSaleTax": 0, "CentralGoodServiceTax": 0, "StateGoodServiceTax": 0, "IntegratedGoodServiceTax": 0, "UnionTerrGoodServiceTax": 0, "OthDutyTaxCess": 0, "TotExciseCustomsVAT": 0}}, "GoodsCostPrdcdFrmMA": 0, "GrossProfitFrmBusProf": 2164119}, "PARTA_PL": {"CreditsToPL": {"GrossProfitTrnsfFrmTrdAcc": 2164119, "OthIncome": {"RentInc": 0, "Comissions": 0, "Dividends": 0, "InterestInc": 0, "ProfitOnSaleFixedAsset": 0, "ProfitOnInvChrSTT": 0, "ProfitOnOthInv": 0, "ProfitOnCurrFluct": 0, "ProfitOnCnvInvntryToCapAsst": 0, "ProfitOnAgriIncome": 0, "OtherIncDtls": [], "MiscOthIncome": 0, "TotOthIncome": 0}, "TotCreditsToPL": 2164119}, "DebitsToPL": {"Freight": 0, "ConsumptionOfStores": 0, "PowerFuel": 32780, "RentExpdr": 120000, "RepairsBldg": 0, "RepairMach": 0, "EmployeeComp": {"SalsWages": 952729, "Bonus": 0, "MedExpReimb": 0, "LeaveEncash": 0, "LeaveTravelBenft": 0, "ContToSuperAnnFund": 0, "ContToPF": 0, "ContToGratFund": 0, "ContToOthFund": 0, "OthEmpBenftExpdr": 0, "TotEmployeeComp": 952729, "AnyCompPaidToNonRes": "N", "AmtPaidToNonRes": 0}, "Insurances": {"MedInsur": 0, "LifeInsur": 0, "KeyManInsur": 0, "OthInsur": 0, "TotInsurances": 0}, "StaffWelfareExp": 117886, "Entertainment": 0, "Hospitality": 0, "Conference": 0, "SalePromoExp": 0, "Advertisement": 0, "CommissionExpdrDtls": {"NonResOtherCompany": 0, "Others": 0, "Total": 0}, "RoyalityDtls": {"NonResOtherCompany": 0, "Others": 0, "Total": 0}, "ProfessionalConstDtls": {"NonResOtherCompany": 0, "Others": 41000, "Total": 41000}, "HotelBoardLodge": 0, "TravelExp": 0, "ForeignTravelExp": 0, "ConveyanceExp": 50863, "TelephoneExp": 42364, "GuestHouseExp": 0, "ClubExp": 0, "FestivalCelebExp": 0, "Scholarship": 0, "Gift": 0, "Donation": 0, "RatesTaxesPays": {"ExciseCustomsVAT": {"UnionExciseDuty": 0, "ServiceTax": 0, "VATorSaleTax": 0, "Cess": 0, "CentralGoodServiceTax": 0, "StateGoodServiceTax": 0, "IntegratedGoodServiceTax": 0, "UnionTerrGoodServiceTax": 0, "OthDutyTaxCess": 0, "TotExciseCustomsVAT": 0}}, "AuditFee": 30000, "OtherExpensesDtls": [{"ExpenseNature": "Bank Charges", "Amount": 22866}, {"ExpenseNature": "Printing & Stationary", "Amount": 43543}], "OtherExpenses": 66409, "BadDebtDtls": {"BadDebtAmtDtls": [], "BadDebtAmtDtlsTotal": 0, "OthersPANNotAvlblDtl": [], "OthersPANNotAvlblDtlTotal": 0, "OthersAmtLt1Lakh": 0, "BadDebt": 0}, "ProvForBadDoubtDebt": 0, "OthProvisionsExpdr": 0, "PBIDTA": 710088, "InterestExpdrtDtls": {"NonResOtherCompany": 0, "Others": 227334, "InterestExpdr": 227334}, "DepreciationAmort": 18485, "PBT": 464269}, "TaxProvAppr": {"ProvForCurrTax": 0, "ProvDefTax": 0, "ProfitAfterTax": 464269, "BalBFPrevYr": 0, "AmtAvlAppr": 464269, "TrfToReserves": 0, "ProprietorAccBalTrf": 464269}, "NatOfBus44AD": [], "PersumptiveInc44AD": {"GrsTrnOverOrReceipt": 0, "GrsTrnOverBank": 0, "GrsTrnOverAnyOthMode": 0, "TotPersumptiveInc44AD": 0, "PersumptiveInc44AD6Per": 0, "PersumptiveInc44AD8Per": 0}, "NatOfBus44ADA": [], "PersumptiveInc44ADA": {"GrsReceipt": 0, "TotPersumptiveInc44ADA": 0}, "NatOfBus44AE": [], "GoodsDtlsUs44AE": [], "TotalNumOfMonths": 0, "TotalPrsumptvIncUs44EGoods": 0, "TotalPrsumptvIncUs44E": 0, "NoBooksOfAccPL": {"GrossReceipt": 0, "GrsRcptAccPayeeOrBankMode": 0, "GrsRcptOtherMode": 0, "GrossProfit": 0, "Expenses": 0, "NetProfit": 0, "GrossReceiptPrf": 0, "GrsRcptAccPayeeOrBankModePrf": 0, "GrsRcptOtherModePrf": 0, "GrossProfitPrf": 0, "ExpensesPrf": 0, "NetProfitPrf": 0, "TotBusinessProfession": 0}, "TurnverFrmSpecActivity": 0, "GrossProfit": 0, "Expenditure": 0, "NetIncomeFrmSpecActivity": 0}, "PARTA_OI": {"MethodOfAcct": "MERC", "ChangeInAcctMethFlg": "N", "ProfDeviatDueAcctMeth": 0, "DecProOrIncLossUs145_2": 0, "NoCredToPLAmt": {"Section28Items": 0, "ProformaCreditsDue": 0, "PrevYrEscalClaim": 0, "OthItemInc": 0, "CapReceipt": 0, "TotNoCredToPLAmt": 0}, "AmtDisallUs36": {"StkInsurPrem": 0, "EmpHealthInsurPrem": 0, "EmpBonusCommSum": 0, "IntOnBorrCap": 0, "ZeroCoupBondDisc": 0, "RecogPFContribAmt": 0, "AppSuperAnnFundAmt": 0, "PensionSchemeSec80CCD": 0, "AppGratFundAmt": 0, "OthFundAmt": 0, "EmpContributionCredits": 0, "BadDebtDoubtAmt": 0, "BadDebtDoubtProvn": 0, "SpecResrvTranfr": 0, "FamPlanPromoExp": 0, "SecuritiesPaidAmt": 0, "MrktLossOthExpLossICDS": 0, "OthDisallowances": 0, "TotAmtDisallUs36": 0}, "AmtDisallUs37": {"CapitalNatureExp": 0, "PersonalExp": 0, "BusOrProfessnExp": 0, "PoliticPartyExp": 0, "LawVoilatPenalExp": 0, "OthPenalFineExp": 0, "OffenceExp": 0, "ContigentLiability": 0, "OthAmtNotAllowUs37": 0, "TotAmtDisallUs37": 0}, "AmtDisallUs40": {"NonCompChapXVIIBAmt": 0, "NonComp40aiiChapXVIIBAmt": 0, "NonComp40aibChapXVIIBAmt": 0, "NonComp40aiiiChapXVIIBAmt": 0, "TaxAmtOnProfits": 0, "WTAmt": 0, "RolyatyOrServiceFee": 0, "IntSalBonPartner": 0, "OthDisallow": 0, "TotAmtDisallUs40": 0, "AmtDisallUs40PyNowAll": 0}, "AmtDisallUs40A": {"AmtPaidUs40A2b": 0, "AmtGT20kCash": 0, "ProvPmtGrat": 0, "ContToSetupTrust": 0, "OthDisallow": 0, "TotAmtDisallUs40A": 0}, "AmtDisallUs43BPyNowAll": {"AmtUs43B": {"TaxDutyCesAmt": 0, "ContToEmpPFSFGF": 0, "EmpBonusComm": 0, "IntPayaleToFI": 0, "SumPayaleLoanBrToFinComp": 0, "IntPayaleToFISchBank": 0, "LeaveEncashPayable": 0, "RailwayAssetsPayable": 0, "TotAmtUs43b": 0}}, "AmtDisall43B": {"AmtUs43B": {"TaxDutyCesAmt": 0, "ContToEmpPFSFGF": 0, "EmpBonusComm": 0, "IntPayaleToFI": 0, "SumPayaleLoanBrToFinComp": 0, "IntPayaleToFISchBank": 0, "LeaveEncashPayable": 0, "RailwayAssetsPayable": 0, "TotAmtUs43b": 0}}, "AmtExciseCustomsVATOutstanding": {"ExciseCustomsVAT": {"UnionExciseDuty": 0, "ServiceTax": 0, "VATorSaleTax": 0, "CentralGoodServiceTax": 0, "StateGoodServiceTax": 0, "IntegratedGoodServiceTax": 0, "UnionTerrGoodServiceTax": 0, "OthDutyTaxCess": 0, "TotExciseCustomsVAT": 0}}, "DeemedProfUs33ABs": 0, "DeemedProfUs33AB": 0, "DeemedProfUs33ABA": 0, "ProfTaxAmtUs41": 0, "PriorAmtIncCrDrPL": 0, "AmountOfExpDisAllwUs14A": 0, "ScheduleTPSAFlg": "N"}, "ScheduleHP": {"PropertyDetails": [{"HPSNo": 1, "AddressDetailWithZipCode": {"AddrDetail": "53Plot no 39Patparganj", "CityOrTownOrDistrict": "Delhi", "StateCode": "09", "CountryCode": "91", "PinCode": 110092}, "PropertyOwner": "SE", "PropCoOwnedFlg": "NO", "AsseseeShareProperty": 100, "ifLetOut": "N", "Rentdetails": {"AnnualLetableValue": 0, "RentNotRealized": 0, "LocalTaxes": 0, "TotalUnrealizedAndTax": 0, "BalanceALV": 0, "AnnualOfPropOwned": 0, "ThirtyPercentOfBalance": 0, "IntOnBorwCap": 171909, "TotalDeduct": 171909, "ArrearsUnrealizedRentRcvd": 0, "IncomeOfHP": -171909}}], "PassThroghIncome": 0, "TotalIncomeChargeableUnHP": -171909}, "ITR3ScheduleBP": {"BusinessIncOthThanSpec": {"ProfBfrTaxPL": 464269, "NetPLFromSpecBus": -20748, "NetPLFromSpecifiedBus": 0, "IncRecCredPLOthHeadDtls": {"Salary": 0, "HouseProperty": 0, "CapitalGains": 0, "OtherSources": 0, "Dividend": 0, "OtherThanDividend": 0, "Us115BBF": 0, "Us115BBG": 0}, "PLUs44sChapXIIG": 0, "ProfitLossInclRefrdSec": {"ProfitLossUs44AD": 0, "ProfitLossUs44ADA": 0, "ProfitLossUs44AE": 0, "ProfitLossUs44B": 0, "ProfitLossUs44BB": 0, "ProfitLossUs44BBA": 0, "ProfitLossUs44DA": 0}, "TotalProfitFrmActCvrd": 0, "ProfitFrmActCvrd": {"ProfitFrmActCvrdUndrRule7": 0, "ProfitFrmActCvrdUndrRule7A": 0, "ProfitFrmActCvrdUndrRule7B1": 0, "ProfitFrmActCvrdUndrRule7B1A": 0, "ProfitFrmActCvrdUndrRule8": 0}, "IncCredPL": {"FirmShareInc": 0, "AOPBOISharInc": 0, "OthExempInc": 0, "TotExempIncPL": 0}, "BalancePLOthThanSpecBus": 485017, "ExpDebToPLOthHeadDtls": {"Salary": 0, "HouseProperty": 0, "CapitalGains": 0, "OtherSources": 0, "Us115BBF": 0, "Us115BBG": 0}, "ExpDebToPLExemptInc": 0, "ExpDebToPLExemptIncDisAllwUs14A": 0, "TotExpDebPL": 0, "AdjustedPLOthThanSpecBus": 485017, "DepreciationDebPLCosAct": 18485, "DepreciationAllowITAct32": {"DepreciationAllowUs32_1_ii": 18485, "DepreciationAllowUs32_1_i": 0, "TotDeprAllowITAct": 18485}, "AdjustPLAfterDeprOthSpecInc": 485017, "AmtDebPLDisallowUs36": 0, "AmtDebPLDisallowUs37": 0, "AmtDebPLDisallowUs40": 0, "AmtDebPLDisallowUs40A": 0, "AmtDebPLDisallowUs43B": 0, "InterestDisAllowUs23SMEAct": 0, "DeemIncUs41": 0, "DeemIncUs3380HHD80IA": 0, "DeemIncUs32AD": 0, "DeemIncUs33AB": 0, "DeemIncUs33ABA": 0, "DeemIncUs35ABA": 0, "DeemIncUs35ABB": 0, "DeemIncUs40A3A": 0, "DeemIncUs72A": 0, "DeemIncUs80HHD": 0, "DeemIncUs80IA": 0, "DeemIncUs43CA": 0, "OthItemDisallowUs28To44DA": 0, "AnyOthIncNotInclInExpDisallowPL": 0, "AnyOthIncNotInclInSalary": 0, "AnyOthIncNotInclInBonus": 0, "AnyOthIncNotInclInCommission": 0, "AnyOthIncNotInclInInterest": 0, "AnyOthIncNotInclInOthers": 0, "IncProfDecLossAccICDSAdj": 0, "TotAfterAddToPLDeprOthSpecInc": 0, "DeductUs32_1_iii": 0, "DebPLUs35ExcessAmt": 0, "AmtDisallUs40NowAllow": 0, "AmtDisallUs43BNowAllow": 0, "AnyOthAmtAllDeduct": 0, "DecProfIncLossAccICDSAdj": 0, "TotDeductionAmts": 0, "PLAftAdjDedBusOthThanSpec": 485017, "DeemedProfitBusUs": {"Section44AD": 0, "Section44ADA": 0, "Section44AE": 0, "Section44B": 0, "Section44BB": 0, "Section44BBA": 0, "Section44DA": 0, "TotDeemedProfitBusUs": 0}, "NetPLAftAdjBusOthThanSpec": 485017, "NetPLBusOthThanSpec7A7B7C": 485017, "ChrgblIncUndrRule7": 0, "DeemedChrgblIncUndrRule7A": 0, "DeemedChrgblIncUndrRule7B1": 0, "DeemedChrgblIncUndrRule7B1A": 0, "DeemedChrgblIncUndrRule8": 0, "IncomeOtherThanRule": 485017, "BalIncDeemedFrmAgri": 0}, "SpecBusinessInc": {"NetPLFrmSpecBus": -20748, "AdditionUs28to44DA": 0, "DeductUs28to44DA": 20748, "AdjustedPLFrmSpecuBus": -41496}, "SpecifiedBusinessInc": {"NetPLFrmSpecifiedBus": 0, "AddSec28to44DA": 0, "DedSec28to44DAOTDedSec35AD": 0, "ProfitLossSpecifiedBusiness": 0, "DeductionUs35AD": 0, "PLFrmSpecifiedBus": 0}, "IncChrgUnHdProftGain": 485017, "BusSetoffCurrYr": {"LossSetOffOnBusLoss": 0, "SpeculativeInc": {"IncOfCurYrUnderThatHead": 0, "BusLossSetoff": 0, "IncOfCurYrAfterSetOff": 0}, "SpecifiedInc": {"IncOfCurYrUnderThatHead": 0, "BusLossSetoff": 0, "IncOfCurYrAfterSetOff": 0}, "TotLossSetOffOnBus": 0, "LossRemainSetOffOnBus": 0}}, "ScheduleDPM": {"PlantMachinery": {"Rate15": {"DepreciationDetail": {"WDVFirstDay": 26775, "AdditionsGrThan180Days": 0, "RealizationTotalPeriod": 0, "FullRateDeprAmt": 26775, "AdditionsLessThan180Days": 82000, "RealizationPeriodLessThan180days": 0, "HalfRateDeprAmt": 82000, "DepreciationAtFullRate": 4016, "DepreciationAtHalfRate": 6150, "AddlnDeprOnGT180DayAdditions": 0, "AddlnDeprOnLessThan180DayAdditions": 0, "AddlnDeprOnAssetLessThan180Days": 0, "TotalDepreciation": 10166, "DepDisAllowUs38_2": 0, "NetAggregateDepreciation": 10166, "ProportionateAggDepreciation": 0, "ExpdrOnTrforSaleAsset": 0, "CapGainUs50": 0, "WDVLastDay": 98609}}, "Rate30": {"DepreciationDetail": {"WDVFirstDay": 0, "AdditionsGrThan180Days": 0, "RealizationTotalPeriod": 0, "FullRateDeprAmt": 0, "AdditionsLessThan180Days": 0, "RealizationPeriodLessThan180days": 0, "HalfRateDeprAmt": 0, "DepreciationAtFullRate": 0, "DepreciationAtHalfRate": 0, "AddlnDeprOnGT180DayAdditions": 0, "AddlnDeprOnLessThan180DayAdditions": 0, "AddlnDeprOnAssetLessThan180Days": 0, "TotalDepreciation": 0, "DepDisAllowUs38_2": 0, "NetAggregateDepreciation": 0, "ProportionateAggDepreciation": 0, "ExpdrOnTrforSaleAsset": 0, "CapGainUs50": 0, "WDVLastDay": 0}}, "Rate40": {"DepreciationDetail": {"WDVFirstDay": 15060, "AdditionsGrThan180Days": 0, "RealizationTotalPeriod": 0, "FullRateDeprAmt": 15060, "AdditionsLessThan180Days": 0, "RealizationPeriodLessThan180days": 0, "HalfRateDeprAmt": 0, "DepreciationAtFullRate": 6024, "DepreciationAtHalfRate": 0, "AddlnDeprOnGT180DayAdditions": 0, "AddlnDeprOnLessThan180DayAdditions": 0, "AddlnDeprOnAssetLessThan180Days": 0, "TotalDepreciation": 6024, "DepDisAllowUs38_2": 0, "NetAggregateDepreciation": 6024, "ProportionateAggDepreciation": 0, "ExpdrOnTrforSaleAsset": 0, "CapGainUs50": 0, "WDVLastDay": 9036}}, "Rate45": {"DepreciationDetail": {"WDVFirstDay": 0, "RealizationTotalPeriod": 0, "FullRateDeprAmt": 0, "DepreciationAtFullRate": 0, "TotalDepreciation": 0, "DepDisAllowUs38_2": 0, "NetAggregateDepreciation": 0, "ProportionateAggDepreciation": 0, "ExpdrOnTrforSaleAsset": 0, "CapGainUs50": 0, "WDVLastDay": 0}}}}, "ScheduleDOA": {"Building": {"Rate5": {"DepreciationDetail": {"WDVFirstDay": 0, "AdditionsGrThan180Days": 0, "RealizationTotalPeriod": 0, "FullRateDeprAmt": 0, "AdditionsLessThan180Days": 0, "RealizationPeriodLessThan180days": 0, "HalfRateDeprAmt": 0, "DepreciationAtFullRate": 0, "DepreciationAtHalfRate": 0, "TotalDepreciation": 0, "DepDisAllowUs38_2": 0, "NetAggregateDepreciation": 0, "ProportionateAggDepreciation": 0, "ExpdrOnTrforSaleAsset": 0, "CapGainUs50": 0, "WDVLastDay": 0}}, "Rate10": {"DepreciationDetail": {"WDVFirstDay": 0, "AdditionsGrThan180Days": 0, "RealizationTotalPeriod": 0, "FullRateDeprAmt": 0, "AdditionsLessThan180Days": 0, "RealizationPeriodLessThan180days": 0, "HalfRateDeprAmt": 0, "DepreciationAtFullRate": 0, "DepreciationAtHalfRate": 0, "TotalDepreciation": 0, "DepDisAllowUs38_2": 0, "NetAggregateDepreciation": 0, "ProportionateAggDepreciation": 0, "ExpdrOnTrforSaleAsset": 0, "CapGainUs50": 0, "WDVLastDay": 0}}, "Rate40": {"DepreciationDetail": {"WDVFirstDay": 0, "AdditionsGrThan180Days": 0, "RealizationTotalPeriod": 0, "FullRateDeprAmt": 0, "AdditionsLessThan180Days": 0, "RealizationPeriodLessThan180days": 0, "HalfRateDeprAmt": 0, "DepreciationAtFullRate": 0, "DepreciationAtHalfRate": 0, "TotalDepreciation": 0, "DepDisAllowUs38_2": 0, "NetAggregateDepreciation": 0, "ProportionateAggDepreciation": 0, "ExpdrOnTrforSaleAsset": 0, "CapGainUs50": 0, "WDVLastDay": 0}}}, "FurnitureFittings": {"Rate10": {"DepreciationDetail": {"WDVFirstDay": 22950, "AdditionsGrThan180Days": 0, "RealizationTotalPeriod": 0, "FullRateDeprAmt": 22950, "AdditionsLessThan180Days": 0, "RealizationPeriodLessThan180days": 0, "HalfRateDeprAmt": 0, "DepreciationAtFullRate": 2295, "DepreciationAtHalfRate": 0, "TotalDepreciation": 2295, "DepDisAllowUs38_2": 0, "NetAggregateDepreciation": 2295, "ProportionateAggDepreciation": 0, "ExpdrOnTrforSaleAsset": 0, "CapGainUs50": 0, "WDVLastDay": 20655}}}, "IntangibleAssets": {"Rate25": {"DepreciationDetail": {"WDVFirstDay": 0, "AdditionsGrThan180Days": 0, "RealizationTotalPeriod": 0, "FullRateDeprAmt": 0, "AdditionsLessThan180Days": 0, "RealizationPeriodLessThan180days": 0, "HalfRateDeprAmt": 0, "DepreciationAtFullRate": 0, "DepreciationAtHalfRate": 0, "TotalDepreciation": 0, "DepDisAllowUs38_2": 0, "NetAggregateDepreciation": 0, "ProportionateAggDepreciation": 0, "ExpdrOnTrforSaleAsset": 0, "CapGainUs50": 0, "WDVLastDay": 0}}}, "Ships": {"Rate20": {"DepreciationDetail": {"WDVFirstDay": 0, "AdditionsGrThan180Days": 0, "RealizationTotalPeriod": 0, "FullRateDeprAmt": 0, "AdditionsLessThan180Days": 0, "RealizationPeriodLessThan180days": 0, "HalfRateDeprAmt": 0, "DepreciationAtFullRate": 0, "DepreciationAtHalfRate": 0, "TotalDepreciation": 0, "DepDisAllowUs38_2": 0, "NetAggregateDepreciation": 0, "ProportionateAggDepreciation": 0, "ExpdrOnTrforSaleAsset": 0, "CapGainUs50": 0, "WDVLastDay": 0}}}}, "ScheduleDEP": {"SummaryFromDeprSch": {"PlantMachinerySummary": {"DeprBlockTot15Percent": 10166, "DeprBlockTot30Percent": 0, "DeprBlockTot40Percent": 6024, "DeprBlockTot45Percent": 0, "TotPlntMach": 16190}, "FurnitureSummary": 2295, "IntangibleAssetSummary": 0, "ShipsSummary": 0, "TotalDepreciation": 18485}}, "ScheduleDCG": {"SummaryFromDeprSchCG": {"FurnitureSummary": 0, "IntangibleAssetSummary": 0, "ShipsSummary": 0, "TotalDepreciation": 0}}, "ScheduleCGFor23": {"ShortTermCapGainFor23": {"SlumpSaleInStcg": {"FMV11UAEii": 0, "FMV11UAEiii": 0, "FullConsideration": 0, "NetWorthOfDivision": 0, "CapgainonAssets": 0}, "EquityMFonSTT": [{"MFSectionCode": "1A", "EquityMFonSTTDtls": {"FullConsideration": 24299359, "DeductSec48": {"AquisitCost": 24602132, "ImproveCost": 0, "ExpOnTrans": 0, "TotalDedn": 24602132}, "BalanceCG": -302773, "LossSec94of7Or94of8": 0, "CapgainonAssets": -302773}}], "NRITransacSec48Dtl": {"NRItaxSTTPaid": 0, "NRItaxSTTNotPaid": 0}, "NRISecur115AD": {"FullValueConsdRecvUnqshr": 0, "FairMrktValueUnqshr": 0, "FullValueConsdSec50CA": 0, "FullValueConsdOthUnqshr": 0, "FullConsideration": 0, "DeductSec48": {"AquisitCost": 0, "ImproveCost": 0, "ExpOnTrans": 0, "TotalDedn": 0}, "BalanceCG": 0, "LossSec94of7Or94of8": 0, "CapgainonAssets": 0}, "SaleOnOtherAssets": {"FullValueConsdRecvUnqshr": 0, "FairMrktValueUnqshr": 0, "FullValueConsdSec50CA": 0, "FullValueConsdOthUnqshr": 0, "FullConsideration": 0, "DeductSec48": {"AquisitCost": 0, "ImproveCost": 0, "ExpOnTrans": 0, "TotalDedn": 0}, "BalanceCG": 0, "LossSec94of7Or94of8": 0, "DeemedStcgOnAssets": 0, "ExemptionOrDednUs54": {"ExemptionOrDednUs54Dtls": [], "ExemptionGrandTotal": 0}, "CapgainonAssets": 0}, "UnutilizedStcgFlag": "X", "AmtDeemedStcg": 0, "TotalAmtDeemedStcg": 0, "PassThrIncNatureSTCG": 0, "PassThrIncNatureSTCG15Per": 0, "PassThrIncNatureSTCG30Per": 0, "PassThrIncNatureSTCGAppRate": 0, "TotalAmtNotTaxUsDTAAStcg": 0, "TotalAmtTaxUsDTAAStcg": 0, "TotalSTCG": -302773}, "LongTermCapGain23": {"SaleofBondsDebntr": {"FullConsideration": 0, "DeductSec48": {"AquisitCost": 0, "ImproveCost": 0, "ExpOnTrans": 0, "TotalDedn": 0}, "BalanceCG": 0, "DeductionUs54F": 0, "CapgainonAssets": 0}, "Proviso112Applicable": [{"Proviso112SectionCode": "22", "Proviso112Applicabledtls": {"FullConsideration": 0, "DeductSec48": {"AquisitCost": 0, "ImproveCost": 0, "ExpOnTrans": 0, "TotalDedn": 0}, "BalanceCG": 0, "DeductionUs54F": 0, "CapgainonAssets": 0}}], "SaleOfEquityShareUs112A": {"BalanceCG": 71360, "DeductionUs54F": 0, "CapgainonAssets": 71360}, "NRIProvisoSec48": {"LTCGWithoutBenefit": 0, "DeductionUs54F": 0, "BalanceCG": 0}, "NRIOnSec112and115": {"NRIOnSec112and115Dtls": [{"SectionCode": "21ciii", "FullValueConsdRecvUnqshr": 0, "FairMrktValueUnqshr": 0, "FullValueConsdSec50CA": 0, "FullValueConsdOthUnqshr": 0, "FullConsideration": 0, "DeductSec48": {"AquisitCost": 0, "ImproveCost": 0, "ExpOnTrans": 0, "TotalDedn": 0}, "BalanceCG": 0, "DeductionUs54F": 0, "CapgainonAssets": 0}]}, "NRISaleOfEquityShareUs112A": {"BalanceCG": 0, "DeductionUs54F": 0, "CapgainonAssets": 0}, "NRISaleofForeignAsset": {"SaleonSpecAsset": 0, "DednSpecAssetus115": 0, "BalonSpeciAsset": 0, "SaleOtherSpecAsset": 0, "DednOtherSpecAssetus115": 0, "BalOtherthanSpecAsset": 0}, "SaleofAssetNA": {"FullValueConsdRecvUnqshr": 0, "FairMrktValueUnqshr": 0, "FullValueConsdSec50CA": 0, "FullValueConsdOthUnqshr": 0, "FullConsideration": 0, "DeductSec48": {"AquisitCost": 0, "ImproveCost": 0, "ExpOnTrans": 0, "TotalDedn": 0}, "BalanceCG": 0, "ExemptionOrDednUs54": {"ExemptionGrandTotal": 0}, "CapgainonAssets": 0}, "UnutilizedLtcgFlag": "X", "AmtDeemedLtcg": 0, "TotalAmtDeemedLtcg": 0, "PassThrIncNatureLTCG": 0, "PassThrIncNatureLTCGUs112A": 0, "PassThrIncNatureLTCG10Per": 0, "PassThrIncNatureLTCG20Per": 0, "SlumpSaleInLtcg": {"FMV11UAEii": 0, "FMV11UAEiii": 0, "FullConsideration": 0, "NetWorthOfDivision": 0, "SlumpBalance": 0, "ExemptionOrDednUs54": {"ExemptionOrDednUs54Dtls": [], "ExemptionGrandTotal": 0}, "CapgainonAssets": 0}, "TotalAmtNotTaxUsDTAALtcg": 0, "TotalAmtTaxUsDTAALtcg": 0, "TotalLTCG": 71360}, "TotScheduleCGFor23": -231413, "DeducClaimInfo": {"TotDeductClaim": 0}, "CurrYrLosses": {"InLossSetOff": {"StclSetoff15Per": 302773, "StclSetoff30Per": 0, "StclSetoffAppRate": 0, "StclSetoffDTAARate": 0, "LtclSetOff10Per": 0, "LtclSetOff20Per": 0, "LtclSetOffDTAARate": 0}, "InStcg15Per": {"CurrYearIncome": 0, "StclSetoff30Per": 0, "StclSetoffAppRate": 0, "StclSetoffDTAARate": 0, "CurrYrCapGain": 0}, "InStcg30Per": {"CurrYearIncome": 0, "StclSetoff15Per": 0, "StclSetoffAppRate": 0, "StclSetoffDTAARate": 0, "CurrYrCapGain": 0}, "InStcgAppRate": {"CurrYearIncome": 0, "StclSetoff15Per": 0, "StclSetoff30Per": 0, "StclSetoffDTAARate": 0, "CurrYrCapGain": 0}, "InStcgDTAARate": {"CurrYearIncome": 0, "StclSetoff15Per": 0, "StclSetoff30Per": 0, "StclSetoffAppRate": 0, "CurrYrCapGain": 0}, "InLtcg10Per": {"CurrYearIncome": 71360, "StclSetoff15Per": 71360, "StclSetoff30Per": 0, "StclSetoffAppRate": 0, "StclSetoffDTAARate": 0, "LtclSetOff20Per": 0, "LtclSetOffDTAARate": 0, "CurrYrCapGain": 0}, "InLtcg20Per": {"CurrYearIncome": 0, "StclSetoff15Per": 0, "StclSetoff30Per": 0, "StclSetoffAppRate": 0, "StclSetoffDTAARate": 0, "LtclSetOff10Per": 0, "LtclSetOffDTAARate": 0, "CurrYrCapGain": 0}, "InLtcgDTAARate": {"CurrYearIncome": 0, "StclSetoff15Per": 0, "StclSetoff30Per": 0, "StclSetoffAppRate": 0, "StclSetoffDTAARate": 0, "LtclSetOff10Per": 0, "LtclSetOff20Per": 0, "CurrYrCapGain": 0}, "TotLossSetOff": {"StclSetoff15Per": 71360, "StclSetoff30Per": 0, "StclSetoffAppRate": 0, "StclSetoffDTAARate": 0, "LtclSetOff10Per": 0, "LtclSetOff20Per": 0, "LtclSetOffDTAARate": 0}, "LossRemainSetOff": {"StclSetoff15Per": 231413, "StclSetoff30Per": 0, "StclSetoffAppRate": 0, "StclSetoffDTAARate": 0, "LtclSetOff10Per": 0, "LtclSetOff20Per": 0, "LtclSetOffDTAARate": 0}}, "AccruOrRecOfCG": {"ShortTermUnder15Per": {"DateRange": {"Upto15Of6": 0, "Upto15Of9": 0, "Up16Of9To15Of12": 0, "Up16Of12To15Of3": 0, "Up16Of3To31Of3": 0}}, "ShortTermUnder30Per": {"DateRange": {"Upto15Of6": 0, "Upto15Of9": 0, "Up16Of9To15Of12": 0, "Up16Of12To15Of3": 0, "Up16Of3To31Of3": 0}}, "ShortTermUnderAppRate": {"DateRange": {"Upto15Of6": 0, "Upto15Of9": 0, "Up16Of9To15Of12": 0, "Up16Of12To15Of3": 0, "Up16Of3To31Of3": 0}}, "ShortTermUnderDTAARate": {"DateRange": {"Upto15Of6": 0, "Upto15Of9": 0, "Up16Of9To15Of12": 0, "Up16Of12To15Of3": 0, "Up16Of3To31Of3": 0}}, "LongTermUnder10Per": {"DateRange": {"Upto15Of6": 0, "Upto15Of9": 0, "Up16Of9To15Of12": 0, "Up16Of12To15Of3": 0, "Up16Of3To31Of3": 0}}, "LongTermUnder20Per": {"DateRange": {"Upto15Of6": 0, "Upto15Of9": 0, "Up16Of9To15Of12": 0, "Up16Of12To15Of3": 0, "Up16Of3To31Of3": 0}}, "LongTermUnderDTAARate": {"DateRange": {"Upto15Of6": 0, "Upto15Of9": 0, "Up16Of9To15Of12": 0, "Up16Of12To15Of3": 0, "Up16Of3To31Of3": 0}}}}, "Schedule112A": {"Schedule112ADtls": [{"ShareOnOrBefore": "BE", "ISINCode": "INF109K01464", "ShareUnitName": "ICICI Prudential Long Term Equity Fund (Tax Saving) - Growth", "NumSharesUnits": 91.063, "SalePricePerShareUnit": 583.4, "TotSaleValue": 53126, "CostAcqWithoutIndx": 33085, "AcquisitionCost": 33085, "LTCGBeforelower6and11": 0, "FairMktValuePerShareunit": 0, "TotFairMktValueCapAst": 0, "ExpExclCnctTransfer": 0, "TotalDeductions": 33085, "Balance": 20041}, {"ShareOnOrBefore": "BE", "ISINCode": "INF740K01185", "ShareUnitName": "DSP  Tax Saver Fund - Regular Plan - Growth", "NumSharesUnits": 565.754, "SalePricePerShareUnit": 78.863, "TotSaleValue": 44617, "CostAcqWithoutIndx": 27441, "AcquisitionCost": 27441, "LTCGBeforelower6and11": 0, "FairMktValuePerShareunit": 0, "TotFairMktValueCapAst": 0, "ExpExclCnctTransfer": 0, "TotalDeductions": 27441, "Balance": 17176}, {"ShareOnOrBefore": "AE", "ISINCode": "INNOTREQUIRD", "ShareUnitName": "CONSOLIDATED", "NumSharesUnits": 0, "SalePricePerShareUnit": 0, "TotSaleValue": 84143, "CostAcqWithoutIndx": 50000, "AcquisitionCost": 50000, "LTCGBeforelower6and11": 0, "FairMktValuePerShareunit": 0, "TotFairMktValueCapAst": 0, "ExpExclCnctTransfer": 0, "TotalDeductions": 50000, "Balance": 34143}], "SaleValue112A": 181886, "CostAcqWithoutIndx112A": 110526, "AcquisitionCost112A": 110526, "LTCGBeforelowerB1B2112A": 0, "FairMktValueCapAst112A": 0, "ExpExclCnctTransfer112A": 0, "Deductions112A": 110526, "Balance112A": 71360}, "Schedule115AD": {"SaleValue115AD": 0, "CostAcqWithoutIndx115AD": 0, "AcquisitionCost115AD": 0, "LTCGBeforelowerB1B2115AD": 0, "FairMktValueCapAst115AD": 0, "ExpExclCnctTransfer115AD": 0, "Deductions115AD": 0, "Balance115AD": 0}, "ScheduleOS": {"IncOthThanOwnRaceHorse": {"GrossIncChrgblTaxAtAppRate": 9479, "DividendGross": 3000, "DividendOthThan22e": 3000, "Dividend22e": 0, "InterestGross": 6479, "IntrstFrmSavingBank": 6479, "IntrstFrmTermDeposit": 0, "IntrstFrmIncmTaxRefund": 0, "NatofPassThrghIncome": 0, "IntrstSec10XIFirstProviso": 0, "IntrstSec10XISecondProviso": 0, "IntrstSec10XIIFirstProviso": 0, "IntrstSec10XIISecondProviso": 0, "IntrstFrmOthers": 0, "RentFromMachPlantBldgs": 0, "Tot562x": 0, "Aggrtvaluewithoutcons562x": 0, "Immovpropwithoutcons562x": 0, "Immovpropinadeqcons562x": 0, "Anyotherpropwithoutcons562x": 0, "Anyotherpropinadeqcons562x": 0, "FamilyPension": 0, "IncomeNotified89AOS": 0, "IncomeNotifiedOther89AOS": 0, "AnyOtherIncome": 0, "IncChargeableSpecialRates": 0, "LtryPzzlChrgblUs115BB": 0, "IncChrgblUs115BBE": 0, "CashCreditsUs68": 0, "UnExplndInvstmntsUs69": 0, "UnExplndMoneyUs69A": 0, "UnDsclsdInvstmntsUs69B": 0, "UnExplndExpndtrUs69C": 0, "AmtBrwdRepaidOnHundiUs69D": 0, "TaxAccumulatedBalRecPF": {"TotalIncomeBenefit": 0, "TotalTaxBenefit": 0}, "OthersGross": 0, "OthersGrossDtls": [], "PassThrIncOSChrgblSplRate": 0, "IncChargblSplRateOS": {"TotalAmtTaxUsDTAASchOs": 0}, "Deductions": {"Expenses": 0, "UsrIntExp57": 0, "IntExp57": 0, "DeductionUs57iia": 0, "Depreciation": 0, "TotDeductions": 0}, "AmtNotDeductibleUs58": 0, "ProfitChargTaxUs59": 0, "Increliefus89AOS": 0, "BalanceNoRaceHorse": 9479}, "TotOthSrcNoRaceHorse": 9479, "IncFromOwnHorse": {"Receipts": 0, "DeductSec57": 0, "AmtNotDeductibleUs58": 0, "ProfitChargTaxUs59": 0, "BalanceOwnRaceHorse": 0}, "IncChargeable": 9479, "IncFrmLottery": {"DateRange": {"Upto15Of6": 0, "Up16Of6To15Of9": 0, "Up16Of9To15Of12": 0, "Up16Of12To15Of3": 0, "Up16Of3To31Of3": 0}}, "DividendIncUs115BBDA": {"DateRange": {"Upto15Of6": 3000, "Up16Of6To15Of9": 0, "Up16Of9To15Of12": 0, "Up16Of12To15Of3": 0, "Up16Of3To31Of3": 0}}, "DividendIncUs115A1ai": {"DateRange": {"Upto15Of6": 0, "Up16Of6To15Of9": 0, "Up16Of9To15Of12": 0, "Up16Of12To15Of3": 0, "Up16Of3To31Of3": 0}}, "DividendIncUs115AC": {"DateRange": {"Upto15Of6": 0, "Up16Of6To15Of9": 0, "Up16Of9To15Of12": 0, "Up16Of12To15Of3": 0, "Up16Of3To31Of3": 0}}, "DividendIncUs115ACA": {"DateRange": {"Upto15Of6": 0, "Up16Of6To15Of9": 0, "Up16Of9To15Of12": 0, "Up16Of12To15Of3": 0, "Up16Of3To31Of3": 0}}, "DividendIncUs115AD1i": {"DateRange": {"Upto15Of6": 0, "Up16Of6To15Of9": 0, "Up16Of9To15Of12": 0, "Up16Of12To15Of3": 0, "Up16Of3To31Of3": 0}}, "DividendDTAA": {"DateRange": {"Upto15Of6": 0, "Up16Of6To15Of9": 0, "Up16Of9To15Of12": 0, "Up16Of12To15Of3": 0, "Up16Of3To31Of3": 0}}, "NOT89A": {"DateRange": {"Upto15Of6": 0, "Up16Of6To15Of9": 0, "Up16Of9To15Of12": 0, "Up16Of12To15Of3": 0, "Up16Of3To31Of3": 0}}}, "ScheduleCYLA": {"Salary": {"IncCYLA": {"IncOfCurYrUnderThatHead": 0, "HPlossCurYrSetoff": 0, "OthSrcLossNoRaceHorseSetoff": 0, "IncOfCurYrAfterSetOff": 0}}, "HP": {"IncCYLA": {"IncOfCurYrUnderThatHead": 0, "BusLossSetoff": 0, "OthSrcLossNoRaceHorseSetoff": 0, "IncOfCurYrAfterSetOff": 0}}, "BusProfExclSpecProf": {"IncCYLA": {"IncOfCurYrUnderThatHead": 485017, "HPlossCurYrSetoff": 171909, "OthSrcLossNoRaceHorseSetoff": 0, "IncOfCurYrAfterSetOff": 313108}}, "SpeculativeInc": {"IncCYLA": {"IncOfCurYrUnderThatHead": 0, "HPlossCurYrSetoff": 0, "OthSrcLossNoRaceHorseSetoff": 0, "IncOfCurYrAfterSetOff": 0}}, "SpecifiedInc": {"IncCYLA": {"IncOfCurYrUnderThatHead": 0, "HPlossCurYrSetoff": 0, "OthSrcLossNoRaceHorseSetoff": 0, "IncOfCurYrAfterSetOff": 0}}, "STCG15Per": {"IncCYLA": {"IncOfCurYrUnderThatHead": 0, "HPlossCurYrSetoff": 0, "OthSrcLossNoRaceHorseSetoff": 0, "BusLossSetoff": 0, "IncOfCurYrAfterSetOff": 0}}, "STCG30Per": {"IncCYLA": {"IncOfCurYrUnderThatHead": 0, "HPlossCurYrSetoff": 0, "OthSrcLossNoRaceHorseSetoff": 0, "BusLossSetoff": 0, "IncOfCurYrAfterSetOff": 0}}, "STCGAppRate": {"IncCYLA": {"IncOfCurYrUnderThatHead": 0, "HPlossCurYrSetoff": 0, "OthSrcLossNoRaceHorseSetoff": 0, "BusLossSetoff": 0, "IncOfCurYrAfterSetOff": 0}}, "STCGDTAARate": {"IncCYLA": {"IncOfCurYrUnderThatHead": 0, "HPlossCurYrSetoff": 0, "OthSrcLossNoRaceHorseSetoff": 0, "BusLossSetoff": 0, "IncOfCurYrAfterSetOff": 0}}, "LTCG10Per": {"IncCYLA": {"IncOfCurYrUnderThatHead": 0, "HPlossCurYrSetoff": 0, "OthSrcLossNoRaceHorseSetoff": 0, "BusLossSetoff": 0, "IncOfCurYrAfterSetOff": 0}}, "LTCG20Per": {"IncCYLA": {"IncOfCurYrUnderThatHead": 0, "HPlossCurYrSetoff": 0, "OthSrcLossNoRaceHorseSetoff": 0, "BusLossSetoff": 0, "IncOfCurYrAfterSetOff": 0}}, "LTCGDTAARate": {"IncCYLA": {"IncOfCurYrUnderThatHead": 0, "HPlossCurYrSetoff": 0, "OthSrcLossNoRaceHorseSetoff": 0, "BusLossSetoff": 0, "IncOfCurYrAfterSetOff": 0}}, "OthSrcExclRaceHorse": {"IncCYLA": {"IncOfCurYrUnderThatHead": 9479, "HPlossCurYrSetoff": 0, "BusLossSetoff": 0, "IncOfCurYrAfterSetOff": 9479}}, "OthSrcRaceHorse": {"IncCYLA": {"IncOfCurYrUnderThatHead": 0, "HPlossCurYrSetoff": 0, "OthSrcLossNoRaceHorseSetoff": 0, "BusLossSetoff": 0, "IncOfCurYrAfterSetOff": 0}}, "IncOSDTAA": {"IncCYLA": {"IncOfCurYrUnderThatHead": 0, "HPlossCurYrSetoff": 0, "OthSrcLossNoRaceHorseSetoff": 0, "BusLossSetoff": 0, "IncOfCurYrAfterSetOff": 0}}, "TotalCurYr": {"TotHPlossCurYr": 171909, "TotBusLoss": 0, "TotOthSrcLossNoRaceHorse": 0}, "TotalLossSetOff": {"TotHPlossCurYrSetoff": 171909, "TotBusLossSetoff": 0, "TotOthSrcLossNoRaceHorseSetoff": 0}, "LossRemAftSetOff": {"BalBusLossAftSetoff": 0, "BalHPlossCurYrAftSetoff": 0, "BalOthSrcLossNoRaceHorseAftSetoff": 0}}, "ScheduleBFLA": {"Salary": {"IncBFLA": {"IncOfCurYrUndHeadFromCYLA": 0, "IncOfCurYrAfterSetOffBFLosses": 0}}, "HP": {"IncBFLA": {"IncOfCurYrUndHeadFromCYLA": 0, "BFAllUs35Cl4Setoff": 0, "BFlossPrevYrUndSameHeadSetoff": 0, "BFUnabsorbedDeprSetoff": 0, "IncOfCurYrAfterSetOffBFLosses": 0}}, "BusProfExclSpecProf": {"IncBFLA": {"IncOfCurYrUndHeadFromCYLA": 313108, "BFAllUs35Cl4Setoff": 0, "BFlossPrevYrUndSameHeadSetoff": 0, "BFUnabsorbedDeprSetoff": 0, "IncOfCurYrAfterSetOffBFLosses": 313108}}, "SpeculativeInc": {"IncBFLA": {"IncOfCurYrUndHeadFromCYLA": 0, "BFAllUs35Cl4Setoff": 0, "BFlossPrevYrUndSameHeadSetoff": 0, "BFUnabsorbedDeprSetoff": 0, "IncOfCurYrAfterSetOffBFLosses": 0}}, "SpecifiedInc": {"IncBFLA": {"IncOfCurYrUndHeadFromCYLA": 0, "BFAllUs35Cl4Setoff": 0, "BFlossPrevYrUndSameHeadSetoff": 0, "BFUnabsorbedDeprSetoff": 0, "IncOfCurYrAfterSetOffBFLosses": 0}}, "STCG15Per": {"IncBFLA": {"IncOfCurYrUndHeadFromCYLA": 0, "BFAllUs35Cl4Setoff": 0, "BFlossPrevYrUndSameHeadSetoff": 0, "BFUnabsorbedDeprSetoff": 0, "IncOfCurYrAfterSetOffBFLosses": 0}}, "STCG30Per": {"IncBFLA": {"IncOfCurYrUndHeadFromCYLA": 0, "BFAllUs35Cl4Setoff": 0, "BFlossPrevYrUndSameHeadSetoff": 0, "BFUnabsorbedDeprSetoff": 0, "IncOfCurYrAfterSetOffBFLosses": 0}}, "STCGAppRate": {"IncBFLA": {"IncOfCurYrUndHeadFromCYLA": 0, "BFAllUs35Cl4Setoff": 0, "BFlossPrevYrUndSameHeadSetoff": 0, "BFUnabsorbedDeprSetoff": 0, "IncOfCurYrAfterSetOffBFLosses": 0}}, "STCGDTAARate": {"IncBFLA": {"IncOfCurYrUndHeadFromCYLA": 0, "BFAllUs35Cl4Setoff": 0, "BFlossPrevYrUndSameHeadSetoff": 0, "BFUnabsorbedDeprSetoff": 0, "IncOfCurYrAfterSetOffBFLosses": 0}}, "LTCG10Per": {"IncBFLA": {"IncOfCurYrUndHeadFromCYLA": 0, "BFAllUs35Cl4Setoff": 0, "BFlossPrevYrUndSameHeadSetoff": 0, "BFUnabsorbedDeprSetoff": 0, "IncOfCurYrAfterSetOffBFLosses": 0}}, "LTCG20Per": {"IncBFLA": {"IncOfCurYrUndHeadFromCYLA": 0, "BFAllUs35Cl4Setoff": 0, "BFlossPrevYrUndSameHeadSetoff": 0, "BFUnabsorbedDeprSetoff": 0, "IncOfCurYrAfterSetOffBFLosses": 0}}, "LTCGDTAARate": {"IncBFLA": {"IncOfCurYrUndHeadFromCYLA": 0, "BFAllUs35Cl4Setoff": 0, "BFlossPrevYrUndSameHeadSetoff": 0, "BFUnabsorbedDeprSetoff": 0, "IncOfCurYrAfterSetOffBFLosses": 0}}, "OthSrcExclRaceHorse": {"IncBFLA": {"IncOfCurYrUndHeadFromCYLA": 9479, "BFAllUs35Cl4Setoff": 0, "BFUnabsorbedDeprSetoff": 0, "IncOfCurYrAfterSetOffBFLosses": 9479}}, "OthSrcRaceHorse": {"IncBFLA": {"IncOfCurYrUndHeadFromCYLA": 0, "BFAllUs35Cl4Setoff": 0, "BFlossPrevYrUndSameHeadSetoff": 0, "BFUnabsorbedDeprSetoff": 0, "IncOfCurYrAfterSetOffBFLosses": 0}}, "IncOSDTAA": {"IncBFLA": {"IncOfCurYrUndHeadFromCYLA": 0, "BFAllUs35Cl4Setoff": 0, "BFUnabsorbedDeprSetoff": 0, "IncOfCurYrAfterSetOffBFLosses": 0}}, "TotalBFLossSetOff": {"TotBFLossSetoff": 0, "TotUnabsorbedDeprSetoff": 0, "TotAllUs35cl4Setoff": 0}, "IncomeOfCurrYrAftCYLABFLA": 322587}, "ScheduleCFL": {"TotalOfBFLossesEarlierYrs": {"LossSummaryDetail": {"TotalHPPTILossCF": 0, "BusLossOthThanSpecLossCF": 0, "LossFrmSpecBusCF": 0, "LossFrmSpecifiedBusCF": 0, "TotalSTCGPTILossCF": 0, "TotalLTCGPTILossCF": 0, "OthSrcLossRaceHorseCF": 0}}, "AdjTotBFLossInBFLA": {"LossSummaryDetail": {"TotalHPPTILossCF": 0, "BusLossOthThanSpecLossCF": 0, "LossFrmSpecBusCF": 0, "LossFrmSpecifiedBusCF": 0, "TotalSTCGPTILossCF": 0, "TotalLTCGPTILossCF": 0, "OthSrcLossRaceHorseCF": 0}}, "CurrentAYloss": {"LossSummaryDetail": {"TotalHPPTILossCF": 0, "BusLossOthThanSpecLossCF": 0, "LossFrmSpecBusCF": 41496, "LossFrmSpecifiedBusCF": 0, "TotalSTCGPTILossCF": 231413, "TotalLTCGPTILossCF": 0, "OthSrcLossRaceHorseCF": 0}}, "TotalLossCFSummary": {"LossSummaryDetail": {"TotalHPPTILossCF": 0, "BusLossOthThanSpecLossCF": 0, "LossFrmSpecBusCF": 41496, "LossFrmSpecifiedBusCF": 0, "TotalSTCGPTILossCF": 231413, "TotalLTCGPTILossCF": 0, "OthSrcLossRaceHorseCF": 0}}}, "ITR3ScheduleUD": {"CurrAssYr": "2022-23", "CurBalCFNY": 0, "CurAllowBalCFNY": 0, "TotBFUDepritAmt": 0, "TotAdjustAccTax115BACAmt": 0, "TotCurYrdepritSetoffInc": 0, "TotDepritBalCFNY": 0, "TotBFUAllowAmt": 0, "TotCurYrAllowSetoffInc": 0, "TotalBalCFNY": 0}, "Schedule80G": {"TotalDonationsUs80GCash": 0, "TotalDonationsUs80GOtherMode": 0, "TotalDonationsUs80G": 0, "TotalEligibleDonationsUs80G": 0}, "Schedule80D": {"Sec80DSelfFamSrCtznHealth": {"SeniorCitizenFlag": "N", "SelfAndFamily": 25000, "HealthInsPremSlfFam": 25000, "PrevHlthChckUpSlfFam": 0, "SelfAndFamilySeniorCitizen": 0, "HlthInsPremSlfFamSrCtzn": 0, "PrevHlthChckUpSlfFamSrCtzn": 0, "MedicalExpSlfFamSrCtzn": 0, "ParentsSeniorCitizenFlag": "P", "Parents": 0, "HlthInsPremParents": 0, "PrevHlthChckUpParents": 0, "ParentsSeniorCitizen": 0, "HlthInsPremParentsSrCtzn": 0, "PrevHlthChckUpParentsSrCtzn": 0, "MedicalExpParentsSrCtzn": 0, "EligibleAmountOfDedn": 25000}}, "ScheduleVIA": {"UsrDeductUndChapVIA": {"Section80C": 150000, "Section80CCC": 0, "Section80CCDEmployeeOrSE": 0, "Section80CCD1B": 0, "Section80CCDEmployer": 0, "Section80D": 25000, "Section80DD": 0, "Section80DDB": 0, "Section80E": 0, "Section80EE": 0, "Section80EEA": 0, "Section80EEB": 0, "Section80G": 0, "Section80GG": 0, "Section80GGC": 0, "TotPartBchapterVIA": 175000, "Section80IA": 0, "Section80IAB": 0, "Section80IB": 0, "Section80IBA": 0, "Section80IC": 0, "Section80JJA": 0, "Section80JJAA": 0, "Section80RRB": 0, "Section80QQB": 0, "TotPartCchapterVIA": 0, "Section80U": 0, "Section80TTA": 6479, "Section80TTB": 0, "TotPartCAandDchapterVIA": 6479, "TotalChapVIADeductions": 181479}, "DeductUndChapVIA": {"Section80C": 150000, "Section80CCC": 0, "Section80CCDEmployeeOrSE": 0, "Section80CCD1B": 0, "Section80CCDEmployer": 0, "Section80D": 25000, "Section80DD": 0, "Section80DDB": 0, "Section80E": 0, "Section80EE": 0, "Section80EEA": 0, "Section80EEB": 0, "Section80G": 0, "Section80GG": 0, "Section80GGC": 0, "TotPartBchapterVIA": 175000, "Section80IA": 0, "Section80IAB": 0, "Section80IB": 0, "Section80IBA": 0, "Section80IC": 0, "Section80JJA": 0, "Section80JJAA": 0, "Section80RRB": 0, "Section80QQB": 0, "TotPartCchapterVIA": 0, "Section80TTA": 6479, "Section80TTB": 0, "Section80U": 0, "TotPartCAandDchapterVIA": 6479, "TotalChapVIADeductions": 181479}}, "ScheduleAMT": {"TotalIncItem11": 141110, "AdjustmentSec115JC": {"DeductClaimSec6A": 0, "DeductClaimSec10AA": 0, "DeductClaimSec35AD": 0, "Total": 0}, "AdjustedUnderSec115JC": 141110, "AdjustedUnderSec115JCIFSC": 0, "AdjustedUnderSec115JCOther": 141110, "TaxPayableUnderSec115JC": 0}, "ScheduleAMTC": {"TaxSection115JC": 0, "TaxOthProvisions": 0, "AmtTaxCreditAvailable": 0, "ScheduleAMTCDtls": [{"AssYr": "2013-14", "AmtCreditFwd": 0, "AmtCreditSetOfEy": 0, "AmtCreditBalBroughtFwd": 0, "AmtCreditUtilized": 0, "BalAmtCreditCarryFwd": 0}, {"AssYr": "2014-15", "AmtCreditFwd": 0, "AmtCreditSetOfEy": 0, "AmtCreditBalBroughtFwd": 0, "AmtCreditUtilized": 0, "BalAmtCreditCarryFwd": 0}, {"AssYr": "2015-16", "AmtCreditFwd": 0, "AmtCreditSetOfEy": 0, "AmtCreditBalBroughtFwd": 0, "AmtCreditUtilized": 0, "BalAmtCreditCarryFwd": 0}, {"AssYr": "2016-17", "AmtCreditFwd": 0, "AmtCreditSetOfEy": 0, "AmtCreditBalBroughtFwd": 0, "AmtCreditUtilized": 0, "BalAmtCreditCarryFwd": 0}, {"AssYr": "2017-18", "AmtCreditFwd": 0, "AmtCreditSetOfEy": 0, "AmtCreditBalBroughtFwd": 0, "AmtCreditUtilized": 0, "BalAmtCreditCarryFwd": 0}, {"AssYr": "2018-19", "AmtCreditFwd": 0, "AmtCreditSetOfEy": 0, "AmtCreditBalBroughtFwd": 0, "AmtCreditUtilized": 0, "BalAmtCreditCarryFwd": 0}, {"AssYr": "2019-20", "AmtCreditFwd": 0, "AmtCreditSetOfEy": 0, "AmtCreditBalBroughtFwd": 0, "AmtCreditUtilized": 0, "BalAmtCreditCarryFwd": 0}, {"AssYr": "2020-21", "AmtCreditFwd": 0, "AmtCreditSetOfEy": 0, "AmtCreditBalBroughtFwd": 0, "AmtCreditUtilized": 0, "BalAmtCreditCarryFwd": 0}, {"AssYr": "2021-22", "AmtCreditFwd": 0, "AmtCreditSetOfEy": 0, "AmtCreditBalBroughtFwd": 0, "AmtCreditUtilized": 0, "BalAmtCreditCarryFwd": 0}], "CurrAssYr": "2022-23", "CurrYrAmtCreditFwd": 0, "CurrYrCreditCarryFwd": 0, "TotAMTGross": 0, "TotSetOffEys": 0, "TotBalBF": 0, "TotAmtCreditUtilisedCY": 0, "TotBalAMTCreditCF": 0, "TaxSection115JD": 0, "AmtLiabilityAvailable": 0}, "ScheduleSI": {"SplCodeRateTax": [{"SecCode": "1", "SplRatePercent": 1, "SplRateInc": 0, "SplRateIncTax": 0}, {"SecCode": "1A", "SplRatePercent": 15, "SplRateInc": 0, "SplRateIncTax": 0}, {"SecCode": "5ADii", "SplRatePercent": 30, "SplRateInc": 0, "SplRateIncTax": 0}, {"SecCode": "22", "SplRatePercent": 10, "SplRateInc": 0, "SplRateIncTax": 0}, {"SecCode": "21ciii", "SplRatePercent": 10, "SplRateInc": 0, "SplRateIncTax": 0}, {"SecCode": "5ACA1b", "SplRatePercent": 10, "SplRateInc": 0, "SplRateIncTax": 0}, {"SecCode": "5ACA1a", "SplRatePercent": 10, "SplRateInc": 0, "SplRateIncTax": 0}, {"SecCode": "5ACA1b", "SplRatePercent": 10, "SplRateInc": 0, "SplRateIncTax": 0}, {"SecCode": "5ADiii", "SplRatePercent": 10, "SplRateInc": 0, "SplRateIncTax": 0}, {"SecCode": "5Eb", "SplRatePercent": 10, "SplRateInc": 0, "SplRateIncTax": 0}, {"SecCode": "21", "SplRatePercent": 20, "SplRateInc": 0, "SplRateIncTax": 0}, {"SecCode": "5BB", "SplRatePercent": 30, "SplRateInc": 0, "SplRateIncTax": 0}, {"SecCode": "5BBE", "SplRatePercent": 60, "SplRateInc": 0, "SplRateIncTax": 0}, {"SecCode": "5BBF_BP", "SplRatePercent": 10, "SplRateInc": 0, "SplRateIncTax": 0}, {"SecCode": "5BBF", "SplRatePercent": 10, "SplRateInc": 0, "SplRateIncTax": 0}, {"SecCode": "5BBG", "SplRatePercent": 10, "SplRateInc": 0, "SplRateIncTax": 0}, {"SecCode": "DTAAOS", "SplRatePercent": 1, "SplRateInc": 0, "SplRateIncTax": 0}], "TotSplRateInc": 0, "TotSplRateIncTax": 0}, "ScheduleSPI": {}, "ScheduleIF": {"PartnerFirmDetails": [{"FirmName": "KRISHNA AYURVEDIC AND COSMETICS", "FirmPAN": "AAKFK5688Q", "IsLiableToAudit": "N", "Sec92EFirmFlag": "N", "ProfitSharePercent": 50, "ProfitShareAmt": 0, "FirmCapBalOn31Mar": 0}], "TotalProfitShareAmt": 0, "TotalFirmCapBalOn31Mar": 0}, "ScheduleEI": {"InterestInc": 0, "GrossAgriRecpt": 0, "ExpIncAgri": 0, "UnabAgriLossPrev8": 0, "AgriIncRule7and8": 0, "NetAgriIncOrOthrIncRule7": 0, "Others": 0, "IncChrgblAsPerDTAA": 0, "PassThrIncNotChrgblTax": 0, "TotalExemptInc": 0}, "ScheduleTPSA": {"AmtPrimaryAdjUs92CE_2A": 0, "AdditionalIncTax18PercAbove": 0, "Surcharge12Perc": 0, "HealthEducationCess": 0, "TotalAdditionalTax": 0, "TaxesPaid": 0, "NetTaxPayable": 0, "TotalAmountDeposited": 0}, "ScheduleTR1": {"TotalTaxPaidOutsideIndia": 0, "TotalTaxReliefOutsideIndia": 0, "TaxReliefOutsideIndiaDTAA": 0, "TaxReliefOutsideIndiaNotDTAA": 0, "TaxPaidOutsideIndFlg": "NO"}, "ScheduleFA": {}, "ScheduleGST": {"TurnoverGrsRcptForGSTIN": [{"GSTINNo": "07BNPPB2771Q1ZE", "AmtTurnGrossRcptGSTIN": 116824899}]}, "PartB-TI": {"Salaries": 0, "IncomeFromHP": 0, "ProfBusGain": {"ProfGainNoSpecBus": 485017, "ProfGainSpecBus": 0, "ProfGainSpecifiedBus": 0, "ProfIncome115BBF": 0, "TotProfBusGain": 485017}, "CapGain": {"ShortTerm": {"ShortTerm15Per": 0, "ShortTerm30Per": 0, "ShortTermAppRate": 0, "ShortTermSplRateDTAA": 0, "TotalShortTerm": 0}, "LongTerm": {"LongTerm10Per": 0, "LongTerm20Per": 0, "LongTermSplRateDTAA": 0, "TotalLongTerm": 0}, "TotalCapGains": 0}, "IncFromOS": {"OtherSrcThanOwnRaceHorse": 9479, "IncChargblSplRate": 0, "FromOwnRaceHorse": 0, "TotIncFromOS": 9479}, "TotalTI": 494496, "CurrentYearLoss": 171909, "BalanceAfterSetoffLosses": 322587, "BroughtFwdLossesSetoff": 0, "GrossTotalIncome": 322587, "IncChargeTaxSplRate111A112": 0, "DeductionsUndSchVIADtl": {"PartBchapterVIA": 181479, "PartCchapterVIA": 0, "TotDeductUndSchVIA": 181479}, "DeductionsUnder10Aor10AA": 0, "TotalIncome": 141110, "IncChargeableTaxSplRates": 0, "NetAgricultureIncomeOrOtherIncomeForRate": 0, "AggregateIncome": 0, "LossesOfCurrentYearCarriedFwd": 272909, "DeemedIncomeUs115JC": 141110}, "PartB_TTI": {"ComputationOfTaxLiability": {"TaxPayableOnDeemedTI": {"TaxDeemedTISec115JC": 0, "SurchargeOnAboveCrore": 0, "EducationCess": 0, "TotalTax": 0}, "TaxPayableOnTI": {"TaxAtNormalRatesOnAggrInc": 0, "TaxAtSpecialRates": 0, "RebateOnAgriInc": 0, "TaxPayableOnTotInc": 0, "Rebate87A": 0, "TaxPayableOnRebate": 0, "Surcharge25ofSI": 0, "Surcharge25ofSIBeforeMarginal": 0, "SurchargeOnAboveCroreBeforeMarginal": 0, "SurchargeOnAboveCrore": 0, "TotalSurcharge": 0, "EducationCess": 0, "GrossTaxLiability": 0}, "GrossTaxPayable": 0, "GrossTaxPay": {"TaxInc17": 0, "TaxDeferred17": 0, "TaxDeferredPayableCY": 0}, "CreditUS115JD": 0, "TaxPayAfterCreditUs115JD": 0, "TaxRelief": {"Section89": 0, "Section90": 0, "Section91": 0, "TotTaxRelief": 0}, "NetTaxLiability": 0, "IntrstPay": {"IntrstPayUs234A": 0, "IntrstPayUs234B": 0, "IntrstPayUs234C": 0, "LateFilingFee234F": 0, "TotalIntrstPay": 0}, "AggregateTaxInterestLiability": 0}, "TaxPaid": {"TaxesPaid": {"AdvanceTax": 0, "TDS": 47379, "TCS": 8733, "SelfAssessmentTax": 0, "TotalTaxesPaid": 56112}, "BalTaxPayable": 0}, "Refund": {"RefundDue": 56110, "BankAccountDtls": {"AddtnlBankDetails": [{"IFSCCode": "DCBL0000091", "BankName": "DEVELOPMENT CREDIT BANK LIMITED", "BankAccountNo": "09112499925735", "UseForRefund": "false"}, {"IFSCCode": "INDB0000334", "BankName": "INDUSIND BANK", "BankAccountNo": "169999925735", "UseForRefund": "true"}, {"IFSCCode": "CNRB0018215", "BankName": "CANARA BANK", "BankAccountNo": "82152200145290", "UseForRefund": "false"}], "BankDtlsFlag": "Y"}}, "AssetOutIndiaFlag": "NO"}, "ScheduleTDS2": {"TDSOthThanSalaryDtls": [{"TDSCreditName": "S", "TANOfDeductor": "DELV05235G", "TaxDeductCreditDtls": {"TaxDeductedOwnHands": 799, "TaxClaimedOwnHands": 799}, "GrossAmount": 15988, "HeadOfIncome": "BP", "AmtCarriedFwd": 0}, {"TDSCreditName": "S", "TANOfDeductor": "BLRZ11856F", "TaxDeductCreditDtls": {"TaxDeductedOwnHands": 300, "TaxClaimedOwnHands": 300}, "GrossAmount": 3000, "HeadOfIncome": "OS", "AmtCarriedFwd": 0}, {"TDSCreditName": "S", "TANOfDeductor": "DELS85987G", "TaxDeductCreditDtls": {"TaxDeductedOwnHands": 250, "TaxClaimedOwnHands": 250}, "GrossAmount": 249539, "HeadOfIncome": "BP", "AmtCarriedFwd": 0}, {"TDSCreditName": "S", "TANOfDeductor": "DELS85987G", "TaxDeductCreditDtls": {"TaxDeductedOwnHands": 446, "TaxClaimedOwnHands": 446}, "GrossAmount": 445755, "HeadOfIncome": "BP", "AmtCarriedFwd": 0}, {"TDSCreditName": "S", "TANOfDeductor": "DELS85987G", "TaxDeductCreditDtls": {"TaxDeductedOwnHands": 216, "TaxClaimedOwnHands": 216}, "GrossAmount": 216293, "HeadOfIncome": "BP", "AmtCarriedFwd": 0}, {"TDSCreditName": "S", "TANOfDeductor": "DELS85987G", "TaxDeductCreditDtls": {"TaxDeductedOwnHands": 321, "TaxClaimedOwnHands": 321}, "GrossAmount": 320686, "HeadOfIncome": "BP", "AmtCarriedFwd": 0}, {"TDSCreditName": "S", "TANOfDeductor": "DELS85987G", "TaxDeductCreditDtls": {"TaxDeductedOwnHands": 411, "TaxClaimedOwnHands": 411}, "GrossAmount": 411173, "HeadOfIncome": "BP", "AmtCarriedFwd": 0}, {"TDSCreditName": "S", "TANOfDeductor": "DELS85987G", "TaxDeductCreditDtls": {"TaxDeductedOwnHands": 420, "TaxClaimedOwnHands": 420}, "GrossAmount": 419530, "HeadOfIncome": "BP", "AmtCarriedFwd": 0}, {"TDSCreditName": "S", "TANOfDeductor": "DELS85987G", "TaxDeductCreditDtls": {"TaxDeductedOwnHands": 219, "TaxClaimedOwnHands": 219}, "GrossAmount": 218794, "HeadOfIncome": "BP", "AmtCarriedFwd": 0}, {"TDSCreditName": "S", "TANOfDeductor": "DELS85987G", "TaxDeductCreditDtls": {"TaxDeductedOwnHands": 211, "TaxClaimedOwnHands": 211}, "GrossAmount": 211059, "HeadOfIncome": "BP", "AmtCarriedFwd": 0}, {"TDSCreditName": "S", "TANOfDeductor": "DELS85987G", "TaxDeductCreditDtls": {"TaxDeductedOwnHands": 126, "TaxClaimedOwnHands": 126}, "GrossAmount": 126225, "HeadOfIncome": "BP", "AmtCarriedFwd": 0}, {"TDSCreditName": "S", "TANOfDeductor": "DELM26018G", "TaxDeductCreditDtls": {"TaxDeductedOwnHands": 2085, "TaxClaimedOwnHands": 2085}, "GrossAmount": 2084912, "HeadOfIncome": "BP", "AmtCarriedFwd": 0}, {"TDSCreditName": "S", "TANOfDeductor": "DELM26018G", "TaxDeductCreditDtls": {"TaxDeductedOwnHands": 475, "TaxClaimedOwnHands": 475}, "GrossAmount": 474769, "HeadOfIncome": "BP", "AmtCarriedFwd": 0}, {"TDSCreditName": "S", "TANOfDeductor": "DELS85987G", "TaxDeductCreditDtls": {"TaxDeductedOwnHands": 259, "TaxClaimedOwnHands": 259}, "GrossAmount": 259266, "HeadOfIncome": "BP", "AmtCarriedFwd": 0}, {"TDSCreditName": "S", "TANOfDeductor": "DELS85987G", "TaxDeductCreditDtls": {"TaxDeductedOwnHands": 140, "TaxClaimedOwnHands": 140}, "GrossAmount": 140071, "HeadOfIncome": "BP", "AmtCarriedFwd": 0}, {"TDSCreditName": "S", "TANOfDeductor": "DELS85987G", "TaxDeductCreditDtls": {"TaxDeductedOwnHands": 190, "TaxClaimedOwnHands": 190}, "GrossAmount": 189743, "HeadOfIncome": "BP", "AmtCarriedFwd": 0}, {"TDSCreditName": "S", "TANOfDeductor": "DELS85987G", "TaxDeductCreditDtls": {"TaxDeductedOwnHands": 89, "TaxClaimedOwnHands": 89}, "GrossAmount": 88783, "HeadOfIncome": "BP", "AmtCarriedFwd": 0}, {"TDSCreditName": "S", "TANOfDeductor": "DELS85987G", "TaxDeductCreditDtls": {"TaxDeductedOwnHands": 377, "TaxClaimedOwnHands": 377}, "GrossAmount": 376919, "HeadOfIncome": "BP", "AmtCarriedFwd": 0}, {"TDSCreditName": "S", "TANOfDeductor": "DELS85987G", "TaxDeductCreditDtls": {"TaxDeductedOwnHands": 191, "TaxClaimedOwnHands": 191}, "GrossAmount": 190634, "HeadOfIncome": "BP", "AmtCarriedFwd": 0}, {"TDSCreditName": "S", "TANOfDeductor": "DELS85987G", "TaxDeductCreditDtls": {"TaxDeductedOwnHands": 373, "TaxClaimedOwnHands": 373}, "GrossAmount": 373389, "HeadOfIncome": "BP", "AmtCarriedFwd": 0}, {"TDSCreditName": "S", "TANOfDeductor": "DELS85987G", "TaxDeductCreditDtls": {"TaxDeductedOwnHands": 188, "TaxClaimedOwnHands": 188}, "GrossAmount": 187621, "HeadOfIncome": "BP", "AmtCarriedFwd": 0}, {"TDSCreditName": "S", "TANOfDeductor": "DELS85987G", "TaxDeductCreditDtls": {"TaxDeductedOwnHands": 402, "TaxClaimedOwnHands": 402}, "GrossAmount": 401906, "HeadOfIncome": "BP", "AmtCarriedFwd": 0}, {"TDSCreditName": "S", "TANOfDeductor": "DELS85987G", "TaxDeductCreditDtls": {"TaxDeductedOwnHands": 259, "TaxClaimedOwnHands": 259}, "GrossAmount": 258941, "HeadOfIncome": "BP", "AmtCarriedFwd": 0}, {"TDSCreditName": "S", "TANOfDeductor": "DELM26018G", "TaxDeductCreditDtls": {"TaxDeductedOwnHands": 1920, "TaxClaimedOwnHands": 1920}, "GrossAmount": 1919531, "HeadOfIncome": "BP", "AmtCarriedFwd": 0}, {"TDSCreditName": "S", "TANOfDeductor": "DELS85987G", "TaxDeductCreditDtls": {"TaxDeductedOwnHands": 55, "TaxClaimedOwnHands": 55}, "GrossAmount": 54503, "HeadOfIncome": "BP", "AmtCarriedFwd": 0}, {"TDSCreditName": "S", "TANOfDeductor": "DELS85987G", "TaxDeductCreditDtls": {"TaxDeductedOwnHands": 168, "TaxClaimedOwnHands": 168}, "GrossAmount": 168096, "HeadOfIncome": "BP", "AmtCarriedFwd": 0}, {"TDSCreditName": "S", "TANOfDeductor": "DELS85987G", "TaxDeductCreditDtls": {"TaxDeductedOwnHands": 278, "TaxClaimedOwnHands": 278}, "GrossAmount": 277909, "HeadOfIncome": "BP", "AmtCarriedFwd": 0}, {"TDSCreditName": "S", "TANOfDeductor": "DELS85987G", "TaxDeductCreditDtls": {"TaxDeductedOwnHands": 218, "TaxClaimedOwnHands": 218}, "GrossAmount": 217551, "HeadOfIncome": "BP", "AmtCarriedFwd": 0}, {"TDSCreditName": "S", "TANOfDeductor": "DELM26018G", "TaxDeductCreditDtls": {"TaxDeductedOwnHands": 3514, "TaxClaimedOwnHands": 3514}, "GrossAmount": 3513537, "HeadOfIncome": "BP", "AmtCarriedFwd": 0}, {"TDSCreditName": "S", "TANOfDeductor": "DELV05524B", "TaxDeductCreditDtls": {"TaxDeductedOwnHands": 929, "TaxClaimedOwnHands": 929}, "GrossAmount": 929311, "HeadOfIncome": "BP", "AmtCarriedFwd": 0}, {"TDSCreditName": "S", "TANOfDeductor": "DELS85987G", "TaxDeductCreditDtls": {"TaxDeductedOwnHands": 202, "TaxClaimedOwnHands": 202}, "GrossAmount": 201610, "HeadOfIncome": "BP", "AmtCarriedFwd": 0}, {"TDSCreditName": "S", "TANOfDeductor": "DELS85987G", "TaxDeductCreditDtls": {"TaxDeductedOwnHands": 473, "TaxClaimedOwnHands": 473}, "GrossAmount": 472672, "HeadOfIncome": "BP", "AmtCarriedFwd": 0}, {"TDSCreditName": "S", "TANOfDeductor": "DELS85987G", "TaxDeductCreditDtls": {"TaxDeductedOwnHands": 295, "TaxClaimedOwnHands": 295}, "GrossAmount": 294773, "HeadOfIncome": "BP", "AmtCarriedFwd": 0}, {"TDSCreditName": "S", "TANOfDeductor": "DELM26018G", "TaxDeductCreditDtls": {"TaxDeductedOwnHands": 3002, "TaxClaimedOwnHands": 3002}, "GrossAmount": 3002054, "HeadOfIncome": "BP", "AmtCarriedFwd": 0}, {"TDSCreditName": "S", "TANOfDeductor": "DELP25463E", "TaxDeductCreditDtls": {"TaxDeductedOwnHands": 1391, "TaxClaimedOwnHands": 1391}, "GrossAmount": 1390872, "HeadOfIncome": "BP", "AmtCarriedFwd": 0}, {"TDSCreditName": "S", "TANOfDeductor": "DELV05524B", "TaxDeductCreditDtls": {"TaxDeductedOwnHands": 920, "TaxClaimedOwnHands": 920}, "GrossAmount": 920340, "HeadOfIncome": "BP", "AmtCarriedFwd": 0}, {"TDSCreditName": "S", "TANOfDeductor": "DELS85987G", "TaxDeductCreditDtls": {"TaxDeductedOwnHands": 823, "TaxClaimedOwnHands": 823}, "GrossAmount": 822703, "HeadOfIncome": "BP", "AmtCarriedFwd": 0}, {"TDSCreditName": "S", "TANOfDeductor": "DELS85987G", "TaxDeductCreditDtls": {"TaxDeductedOwnHands": 496, "TaxClaimedOwnHands": 496}, "GrossAmount": 495746, "HeadOfIncome": "BP", "AmtCarriedFwd": 0}, {"TDSCreditName": "S", "TANOfDeductor": "DELS85987G", "TaxDeductCreditDtls": {"TaxDeductedOwnHands": 358, "TaxClaimedOwnHands": 358}, "GrossAmount": 357767, "HeadOfIncome": "BP", "AmtCarriedFwd": 0}, {"TDSCreditName": "S", "TANOfDeductor": "DELS85987G", "TaxDeductCreditDtls": {"TaxDeductedOwnHands": 494, "TaxClaimedOwnHands": 494}, "GrossAmount": 494477, "HeadOfIncome": "BP", "AmtCarriedFwd": 0}, {"TDSCreditName": "S", "TANOfDeductor": "DELS85987G", "TaxDeductCreditDtls": {"TaxDeductedOwnHands": 248, "TaxClaimedOwnHands": 248}, "GrossAmount": 248142, "HeadOfIncome": "BP", "AmtCarriedFwd": 0}, {"TDSCreditName": "S", "TANOfDeductor": "DELS85987G", "TaxDeductCreditDtls": {"TaxDeductedOwnHands": 317, "TaxClaimedOwnHands": 317}, "GrossAmount": 316741, "HeadOfIncome": "BP", "AmtCarriedFwd": 0}, {"TDSCreditName": "S", "TANOfDeductor": "DELS85987G", "TaxDeductCreditDtls": {"TaxDeductedOwnHands": 123, "TaxClaimedOwnHands": 123}, "GrossAmount": 123006, "HeadOfIncome": "BP", "AmtCarriedFwd": 0}, {"TDSCreditName": "S", "TANOfDeductor": "DELM26018G", "TaxDeductCreditDtls": {"TaxDeductedOwnHands": 2512, "TaxClaimedOwnHands": 2512}, "GrossAmount": 2511815, "HeadOfIncome": "BP", "AmtCarriedFwd": 0}, {"TDSCreditName": "S", "TANOfDeductor": "DELP25463E", "TaxDeductCreditDtls": {"TaxDeductedOwnHands": 908, "TaxClaimedOwnHands": 908}, "GrossAmount": 907979, "HeadOfIncome": "BP", "AmtCarriedFwd": 0}, {"TDSCreditName": "S", "TANOfDeductor": "DELV05524B", "TaxDeductCreditDtls": {"TaxDeductedOwnHands": 905, "TaxClaimedOwnHands": 905}, "GrossAmount": 904703, "HeadOfIncome": "BP", "AmtCarriedFwd": 0}, {"TDSCreditName": "S", "TANOfDeductor": "DELS85987G", "TaxDeductCreditDtls": {"TaxDeductedOwnHands": 311, "TaxClaimedOwnHands": 311}, "GrossAmount": 311445, "HeadOfIncome": "BP", "AmtCarriedFwd": 0}, {"TDSCreditName": "S", "TANOfDeductor": "DELS85987G", "TaxDeductCreditDtls": {"TaxDeductedOwnHands": 161, "TaxClaimedOwnHands": 161}, "GrossAmount": 160977, "HeadOfIncome": "BP", "AmtCarriedFwd": 0}, {"TDSCreditName": "S", "TANOfDeductor": "DELS85987G", "TaxDeductCreditDtls": {"TaxDeductedOwnHands": 134, "TaxClaimedOwnHands": 134}, "GrossAmount": 134192, "HeadOfIncome": "BP", "AmtCarriedFwd": 0}, {"TDSCreditName": "S", "TANOfDeductor": "DELS85987G", "TaxDeductCreditDtls": {"TaxDeductedOwnHands": 153, "TaxClaimedOwnHands": 153}, "GrossAmount": 152965, "HeadOfIncome": "BP", "AmtCarriedFwd": 0}, {"TDSCreditName": "S", "TANOfDeductor": "DELM26018G", "TaxDeductCreditDtls": {"TaxDeductedOwnHands": 3008, "TaxClaimedOwnHands": 3008}, "GrossAmount": 3007707, "HeadOfIncome": "BP", "AmtCarriedFwd": 0}, {"TDSCreditName": "S", "TANOfDeductor": "DELP25463E", "TaxDeductCreditDtls": {"TaxDeductedOwnHands": 773, "TaxClaimedOwnHands": 773}, "GrossAmount": 773263, "HeadOfIncome": "BP", "AmtCarriedFwd": 0}, {"TDSCreditName": "S", "TANOfDeductor": "DELV05524B", "TaxDeductCreditDtls": {"TaxDeductedOwnHands": 1115, "TaxClaimedOwnHands": 1115}, "GrossAmount": 1114750, "HeadOfIncome": "BP", "AmtCarriedFwd": 0}, {"TDSCreditName": "S", "TANOfDeductor": "DELS85987G", "TaxDeductCreditDtls": {"TaxDeductedOwnHands": 193, "TaxClaimedOwnHands": 193}, "GrossAmount": 193343, "HeadOfIncome": "BP", "AmtCarriedFwd": 0}, {"TDSCreditName": "S", "TANOfDeductor": "DELS85987G", "TaxDeductCreditDtls": {"TaxDeductedOwnHands": 214, "TaxClaimedOwnHands": 214}, "GrossAmount": 214425, "HeadOfIncome": "BP", "AmtCarriedFwd": 0}, {"TDSCreditName": "S", "TANOfDeductor": "DELS85987G", "TaxDeductCreditDtls": {"TaxDeductedOwnHands": 206, "TaxClaimedOwnHands": 206}, "GrossAmount": 206381, "HeadOfIncome": "BP", "AmtCarriedFwd": 0}, {"TDSCreditName": "S", "TANOfDeductor": "DELM26018G", "TaxDeductCreditDtls": {"TaxDeductedOwnHands": 2478, "TaxClaimedOwnHands": 2478}, "GrossAmount": 2478398, "HeadOfIncome": "BP", "AmtCarriedFwd": 0}, {"TDSCreditName": "S", "TANOfDeductor": "DELP25463E", "TaxDeductCreditDtls": {"TaxDeductedOwnHands": 693, "TaxClaimedOwnHands": 693}, "GrossAmount": 693203, "HeadOfIncome": "BP", "AmtCarriedFwd": 0}, {"TDSCreditName": "S", "TANOfDeductor": "DELV05524B", "TaxDeductCreditDtls": {"TaxDeductedOwnHands": 776, "TaxClaimedOwnHands": 776}, "GrossAmount": 776236, "HeadOfIncome": "BP", "AmtCarriedFwd": 0}, {"TDSCreditName": "S", "TANOfDeductor": "DELS85987G", "TaxDeductCreditDtls": {"TaxDeductedOwnHands": 460, "TaxClaimedOwnHands": 460}, "GrossAmount": 459555, "HeadOfIncome": "BP", "AmtCarriedFwd": 0}, {"TDSCreditName": "S", "TANOfDeductor": "DELM26018G", "TaxDeductCreditDtls": {"TaxDeductedOwnHands": 2973, "TaxClaimedOwnHands": 2973}, "GrossAmount": 2972937, "HeadOfIncome": "BP", "AmtCarriedFwd": 0}, {"TDSCreditName": "S", "TANOfDeductor": "DELP25463E", "TaxDeductCreditDtls": {"TaxDeductedOwnHands": 1083, "TaxClaimedOwnHands": 1083}, "GrossAmount": 1083165, "HeadOfIncome": "BP", "AmtCarriedFwd": 0}, {"TDSCreditName": "S", "TANOfDeductor": "DELS85987G", "TaxDeductCreditDtls": {"TaxDeductedOwnHands": 367, "TaxClaimedOwnHands": 367}, "GrossAmount": 367428, "HeadOfIncome": "BP", "AmtCarriedFwd": 0}, {"TDSCreditName": "S", "TANOfDeductor": "DELM26018G", "TaxDeductCreditDtls": {"TaxDeductedOwnHands": 2643, "TaxClaimedOwnHands": 2643}, "GrossAmount": 2642555, "HeadOfIncome": "BP", "AmtCarriedFwd": 0}, {"TDSCreditName": "S", "TANOfDeductor": "DELP25463E", "TaxDeductCreditDtls": {"TaxDeductedOwnHands": 342, "TaxClaimedOwnHands": 342}, "GrossAmount": 341696, "HeadOfIncome": "BP", "AmtCarriedFwd": 0}], "TotalTDSonOthThanSals": 47379}, "ScheduleTCS": {"TCS": [{"EmployerOrDeductorOrCollectDetl": {"TAN": "DELR06116F", "EmployerOrDeductorOrCollecterName": "RAJESH KUMAR GUPTA"}, "TotalTCS": 614, "AmtTCSClaimedThisYear": 614, "AmtCarriedFwd": 0}, {"EmployerOrDeductorOrCollectDetl": {"TAN": "DELR06116F", "EmployerOrDeductorOrCollecterName": "RAJESH KUMAR GUPTA"}, "TotalTCS": 698, "AmtTCSClaimedThisYear": 698, "AmtCarriedFwd": 0}, {"EmployerOrDeductorOrCollectDetl": {"TAN": "DELR06116F", "EmployerOrDeductorOrCollecterName": "RAJESH KUMAR GUPTA"}, "TotalTCS": 766, "AmtTCSClaimedThisYear": 766, "AmtCarriedFwd": 0}, {"EmployerOrDeductorOrCollectDetl": {"TAN": "DELR06116F", "EmployerOrDeductorOrCollecterName": "RAJESH KUMAR GUPTA"}, "TotalTCS": 430, "AmtTCSClaimedThisYear": 430, "AmtCarriedFwd": 0}, {"EmployerOrDeductorOrCollectDetl": {"TAN": "DELR06116F", "EmployerOrDeductorOrCollecterName": "RAJESH KUMAR GUPTA"}, "TotalTCS": 419, "AmtTCSClaimedThisYear": 419, "AmtCarriedFwd": 0}, {"EmployerOrDeductorOrCollectDetl": {"TAN": "DELR06116F", "EmployerOrDeductorOrCollecterName": "RAJESH KUMAR GUPTA"}, "TotalTCS": 63, "AmtTCSClaimedThisYear": 63, "AmtCarriedFwd": 0}, {"EmployerOrDeductorOrCollectDetl": {"TAN": "DELR06116F", "EmployerOrDeductorOrCollecterName": "RAJESH KUMAR GUPTA"}, "TotalTCS": 393, "AmtTCSClaimedThisYear": 393, "AmtCarriedFwd": 0}, {"EmployerOrDeductorOrCollectDetl": {"TAN": "DELR06116F", "EmployerOrDeductorOrCollecterName": "RAJESH KUMAR GUPTA"}, "TotalTCS": 622, "AmtTCSClaimedThisYear": 622, "AmtCarriedFwd": 0}, {"EmployerOrDeductorOrCollectDetl": {"TAN": "DELV14395D", "EmployerOrDeductorOrCollecterName": "VESTIGE BESTDEALS PRIVATE LIMITED"}, "TotalTCS": 2404, "AmtTCSClaimedThisYear": 2404, "AmtCarriedFwd": 0}, {"EmployerOrDeductorOrCollectDetl": {"TAN": "DELV14395D", "EmployerOrDeductorOrCollecterName": "VESTIGE BESTDEALS PRIVATE LIMITED"}, "TotalTCS": 1272, "AmtTCSClaimedThisYear": 1272, "AmtCarriedFwd": 0}, {"EmployerOrDeductorOrCollectDetl": {"TAN": "DELV14395D", "EmployerOrDeductorOrCollecterName": "VESTIGE BESTDEALS PRIVATE LIMITED"}, "TotalTCS": 1052, "AmtTCSClaimedThisYear": 1052, "AmtCarriedFwd": 0}], "TotalSchTCS": 8733}, "Verification": {"Declaration": {"AssesseeVerName": "AMAN BHATEJA", "FatherName": "VIRENDER KUMAR BHATEJA", "AssesseeVerPAN": "BNPPB2771Q"}, "Capacity": "S"}}}}