{"ITR": {"ITR4": {"CreationInfo": {"SWVersionNo": "21.5", "SWCreatedBy": "SW20000026", "JSONCreatedBy": "SW20000026", "JSONCreationDate": "2021-12-29", "IntermediaryCity": "JAIPUR", "Digest": "+Ri1Q+FJabLj8lSyfYXhpsAxG8jwNiDoZdUR8mGjgi8="}, "Form_ITR4": {"FormName": "ITR-4", "Description": "For Individuals having Income From Presemptive Business", "AssessmentYear": "2021", "SchemaVer": "Ver1.2", "FormVer": "Ver1.2"}, "PersonalInfo": {"AssesseeName": {"FirstName": "BOBBY", "MiddleName": "", "SurNameOrOrgName": "JAGGI"}, "PAN": "AMIPJ6285G", "Address": {"ResidenceNo": "F-144 F", "LocalityOrArea": "BLOCKMANSROVER GARDEN", "CityOrTownOrDistrict": "DELHI", "StateCode": "09", "CountryCode": "91", "PinCode": 110015, "CountryCodeMobile": 91, "MobileNo": 9811577055, "EmailAddress": "vptinfra@gmail.com"}, "DOB": "1974-10-09", "EmployerCategory": "NA", "AadhaarCardNo": "476483818572", "Status": "I"}, "FilingStatus": {"ReturnFileSec": 11, "NewTaxRegime": "N", "SeventhProvisio139": "N", "AsseseeRepFlg": "N"}, "IncomeDeductions": {"IncomeFromBusinessProf": 312600, "GrossSalary": 0, "Salary": 0, "PerquisitesValue": 0, "ProfitsInSalary": 0, "AllwncExemptUs10": {"TotalAllwncExemptUs10": 0}, "NetSalary": 0, "DeductionUs16": 0, "DeductionUs16ia": 0, "EntertainmntalwncUs16ii": 0, "ProfessionalTaxUs16iii": 0, "IncomeFromSal": 0, "GrossRentReceived": 0, "TaxPaidlocalAuth": 0, "AnnualValue": 0, "AnnualValue30Percent": 0, "InterestPayable": 0, "ArrearsUnrealizedRentRcvd": 0, "TotalIncomeOfHP": 0, "IncomeOthSrc": 194645, "OthersInc": {"OthersIncDtlsOthSrc": [{"OthSrcNatureDesc": "SAV", "OthSrcOthNatOfInc": "Interest from Saving Account", "OthSrcOthAmount": 18895}, {"OthSrcNatureDesc": "TAX", "OthSrcOthNatOfInc": "Interest from Income Tax Refund", "OthSrcOthAmount": 3850}, {"OthSrcNatureDesc": "OTH", "OthSrcOthNatOfInc": "Other Item", "OthSrcOthAmount": 171900}]}, "DeductionUs57iia": 0, "GrossTotIncome": 507245, "UsrDeductUndChapVIA": {"Section80C": 0, "Section80CCC": 0, "Section80CCDEmployeeOrSE": 0, "Section80CCD1B": 0, "Section80CCDEmployer": 0, "Section80D": 0, "Section80DD": 0, "Section80DDB": 0, "Section80E": 0, "Section80EE": 0, "Section80EEA": 0, "Section80EEB": 0, "Section80G": 0, "Section80GG": 0, "Section80GGC": 0, "Section80U": 0, "Section80TTA": 10000, "Section80TTB": 0, "TotalChapVIADeductions": 10000}, "DeductUndChapVIA": {"Section80C": 0, "Section80CCC": 0, "Section80CCDEmployeeOrSE": 0, "Section80CCD1B": 0, "Section80CCDEmployer": 0, "Section80D": 0, "Section80DD": 0, "Section80DDB": 0, "Section80E": 0, "Section80EE": 0, "Section80EEA": 0, "Section80EEB": 0, "Section80G": 0, "Section80GG": 0, "Section80GGC": 0, "Section80U": 0, "Section80TTA": 10000, "Section80TTB": 0, "TotalChapVIADeductions": 10000}, "TotalIncome": 497250}, "TaxComputation": {"TotalTaxPayable": 12363, "Rebate87A": 12363, "TaxPayableOnRebate": 0, "EducationCess": 0, "GrossTaxLiability": 0, "Section89": 0, "NetTaxLiability": 0, "IntrstPay": {"IntrstPayUs234A": 0, "IntrstPayUs234B": 0, "IntrstPayUs234C": 0, "LateFilingFee234F": 0}, "TotTaxPlusIntrstPay": 0}, "TaxPaid": {"TaxesPaid": {"AdvanceTax": 0, "TDS": 0, "TCS": 0, "SelfAssessmentTax": 0, "TotalTaxesPaid": 0}, "BalTaxPayable": 0}, "Refund": {"RefundDue": 0, "BankAccountDtls": {"AddtnlBankDetails": [{"IFSCCode": "ORBC0100903", "BankName": "ORIENTAL BANK OF COMMERCE", "BankAccountNo": "09032191021527", "UseForRefund": "true"}]}}, "Schedule80G": {"TotalDonationsUs80GCash": 0, "TotalDonationsUs80GOtherMode": 0, "TotalDonationsUs80G": 0, "TotalEligibleDonationsUs80G": 0}, "Schedule80D": {"Sec80DSelfFamSrCtznHealth": {"SeniorCitizenFlag": "S", "SelfAndFamily": 0, "HealthInsPremSlfFam": 0, "PrevHlthChckUpSlfFam": 0, "SelfAndFamilySeniorCitizen": 0, "HlthInsPremSlfFamSrCtzn": 0, "PrevHlthChckUpSlfFamSrCtzn": 0, "MedicalExpSlfFamSrCtzn": 0, "ParentsSeniorCitizenFlag": "P", "Parents": 0, "HlthInsPremParents": 0, "PrevHlthChckUpParents": 0, "ParentsSeniorCitizen": 0, "HlthInsPremParentsSrCtzn": 0, "PrevHlthChckUpParentsSrCtzn": 0, "MedicalExpParentsSrCtzn": 0, "EligibleAmountOfDedn": 0}}, "TaxExmpIntIncDtls": {"OthersInc": {"OthersTotalTaxExe": 0}}, "Verification": {"Declaration": {"AssesseeVerName": "BOBBY JAGGI", "FatherName": "PREM NATH KHANNA", "AssesseeVerPAN": "AMIPJ6285G"}, "Capacity": "S", "Place": "JAIPUR"}, "ScheduleBP": {"NatOfBus44AD": [{"NameOfBusiness": "VPT INFRA", "CodeAD": "06005", "Description": "CONSTRUCTION [Construction and maintenance of roads, rails, bridges, tunnel"}], "PersumptiveInc44AD": {"GrsTrnOverBank": 0, "GrsTrnOverAnyOthMode": 1958525, "PersumptiveInc44AD6Per": 0, "PersumptiveInc44AD8Per": 312600, "TotPersumptiveInc44AD": 312600}, "PersumptiveInc44ADA": {"GrsReceipt": 0, "TotPersumptiveInc44ADA": 0}, "PersumptiveInc44AE": {"TotPersumInc44AE": 0, "SalInterestByFirm": 0, "TotalPersumptiveInc": 0, "IncChargeableUnderBus": 312600}, "TurnoverGrsRcptForGSTIN": [{"GSTINNo": "07AMIPJ6285G1ZS", "AmtTurnGrossRcptGSTIN": 1958025}], "TotalTurnoverGrsRcptGSTIN": 1958025, "FinanclPartclrOfBusiness": {"PartnerMemberOwnCapital": 6244557, "SecuredLoans": 0, "UnSecuredLoans": 54878248, "Advances": 0, "SundryCreditors": 4405478, "OthrCurrLiab": 0, "TotCapLiabilities": 65528283, "FixedAssets": 9764, "Inventories": 6919451, "SundryDebtors": 51539619, "BalWithBanks": 1911, "CashInHand": 935383, "LoansAndAdvances": 5989250, "OtherAssets": 132905, "TotalAssets": 65528283}}, "ScheduleTCS": {"TCS": [{"EmployerOrDeductorOrCollectDetl": {"TAN": "MUMU05151G", "EmployerOrDeductorOrCollecterName": "AXIS BANK LIMITED"}, "Amtfrom26AS": 112540, "TotalTCS": 0, "AmtTCSClaimedThisYear": 0}], "TotalSchTCS": 0}, "TDSonOthThanSals": {"TotalTDSonOthThanSals": 0}, "ScheduleTDS3Dtls": {"TotalTDS3Details": 0}}}}