{"ITR": {"ITR3": {"CreationInfo": {"SWVersionNo": "1322", "SWCreatedBy": "SW20000029", "JSONCreatedBy": "SW20000029", "JSONCreationDate": "2022-10-18", "IntermediaryCity": "", "Digest": "lw1noDoOYbGetmLXDRso1OvsWfh7LSomEGGOZW7L01Q="}, "Form_ITR3": {"FormName": "ITR-3", "Description": "For Individuals and HUFs having income from Business or Profession", "AssessmentYear": "2022", "SchemaVer": "Ver1.0", "FormVer": "Ver1.0"}, "PartA_GEN1": {"PersonalInfo": {"AssesseeName": {"SurNameOrOrgName": "C.JANANI"}, "PAN": "ARNPJ8911B", "Address": {"ResidenceNo": "8/94A", "RoadOrStreet": "AMMAN NAGAR, ELAVAMALAI POST", "LocalityOrArea": "NEAR KONGALAMMAN KOVIL", "CityOrTownOrDistrict": "ERODE", "StateCode": "29", "CountryCode": "91", "PinCode": 638316, "CountryCodeMobile": 91, "MobileNo": 9842646119, "CountryCodeMobileNoSec": 91, "MobileNoSec": 9842646119, "EmailAddress": "GOPALBVN@GMAIL.COM", "EmailAddressSec": "gopalbvn@gmail.com"}, "DOB": "1983-05-19", "Status": "I", "DateofBusCommencement": "2019-05-10", "AadhaarCardNo": "250547650371"}, "FilingStatus": {"ReturnFileSec": 11, "NewTaxRegime": "N", "OptingNewTaxRegime": 2, "SeventhProvisio139": "N", "ResidentialStatus": "RES", "ConditionsResStatus": "1", "BenefitUs115HFlg": "N", "PortugeseCC5A": "N", "AsseseeRepFlg": "N", "CompDirectorPrvYrFlg": "N", "PartnerInFirmFlg": "N", "HeldUnlistedEqShrPrYrFlg": "N", "ForeignExchangeFlag": "N"}}, "PartA_GEN2": {"AuditInfo": {"LiableSec44AAflg": "Y", "IncDclrdUs": "N", "TotalSalesExcOneCr": "N", "LiableSec44ABflg": "Y", "AuditAccountantFlg": "Y", "AuditReportFurnishDate": "2022-09-29", "AuditorName": "R. MURALIDHARAN", "AuditorMemNo": "024060", "AudFrmRegNo": "00000000", "AudFrmPAN": "ADGPM2948C", "AuditDate": "2022-09-29", "LiableSec92Eflg": "N", "AccountAuditFlag": "N"}, "NatOfBus": {"NatureOfBusiness": [{"Code": "09028", "TradeName1": "SRI AMMAN CHEMICAL AGENCY"}]}}, "PARTA_BS": {"FundSrc": {"PropFund": {"PropCap": 2241053, "ResrNSurp": {"RevResr": 0, "CapResr": 0, "StatResr": 0, "OthResr": 0, "TotResrNSurp": 0}, "TotPropFund": 2241053}, "LoanFunds": {"SecrLoan": {"ForeignCurrLoan": 0, "RupeeLoan": {"FrmBank": 0, "FrmOthrs": 0, "TotRupeeLoan": 0}, "TotSecrLoan": 0}, "UnsecrLoan": {"FrmBank": 0, "FrmOthrs": 0, "TotUnSecrLoan": 0}, "TotLoanFund": 0}, "DeferredTax": 29178, "TotFundSrc": 2270231}, "FundApply": {"FixedAsset": {"GrossBlock": 54250, "Depreciation": 0, "NetBlock": 54250, "CapWrkProg": 0, "TotFixedAsset": 54250}, "Investments": {"LongTermInv": {"GovtOthSecQuoted": 0, "GovOthSecUnQoted": 0, "TotLongTermInv": 0}, "TradeInv": {"EquityShares": 0, "PreferShares": 0, "Debenture": 0, "TotTradeInv": 0}, "TotInvestments": 0}, "CurrAssetLoanAdv": {"CurrAsset": {"Inventories": {"StoresConsumables": 0, "RawMatl": 0, "StkInProcess": 0, "FinOrTradGood": 0, "TotInventries": 0}, "SndryDebtors": 4608331, "CashOrBankBal": {"CashinHand": 28260, "BankBal": 435389, "TotCashOrBankBal": 463649}, "OthCurrAsset": 5050, "TotCurrAsset": 5077030}, "LoanAdv": {"AdvRecoverable": 0, "Deposits": 3411, "BalWithRevAuth": 0, "TotLoanAdv": 3411}, "TotCurrAssetLoanAdv": 5080441, "CurrLiabilitiesProv": {"CurrLiabilities": {"SundryCred": 2864460, "LiabForLeasedAsset": 0, "AccrIntonLeasedAsset": 0, "AccrIntNotDue": 0, "TotCurrLiabilities": 2864460}, "Provisions": {"ITProvision": 0, "ELSuperAnnGratProvision": 0, "OthProvision": 0, "TotProvisions": 0}, "TotCurrLiabilitiesProvision": 2864460}, "NetCurrAsset": 2215981}, "MiscAdjust": {"MiscExpndr": 0, "DefTaxAsset": 0, "AccumaltedLosses": 0, "TotMiscAdjust": 0}, "TotFundApply": 2270231}, "NoBooksOfAccBS": {"TotSundryDbtAmt": 0, "TotSundryCrdAmt": 0, "TotStkInTradAmt": 0, "CashBalAmt": 0}}, "TradingAccount": {"SaleOfGoods": 8882460, "SalesGrossReceiptsTotal": 8882460, "TotRevenueFrmOperations": 8882460, "TardingAccTotCred": 8882460, "OpngStckOfFinishedStcks": 315250, "Purchases": 7313932, "DirectExpenses": 224900, "CarriageInward": 224900, "GrossProfitFrmBusProf": 1028378}, "PARTA_PL": {"CreditsToPL": {"GrossProfitTrnsfFrmTrdAcc": 1028378, "OthIncome": {"RentInc": 0, "Comissions": 0, "Dividends": 0, "InterestInc": 0, "ProfitOnSaleFixedAsset": 0, "ProfitOnInvChrSTT": 0, "ProfitOnOthInv": 0, "ProfitOnCurrFluct": 0, "ProfitOnCnvInvntryToCapAsst": 0, "ProfitOnAgriIncome": 0, "OtherIncDtls": [{"NatureOfIncome": "Cash Discount Received", "Amount": 62393}], "MiscOthIncome": 62393, "TotOthIncome": 62393}, "TotCreditsToPL": 1090771}, "DebitsToPL": {"Freight": 0, "ConsumptionOfStores": 0, "PowerFuel": 0, "RentExpdr": 52000, "RepairsBldg": 0, "RepairMach": 0, "EmployeeComp": {"SalsWages": 255750, "Bonus": 92500, "MedExpReimb": 0, "LeaveEncash": 0, "LeaveTravelBenft": 0, "ContToSuperAnnFund": 0, "ContToPF": 0, "ContToGratFund": 0, "ContToOthFund": 0, "OthEmpBenftExpdr": 0, "TotEmployeeComp": 348250, "AnyCompPaidToNonRes": "N"}, "Insurances": {"MedInsur": 0, "LifeInsur": 0, "KeyManInsur": 0, "OthInsur": 0, "TotInsurances": 0}, "StaffWelfareExp": 0, "Entertainment": 0, "Hospitality": 0, "Conference": 0, "SalePromoExp": 0, "Advertisement": 0, "CommissionExpdrDtls": {"NonResOtherCompany": 0, "Others": 0, "Total": 0}, "RoyalityDtls": {"NonResOtherCompany": 0, "Others": 0, "Total": 0}, "ProfessionalConstDtls": {"NonResOtherCompany": 0, "Others": 0, "Total": 0}, "HotelBoardLodge": 0, "TravelExp": 29640, "ForeignTravelExp": 0, "ConveyanceExp": 0, "TelephoneExp": 2210, "GuestHouseExp": 0, "ClubExp": 0, "FestivalCelebExp": 0, "Scholarship": 0, "Gift": 0, "Donation": 0, "RatesTaxesPays": {"ExciseCustomsVAT": {"UnionExciseDuty": 0, "ServiceTax": 0, "VATorSaleTax": 0, "CentralGoodServiceTax": 0, "StateGoodServiceTax": 0, "IntegratedGoodServiceTax": 0, "UnionTerrGoodServiceTax": 0, "OthDutyTaxCess": 0, "TotExciseCustomsVAT": 0}}, "AuditFee": 5000, "OtherExpensesDtls": [{"ExpenseNature": "Bank Charges", "Amount": 999}, {"ExpenseNature": "Discount Allowed", "Amount": 132750}, {"ExpenseNature": "General Expenses", "Amount": 55250}, {"ExpenseNature": "Printing & Stationery Exp", "Amount": 17280}, {"ExpenseNature": "Vehicle Maintenance", "Amount": 27720}], "OtherExpenses": 233999, "BadDebtDtls": {"BadDebtAmtDtlsTotal": 0, "OthersPANNotAvlblDtlTotal": 0, "OthersAmtLt1Lakh": 0, "BadDebt": 0}, "ProvForBadDoubtDebt": 0, "OthProvisionsExpdr": 0, "PBIDTA": 419672, "InterestExpdrtDtls": {"NonResOtherCompany": 0, "Others": 10197, "InterestExpdr": 10197}, "DepreciationAmort": 0, "PBT": 409475}, "TaxProvAppr": {"ProvForCurrTax": 0, "ProvDefTax": 0, "ProfitAfterTax": 409475, "BalBFPrevYr": 0, "AmtAvlAppr": 409475, "TrfToReserves": 0, "ProprietorAccBalTrf": 409475}, "NoBooksOfAccPL": {"GrossReceipt": 0, "GrsRcptAccPayeeOrBankMode": 0, "GrsRcptOtherMode": 0, "GrossProfit": 0, "Expenses": 0, "NetProfit": 0, "GrossReceiptPrf": 0, "GrsRcptAccPayeeOrBankModePrf": 0, "GrsRcptOtherModePrf": 0, "GrossProfitPrf": 0, "ExpensesPrf": 0, "NetProfitPrf": 0, "TotBusinessProfession": 0}, "TurnverFrmSpecActivity": 0, "NetIncomeFrmSpecActivity": 0}, "PARTA_OI": {"MethodOfAcct": "MERC", "ChangeInAcctMethFlg": "N", "ProfDeviatDueAcctMeth": 0, "DecProOrIncLossUs145_2": 0, "MethodOfValClgStk": {"ValRawMaterial": "1", "ValFinishedGoods": "1", "ChngStockValMetFlg": "N", "EffectOnPL": 0, "DecProOrIncLossUs145_A": 0}, "NoCredToPLAmt": {"Section28Items": 0, "ProformaCreditsDue": 0, "PrevYrEscalClaim": 0, "OthItemInc": 0, "CapReceipt": 0, "TotNoCredToPLAmt": 0}, "AmtDisallUs36": {"StkInsurPrem": 0, "EmpHealthInsurPrem": 0, "EmpBonusCommSum": 0, "IntOnBorrCap": 0, "ZeroCoupBondDisc": 0, "RecogPFContribAmt": 0, "AppSuperAnnFundAmt": 0, "PensionSchemeSec80CCD": 0, "AppGratFundAmt": 0, "OthFundAmt": 0, "EmpContributionCredits": 0, "BadDebtDoubtAmt": 0, "BadDebtDoubtProvn": 0, "SpecResrvTranfr": 0, "FamPlanPromoExp": 0, "SecuritiesPaidAmt": 0, "MrktLossOthExpLossICDS": 0, "OthDisallowances": 0, "TotAmtDisallUs36": 0}, "AmtDisallUs37": {"CapitalNatureExp": 0, "PersonalExp": 0, "BusOrProfessnExp": 0, "PoliticPartyExp": 0, "LawVoilatPenalExp": 0, "OthPenalFineExp": 0, "OffenceExp": 0, "ContigentLiability": 0, "OthAmtNotAllowUs37": 0, "TotAmtDisallUs37": 0}, "AmtDisallUs40": {"NonCompChapXVIIBAmt": 0, "NonComp40aiiChapXVIIBAmt": 0, "NonComp40aibChapXVIIBAmt": 0, "NonComp40aiiiChapXVIIBAmt": 0, "TaxAmtOnProfits": 0, "WTAmt": 0, "RolyatyOrServiceFee": 0, "IntSalBonPartner": 0, "OthDisallow": 0, "TotAmtDisallUs40": 0, "AmtDisallUs40PyNowAll": 0}, "AmtDisallUs40A": {"AmtPaidUs40A2b": 0, "AmtGT20kCash": 0, "ProvPmtGrat": 0, "ContToSetupTrust": 0, "OthDisallow": 0, "TotAmtDisallUs40A": 0}, "AmtDisallUs43BPyNowAll": {"AmtUs43B": {"TaxDutyCesAmt": 0, "ContToEmpPFSFGF": 0, "EmpBonusComm": 0, "IntPayaleToFI": 0, "SumPayaleLoanBrToFinComp": 0, "IntPayaleToFISchBank": 0, "LeaveEncashPayable": 0, "RailwayAssetsPayable": 0, "TotAmtUs43b": 0}}, "AmtDisall43B": {"AmtUs43B": {"TaxDutyCesAmt": 0, "ContToEmpPFSFGF": 0, "EmpBonusComm": 0, "IntPayaleToFI": 0, "SumPayaleLoanBrToFinComp": 0, "IntPayaleToFISchBank": 0, "LeaveEncashPayable": 0, "RailwayAssetsPayable": 0, "TotAmtUs43b": 0}}, "AmtExciseCustomsVATOutstanding": {"ExciseCustomsVAT": {"UnionExciseDuty": 0, "ServiceTax": 0, "VATorSaleTax": 0, "CentralGoodServiceTax": 0, "StateGoodServiceTax": 0, "IntegratedGoodServiceTax": 0, "UnionTerrGoodServiceTax": 0, "OthDutyTaxCess": 0, "TotExciseCustomsVAT": 0}}, "DeemedProfUs33ABs": 0, "DeemedProfUs33AB": 0, "DeemedProfUs33ABA": 0, "ProfTaxAmtUs41": 0, "PriorAmtIncCrDrPL": 0, "AmountOfExpDisAllwUs14A": 0, "ScheduleTPSAFlg": "N"}, "ScheduleS": {"Salaries": [{"NameOfEmployer": "EXCELL COLLEGE OF ENGINEERING", "NatureOfEmployment": "OTH", "AddressDetail": {"AddrDetail": "KOMARAPALAYAM", "CityOrTownOrDistrict": "SALEM", "StateCode": "29", "PinCode": 638187}, "Salarys": {"GrossSalary": 102886, "Salary": 102886, "NatureOfSalary": {"OthersIncDtls": [{"NatureDesc": "1", "OthAmount": 102886}]}, "ValueOfPerquisites": 0, "ProfitsinLieuOfSalary": 0, "IncomeNotified89A": 0}}], "TotalGrossSalary": 102886, "AllwncExtentExemptUs10": 0, "NetSalary": 102886, "DeductionUS16": 50000, "DeductionUnderSection16ia": 50000, "EntertainmntalwncUs16ii": 0, "ProfessionalTaxUs16iii": 0, "TotIncUnderHeadSalaries": 52886}, "ITR3ScheduleBP": {"BusinessIncOthThanSpec": {"ProfBfrTaxPL": 409475, "NetPLFromSpecBus": 0, "NetPLFromSpecifiedBus": 0, "IncRecCredPLOthHeadDtls": {"Salary": 0, "HouseProperty": 0, "CapitalGains": 0, "OtherSources": 0, "Dividend": 0, "OtherThanDividend": 0, "Us115BBF": 0, "Us115BBG": 0}, "PLUs44sChapXIIG": 0, "ProfitLossInclRefrdSec": {"ProfitLossUs44AD": 0, "ProfitLossUs44ADA": 0, "ProfitLossUs44AE": 0, "ProfitLossUs44B": 0, "ProfitLossUs44BB": 0, "ProfitLossUs44BBA": 0, "ProfitLossUs44DA": 0}, "TotalProfitFrmActCvrd": 0, "ProfitFrmActCvrd": {"ProfitFrmActCvrdUndrRule7": 0, "ProfitFrmActCvrdUndrRule7A": 0, "ProfitFrmActCvrdUndrRule7B1": 0, "ProfitFrmActCvrdUndrRule7B1A": 0, "ProfitFrmActCvrdUndrRule8": 0}, "IncCredPL": {"FirmShareInc": 0, "AOPBOISharInc": 0, "OthExempInc": 0, "TotExempIncPL": 0}, "BalancePLOthThanSpecBus": 409475, "ExpDebToPLOthHeadDtls": {"Salary": 0, "HouseProperty": 0, "CapitalGains": 0, "OtherSources": 0, "Us115BBF": 0, "Us115BBG": 0}, "ExpDebToPLExemptInc": 0, "ExpDebToPLExemptIncDisAllwUs14A": 0, "TotExpDebPL": 0, "AdjustedPLOthThanSpecBus": 409475, "DepreciationDebPLCosAct": 0, "DepreciationAllowITAct32": {"DepreciationAllowUs32_1_ii": 0, "DepreciationAllowUs32_1_i": 0, "TotDeprAllowITAct": 0}, "AdjustPLAfterDeprOthSpecInc": 409475, "AmtDebPLDisallowUs36": 0, "AmtDebPLDisallowUs37": 0, "AmtDebPLDisallowUs40": 0, "AmtDebPLDisallowUs40A": 0, "AmtDebPLDisallowUs43B": 0, "InterestDisAllowUs23SMEAct": 0, "DeemIncUs41": 0, "DeemIncUs3380HHD80IA": 0, "DeemIncUs43CA": 0, "OthItemDisallowUs28To44DA": 0, "AnyOthIncNotInclInExpDisallowPL": 0, "AnyOthIncNotInclInSalary": 0, "AnyOthIncNotInclInBonus": 0, "AnyOthIncNotInclInCommission": 0, "AnyOthIncNotInclInInterest": 0, "AnyOthIncNotInclInOthers": 0, "IncProfDecLossAccICDSAdj": 0, "TotAfterAddToPLDeprOthSpecInc": 0, "DeductUs32_1_iii": 0, "DebPLUs35ExcessAmt": 0, "AmtDisallUs40NowAllow": 0, "AmtDisallUs43BNowAllow": 0, "AnyOthAmtAllDeduct": 0, "DecProfIncLossAccICDSAdj": 0, "TotDeductionAmts": 0, "PLAftAdjDedBusOthThanSpec": 409475, "DeemedProfitBusUs": {"Section44AD": 0, "Section44ADA": 0, "Section44AE": 0, "Section44B": 0, "Section44BB": 0, "Section44BBA": 0, "Section44DA": 0, "TotDeemedProfitBusUs": 0}, "NetPLAftAdjBusOthThanSpec": 409475, "NetPLBusOthThanSpec7A7B7C": 409475, "ChrgblIncUndrRule7": 0, "DeemedChrgblIncUndrRule7A": 0, "DeemedChrgblIncUndrRule7B1": 0, "DeemedChrgblIncUndrRule7B1A": 0, "DeemedChrgblIncUndrRule8": 0, "IncomeOtherThanRule": 409475, "BalIncDeemedFrmAgri": 0}, "SpecBusinessInc": {"NetPLFrmSpecBus": 0, "AdditionUs28to44DA": 0, "DeductUs28to44DA": 0, "AdjustedPLFrmSpecuBus": 0}, "SpecifiedBusinessInc": {"NetPLFrmSpecifiedBus": 0, "AddSec28to44DA": 0, "DedSec28to44DAOTDedSec35AD": 0, "ProfitLossSpecifiedBusiness": 0, "PLFrmSpecifiedBus": 0}, "IncChrgUnHdProftGain": 409475, "BusSetoffCurrYr": {"LossSetOffOnBusLoss": 0, "SpeculativeInc": {"IncOfCurYrUnderThatHead": 0, "BusLossSetoff": 0, "IncOfCurYrAfterSetOff": 0}, "SpecifiedInc": {"IncOfCurYrUnderThatHead": 0, "BusLossSetoff": 0, "IncOfCurYrAfterSetOff": 0}, "TotLossSetOffOnBus": 0, "LossRemainSetOffOnBus": 0}}, "ScheduleOS": {"IncOthThanOwnRaceHorse": {"GrossIncChrgblTaxAtAppRate": 38046, "DividendGross": 0, "DividendOthThan22e": 0, "Dividend22e": 0, "InterestGross": 38046, "IntrstFrmSavingBank": 0, "IntrstFrmTermDeposit": 38046, "IntrstFrmIncmTaxRefund": 0, "NatofPassThrghIncome": 0, "IntrstFrmOthers": 0, "RentFromMachPlantBldgs": 0, "Tot562x": 0, "Aggrtvaluewithoutcons562x": 0, "Immovpropwithoutcons562x": 0, "Immovpropinadeqcons562x": 0, "Anyotherpropwithoutcons562x": 0, "Anyotherpropinadeqcons562x": 0, "FamilyPension": 0, "IncomeNotified89AOS": 0, "AnyOtherIncome": 0, "IncChargeableSpecialRates": 0, "LtryPzzlChrgblUs115BB": 0, "IncChrgblUs115BBE": 0, "CashCreditsUs68": 0, "UnExplndInvstmntsUs69": 0, "UnExplndMoneyUs69A": 0, "UnDsclsdInvstmntsUs69B": 0, "UnExplndExpndtrUs69C": 0, "AmtBrwdRepaidOnHundiUs69D": 0, "TaxAccumulatedBalRecPF": {"TotalIncomeBenefit": 0, "TotalTaxBenefit": 0}, "OthersGross": 0, "PassThrIncOSChrgblSplRate": 0, "IncChargblSplRateOS": {"TotalAmtTaxUsDTAASchOs": 0}, "Deductions": {"Depreciation": 0, "TotDeductions": 0}, "BalanceNoRaceHorse": 38046}, "TotOthSrcNoRaceHorse": 38046, "IncFromOwnHorse": {"Receipts": 0, "DeductSec57": 0, "BalanceOwnRaceHorse": 0}, "IncChargeable": 38046, "IncFrmLottery": {"DateRange": {"Upto15Of6": 0, "Up16Of6To15Of9": 0, "Up16Of9To15Of12": 0, "Up16Of12To15Of3": 0, "Up16Of3To31Of3": 0}}, "DividendIncUs115BBDA": {"DateRange": {"Upto15Of6": 0, "Up16Of6To15Of9": 0, "Up16Of9To15Of12": 0, "Up16Of12To15Of3": 0, "Up16Of3To31Of3": 0}}, "DividendIncUs115A1ai": {"DateRange": {"Upto15Of6": 0, "Up16Of6To15Of9": 0, "Up16Of9To15Of12": 0, "Up16Of12To15Of3": 0, "Up16Of3To31Of3": 0}}, "DividendIncUs115AC": {"DateRange": {"Upto15Of6": 0, "Up16Of6To15Of9": 0, "Up16Of9To15Of12": 0, "Up16Of12To15Of3": 0, "Up16Of3To31Of3": 0}}, "DividendIncUs115ACA": {"DateRange": {"Upto15Of6": 0, "Up16Of6To15Of9": 0, "Up16Of9To15Of12": 0, "Up16Of12To15Of3": 0, "Up16Of3To31Of3": 0}}, "DividendIncUs115AD1i": {"DateRange": {"Upto15Of6": 0, "Up16Of6To15Of9": 0, "Up16Of9To15Of12": 0, "Up16Of12To15Of3": 0, "Up16Of3To31Of3": 0}}, "NOT89A": {"DateRange": {"Upto15Of6": 0, "Up16Of6To15Of9": 0, "Up16Of9To15Of12": 0, "Up16Of12To15Of3": 0, "Up16Of3To31Of3": 0}}, "DividendDTAA": {"DateRange": {"Upto15Of6": 0, "Up16Of6To15Of9": 0, "Up16Of9To15Of12": 0, "Up16Of12To15Of3": 0, "Up16Of3To31Of3": 0}}}, "ScheduleCYLA": {"Salary": {"IncCYLA": {"IncOfCurYrUnderThatHead": 52886, "IncOfCurYrAfterSetOff": 52886}}, "BusProfExclSpecProf": {"IncCYLA": {"IncOfCurYrUnderThatHead": 409475, "IncOfCurYrAfterSetOff": 409475}}, "STCG15Per": {"IncCYLA": {"IncOfCurYrUnderThatHead": 0, "IncOfCurYrAfterSetOff": 0}}, "STCG30Per": {"IncCYLA": {"IncOfCurYrUnderThatHead": 0, "IncOfCurYrAfterSetOff": 0}}, "STCGAppRate": {"IncCYLA": {"IncOfCurYrUnderThatHead": 0, "IncOfCurYrAfterSetOff": 0}}, "STCGDTAARate": {"IncCYLA": {"IncOfCurYrUnderThatHead": 0, "IncOfCurYrAfterSetOff": 0}}, "LTCG10Per": {"IncCYLA": {"IncOfCurYrUnderThatHead": 0, "IncOfCurYrAfterSetOff": 0}}, "LTCG20Per": {"IncCYLA": {"IncOfCurYrUnderThatHead": 0, "IncOfCurYrAfterSetOff": 0}}, "LTCGDTAARate": {"IncCYLA": {"IncOfCurYrUnderThatHead": 0, "IncOfCurYrAfterSetOff": 0}}, "OthSrcExclRaceHorse": {"IncCYLA": {"IncOfCurYrUnderThatHead": 38046, "IncOfCurYrAfterSetOff": 38046}}, "TotalCurYr": {"TotHPlossCurYr": 0}, "LossRemAftSetOff": {"BalHPlossCurYrAftSetoff": 0}}, "ScheduleBFLA": {"Salary": {"IncBFLA": {"IncOfCurYrUndHeadFromCYLA": 52886, "IncOfCurYrAfterSetOffBFLosses": 52886}}, "BusProfExclSpecProf": {"IncBFLA": {"IncOfCurYrUndHeadFromCYLA": 409475, "BFUnabsorbedDeprSetoff": 0, "BFAllUs35Cl4Setoff": 0, "IncOfCurYrAfterSetOffBFLosses": 409475}}, "STCG15Per": {"IncBFLA": {"IncOfCurYrUndHeadFromCYLA": 0, "BFUnabsorbedDeprSetoff": 0, "BFAllUs35Cl4Setoff": 0, "IncOfCurYrAfterSetOffBFLosses": 0}}, "STCG30Per": {"IncBFLA": {"IncOfCurYrUndHeadFromCYLA": 0, "BFUnabsorbedDeprSetoff": 0, "BFAllUs35Cl4Setoff": 0, "IncOfCurYrAfterSetOffBFLosses": 0}}, "STCGAppRate": {"IncBFLA": {"IncOfCurYrUndHeadFromCYLA": 0, "BFUnabsorbedDeprSetoff": 0, "BFAllUs35Cl4Setoff": 0, "IncOfCurYrAfterSetOffBFLosses": 0}}, "STCGDTAARate": {"IncBFLA": {"IncOfCurYrUndHeadFromCYLA": 0, "BFUnabsorbedDeprSetoff": 0, "BFAllUs35Cl4Setoff": 0, "IncOfCurYrAfterSetOffBFLosses": 0}}, "LTCG10Per": {"IncBFLA": {"IncOfCurYrUndHeadFromCYLA": 0, "BFUnabsorbedDeprSetoff": 0, "BFAllUs35Cl4Setoff": 0, "IncOfCurYrAfterSetOffBFLosses": 0}}, "LTCG20Per": {"IncBFLA": {"IncOfCurYrUndHeadFromCYLA": 0, "BFUnabsorbedDeprSetoff": 0, "BFAllUs35Cl4Setoff": 0, "IncOfCurYrAfterSetOffBFLosses": 0}}, "LTCGDTAARate": {"IncBFLA": {"IncOfCurYrUndHeadFromCYLA": 0, "BFUnabsorbedDeprSetoff": 0, "BFAllUs35Cl4Setoff": 0, "IncOfCurYrAfterSetOffBFLosses": 0}}, "OthSrcExclRaceHorse": {"IncBFLA": {"IncOfCurYrUndHeadFromCYLA": 38046, "BFUnabsorbedDeprSetoff": 0, "BFAllUs35Cl4Setoff": 0, "IncOfCurYrAfterSetOffBFLosses": 38046}}, "IncomeOfCurrYrAftCYLABFLA": 500407}, "ScheduleCFL": {"TotalLossCFSummary": {"LossSummaryDetail": {}}}, "Schedule80GGA": {"TotalDonationAmtCash80GGA": 0, "TotalDonationAmtOtherMode80GGA": 0, "TotalDonationsUs80GGA": 0, "TotalEligibleDonationAmt80GGA": 0}, "ScheduleVIA": {"UsrDeductUndChapVIA": {"Section80C": 7342, "TotPartBchapterVIA": 7342, "TotPartCchapterVIA": 0, "TotPartCAandDchapterVIA": 0, "TotalChapVIADeductions": 7342}, "DeductUndChapVIA": {"Section80C": 7342, "Section80CCC": 0, "Section80CCDEmployeeOrSE": 0, "Section80CCD1B": 0, "Section80CCDEmployer": 0, "Section80D": 0, "Section80DD": 0, "Section80DDB": 0, "Section80E": 0, "Section80EE": 0, "Section80EEA": 0, "Section80EEB": 0, "Section80G": 0, "Section80GG": 0, "Section80GGA": 0, "Section80GGC": 0, "TotPartBchapterVIA": 7342, "Section80IA": 0, "Section80IAB": 0, "Section80IB": 0, "Section80IBA": 0, "Section80IC": 0, "Section80JJA": 0, "Section80JJAA": 0, "Section80QQB": 0, "Section80RRB": 0, "TotPartCchapterVIA": 0, "Section80TTA": 0, "Section80TTB": 0, "Section80U": 0, "TotPartCAandDchapterVIA": 0, "TotalChapVIADeductions": 7342}}, "ScheduleAMT": {"TotalIncItem11": 493070, "AdjustmentSec115JC": {"DeductClaimSec6A": 0, "DeductClaimSec10AA": 0, "DeductClaimSec35AD": 0, "Total": 0}, "AdjustedUnderSec115JC": 493070, "AdjustedUnderSec115JCIFSC": 0, "AdjustedUnderSec115JCOther": 493070, "TaxPayableUnderSec115JC": 0}, "ScheduleAMTC": {"TaxSection115JC": 0, "TaxOthProvisions": 0, "AmtTaxCreditAvailable": 0, "ScheduleAMTCDtls": [{"AssYr": "2013-14", "AmtCreditFwd": 0, "AmtCreditSetOfEy": 0, "AmtCreditBalBroughtFwd": 0, "AmtCreditUtilized": 0, "BalAmtCreditCarryFwd": 0}, {"AssYr": "2014-15", "AmtCreditFwd": 0, "AmtCreditSetOfEy": 0, "AmtCreditBalBroughtFwd": 0, "AmtCreditUtilized": 0, "BalAmtCreditCarryFwd": 0}, {"AssYr": "2015-16", "AmtCreditFwd": 0, "AmtCreditSetOfEy": 0, "AmtCreditBalBroughtFwd": 0, "AmtCreditUtilized": 0, "BalAmtCreditCarryFwd": 0}, {"AssYr": "2016-17", "AmtCreditFwd": 0, "AmtCreditSetOfEy": 0, "AmtCreditBalBroughtFwd": 0, "AmtCreditUtilized": 0, "BalAmtCreditCarryFwd": 0}, {"AssYr": "2017-18", "AmtCreditFwd": 0, "AmtCreditSetOfEy": 0, "AmtCreditBalBroughtFwd": 0, "AmtCreditUtilized": 0, "BalAmtCreditCarryFwd": 0}, {"AssYr": "2018-19", "AmtCreditFwd": 0, "AmtCreditSetOfEy": 0, "AmtCreditBalBroughtFwd": 0, "AmtCreditUtilized": 0, "BalAmtCreditCarryFwd": 0}, {"AssYr": "2019-20", "AmtCreditFwd": 0, "AmtCreditSetOfEy": 0, "AmtCreditBalBroughtFwd": 0, "AmtCreditUtilized": 0, "BalAmtCreditCarryFwd": 0}, {"AssYr": "2020-21", "AmtCreditFwd": 0, "AmtCreditSetOfEy": 0, "AmtCreditBalBroughtFwd": 0, "AmtCreditUtilized": 0, "BalAmtCreditCarryFwd": 0}, {"AssYr": "2021-22", "AmtCreditFwd": 0, "AmtCreditSetOfEy": 0, "AmtCreditBalBroughtFwd": 0, "AmtCreditUtilized": 0, "BalAmtCreditCarryFwd": 0}], "CurrAssYr": "2022-23", "CurrYrAmtCreditFwd": 0, "CurrYrCreditCarryFwd": 0, "TotAMTGross": 0, "TotSetOffEys": 0, "TotBalBF": 0, "TotAmtCreditUtilisedCY": 0, "TotBalAMTCreditCF": 0, "TaxSection115JD": 0, "AmtLiabilityAvailable": 0}, "ScheduleGST": {"TurnoverGrsRcptForGSTIN": [{"GSTINNo": "33ARNPJ8911B1ZZ", "AmtTurnGrossRcptGSTIN": 8882460}]}, "PartB-TI": {"Salaries": 52886, "IncomeFromHP": 0, "ProfBusGain": {"ProfGainNoSpecBus": 409475, "ProfGainSpecBus": 0, "ProfGainSpecifiedBus": 0, "ProfIncome115BBF": 0, "TotProfBusGain": 409475}, "CapGain": {"ShortTerm": {"ShortTerm15Per": 0, "ShortTerm30Per": 0, "ShortTermAppRate": 0, "ShortTermSplRateDTAA": 0, "TotalShortTerm": 0}, "LongTerm": {"LongTerm10Per": 0, "LongTerm20Per": 0, "LongTermSplRateDTAA": 0, "TotalLongTerm": 0}, "TotalCapGains": 0}, "IncFromOS": {"OtherSrcThanOwnRaceHorse": 38046, "IncChargblSplRate": 0, "FromOwnRaceHorse": 0, "TotIncFromOS": 38046}, "TotalTI": 500407, "CurrentYearLoss": 0, "BalanceAfterSetoffLosses": 500407, "BroughtFwdLossesSetoff": 0, "GrossTotalIncome": 500407, "IncChargeTaxSplRate111A112": 0, "DeductionsUndSchVIADtl": {"PartBchapterVIA": 7342, "PartCchapterVIA": 0, "TotDeductUndSchVIA": 7342}, "DeductionsUnder10Aor10AA": 0, "TotalIncome": 493070, "IncChargeableTaxSplRates": 0, "NetAgricultureIncomeOrOtherIncomeForRate": 0, "AggregateIncome": 493070, "LossesOfCurrentYearCarriedFwd": 0, "DeemedIncomeUs115JC": 493070}, "PartB_TTI": {"ComputationOfTaxLiability": {"TaxPayableOnDeemedTI": {"TaxDeemedTISec115JC": 0, "SurchargeOnAboveCrore": 0, "EducationCess": 0, "TotalTax": 0}, "TaxPayableOnTI": {"TaxAtNormalRatesOnAggrInc": 12154, "TaxAtSpecialRates": 0, "RebateOnAgriInc": 0, "TaxPayableOnTotInc": 12154, "Rebate87A": 12154, "TaxPayableOnRebate": 0, "Surcharge25ofSI": 0, "Surcharge25ofSIBeforeMarginal": 0, "SurchargeOnAboveCroreBeforeMarginal": 0, "SurchargeOnAboveCrore": 0, "TotalSurcharge": 0, "EducationCess": 0, "GrossTaxLiability": 0}, "GrossTaxPayable": 0, "CreditUS115JD": 0, "TaxPayAfterCreditUs115JD": 0, "TaxRelief": {"Section90": 0, "Section91": 0, "TotTaxRelief": 0}, "NetTaxLiability": 0, "IntrstPay": {"IntrstPayUs234A": 0, "IntrstPayUs234B": 0, "IntrstPayUs234C": 0, "LateFilingFee234F": 0, "TotalIntrstPay": 0}, "AggregateTaxInterestLiability": 0}, "TaxPaid": {"TaxesPaid": {"AdvanceTax": 0, "TDS": 0, "TCS": 3411, "SelfAssessmentTax": 0, "TotalTaxesPaid": 3411}, "BalTaxPayable": 0}, "Refund": {"RefundDue": 3410, "BankAccountDtls": {"BankDtlsFlag": "Y", "AddtnlBankDetails": [{"IFSCCode": "FDRL0001787", "BankName": "FEDRAL BANK", "BankAccountNo": "17875800000216", "UseForRefund": "true"}]}}, "AssetOutIndiaFlag": "NO"}, "ScheduleTDS2": {"TDSOthThanSalaryDtls": [{"TDSCreditName": "S", "TANOfDeductor": "CMBT04115G", "TaxDeductCreditDtls": {"TaxDeductedOwnHands": 0, "TaxClaimedOwnHands": 0}, "GrossAmount": 30482, "HeadOfIncome": "OS", "AmtCarriedFwd": 0}, {"TDSCreditName": "S", "TANOfDeductor": "CHEU05353F", "TaxDeductCreditDtls": {"TaxDeductedOwnHands": 0, "TaxClaimedOwnHands": 0}, "GrossAmount": 7564, "HeadOfIncome": "OS", "AmtCarriedFwd": 0}], "TotalTDSonOthThanSals": 0}, "ScheduleTCS": {"TCS": [{"EmployerOrDeductorOrCollectDetl": {"TAN": "MRIG02527A", "EmployerOrDeductorOrCollecterName": "G PACKIRISAMY CHEMICALS"}, "TotalTCS": 3411, "AmtTCSClaimedThisYear": 3411, "AmtCarriedFwd": 0}], "TotalSchTCS": 3411}, "Verification": {"Declaration": {"AssesseeVerName": "C.JANANI", "FatherName": "CHANDRASEKAR", "AssesseeVerPAN": "ARNPJ8911B"}, "Capacity": "S"}}}}