{"ITR": {"ITR5": {"CreationInfo": {"SWVersionNo": "21.5", "SWCreatedBy": "SW20000026", "JSONCreatedBy": "SW20000026", "JSONCreationDate": "2022-01-15", "IntermediaryCity": "JAIPUR", "Digest": "HLXPhXmxYtMANQPCmhY9Iy/zj0QuczpR5oOVU+zPsVY="}, "Form_ITR5": {"FormName": "ITR-5", "Description": "For firms, AOPs and BOIs", "AssessmentYear": "2021", "SchemaVer": "Ver1.1", "FormVer": "Ver1.0"}, "PartA_GEN1": {"OrgFirmInfo": {"AssesseeName": {"SurNameOrOrgName": "JAG SHAAN INDUSTRIES"}, "PAN": "AABFJ9735E", "Address": {"ResidenceNo": "94", "LocalityOrArea": "Friends Colony", "CityOrTownOrDistrict": "Nagpur", "StateCode": "19", "CountryCode": "91", "PinCode": 440013, "CountryCodeMobile": 91, "MobileNo": 9422124885, "CountryCodeMobileNoSec": 91, "MobileNoSec": 9422124885, "EmailAddress": "manojsharma_ca@yahoo.com", "EmailAddressSecondary": "manojsharma_ca@yahoo.com"}, "DateOFFormOrIncorp": "1994-04-11", "StatusOrCompanyType": "1", "SubStatus": "10"}, "FilingStatus": {"ReturnFileSec": {"IncomeTaxSec": 11}, "BusinessTrustFlag": "N", "InvstmntFundRefrdSec115UB": "N", "ResidentialStatus": "RES", "ForeignExchangeFlag": "N", "StartUpDPIITFlag": "N", "InterMinisterialCertFlag": "N", "NRI_PE": "N", "FiiFpiFlag": "N", "AsseseeRepFlg": "N", "PartnerInFirmFlg": "N", "HeldUnlistedEqShrPrYrFlg": "N"}}, "PartA_GEN2": {"LiableSec44AAflg": "Y", "IncDclrdUs": "N", "TotalSalesExcOneCr": "N", "LiableSec44ABflg": "Y", "AuditedByAccountantFlg": "Y", "AuditInfo": {"AuditReportFurnishDate": "2022-01-15", "AuditorName": "Manoj Dwarkadas Sharma", "AuditorMemNo": "110013", "AudFrmName": "MANOJ D. SHARMA", "AudFrmPAN": "ASLPS9298R", "AuditDate": "2021-12-04"}, "LiableSec92Eflg": "N", "PrevYrMemPartChange": "N", "PartnerOrMemberInfo": [{"PartnerForeignCompFlg": "NO", "PartnerOrMemberName": "ROMESHCHANDRA JAGANNATH BATRA", "AddressDetailWithZipCode": {"AddrDetail": "94  KATOL ROAD FRIENDS COLONY", "CityOrTownOrDistrict": "NAGPUR", "StateCode": "19", "CountryCode": "91", "PinCode": 440013}, "SharePercentage": 33.34, "PAN": "ABRPB9034D", "Status": "IND_WORKING", "RateOfInterest": 0, "RemunerationPaid": 30808}, {"PartnerForeignCompFlg": "NO", "PartnerOrMemberName": "LALITA ROMESHCHANDRA BATRA", "AddressDetailWithZipCode": {"AddrDetail": "94,  Katol Road, Friends Colony,", "CityOrTownOrDistrict": "NAGPUR", "StateCode": "19", "CountryCode": "91", "PinCode": 440013}, "SharePercentage": 33.33, "PAN": "AELPB8441H", "Status": "IND_WORKING", "RateOfInterest": 0, "RemunerationPaid": 7702}, {"PartnerForeignCompFlg": "NO", "PartnerOrMemberName": "ANURAG ROMESHCHANDRA BATRA", "AddressDetailWithZipCode": {"AddrDetail": "94,   Friends Colony,", "CityOrTownOrDistrict": "NAGPUR", "StateCode": "19", "CountryCode": "91", "PinCode": 440013}, "SharePercentage": 33.33, "PAN": "AFTPB5469A", "Status": "IND_WORKING", "RateOfInterest": 0, "RemunerationPaid": 38510}], "NatOfBus": {"NatureOfBusiness": [{"Code": "04097", "Description": "MANUFACTURING [Other manufacturing n.e.c.]"}]}}, "PARTA_BS": {"FundSrc": {"PartnerOrMemberFund": {"PartnerOrMemberCap": 21546561, "ResrNSurp": {"RevResr": 0, "CapResr": 0, "StatResr": 0, "OthResr": 632000, "CreditBalOfPLAccount": 0, "TotResrNSurp": 632000}, "TotPartnerOrMemberFund": 22178561}, "LoanFunds": {"SecrLoan": {"ForeignCurrLoan": 0, "RupeeLoan": {"FrmBank": 24695745, "FrmOthrs": 0, "TotRupeeLoan": 24695745}, "TotSecrLoan": 24695745}, "UnsecrLoan": {"ForeignCurrencyLoans": 0, "RupeeLoan": {"FrmBank": 0, "FrmPersonSpcfdUs40A2b": 0, "FrmOthrs": 14172315, "TotRupeeLoan": 14172315}, "TotUnSecrLoan": 14172315}, "TotLoanFund": 38868060}, "DeferredTax": 0, "Advances": {"FrmPersonSpcfdUs40A2b": 0, "FrmOthers": 0, "TotalAdvances": 0}, "TotFundSrc": 61046621}, "FundApply": {"FixedAsset": {"GrossBlock": 18456581, "Depreciation": 818216, "NetBlock": 17638365, "CapWrkProg": 0, "TotFixedAsset": 17638365}, "Investments": {"LongTermInv": {"InvInProperty": 184630, "EquityInstruments": {"ListedEquities": 0, "UnListedEquities": 0, "Total": 0}, "PreferenceShares": 0, "GovtOrTrustSecurities": 0, "DebenturesOrBonds": 0, "MutualFunds": 0, "Others": 0, "TotLongTermInv": 184630}, "ShortTermInv": {"EquityInstruments": {"ListedEquities": 0, "UnListedEquities": 0, "Total": 0}, "PreferenceShares": 0, "GovtOrTrustSecurities": 0, "DebenturesOrBonds": 0, "MutualFunds": 0, "Others": 0, "TotShortTermInv": 0}, "TotInvestments": 184630}, "CurrAssetLoanAdv": {"CurrAsset": {"Inventories": {"RawMatl": 0, "WorkInProgress": 0, "FinOrTradGood": 26373919, "StkInTrade": 0, "StoresConsumables": 0, "LooseTools": 0, "Others": 0, "TotInventries": 26373919}, "SundryDebtorDtls": {"OutstandindMorethanOneYr": 0, "Others": 21166229, "TotalSundryDebtors": 21166229}, "CashOrBankBal": {"BankBal": 0, "CashinHand": 96125, "Others": 0, "TotCashOrBankBal": 96125}, "OthCurrAsset": 0, "TotCurrAsset": 47636273}, "LoanAdv": {"AdvRecoverable": 0, "Deposits": 5501801, "BalWithRevAuth": 0, "TotLoanAdv": 5501801, "LoanAdvIncluded": {"PurposeOFBusOrProf": 0, "NotForPurposeOFBusOrProf": 0}}, "TotCurrAssetLoanAdv": 53138074, "CurrLiabilitiesProv": {"CurrLiabilities": {"SundryCreditorDtls": {"OutstandindMorethanOneYr": 0, "Others": 8793177, "TotalSundryCreditors": 8793177}, "LiabForLeasedAsset": 0, "AccrIntonLeasedAsset": 0, "AccrIntNotDue": 0, "IncRecvdInAdv": 0, "OtherPayables": 0, "TotCurrLiabilities": 8793177}, "Provisions": {"ITProvision": 0, "ELSuperAnnGratProvision": 0, "OthProvision": 1121271, "TotProvisions": 1121271}, "TotCurrLiabilitiesProvision": 9914448}, "NetCurrAsset": 43223626}, "MiscAdjust": {"MiscExpndr": 0, "DefTaxAsset": 0, "AccumultedLosses": 0, "TotMiscAdjust": 0}, "TotFundApply": 61046621}}, "ManufacturingAccount": {"OpeningInventory": {"OpngStckRawMat": 0, "OpngStckWrkinPrgrs": 0, "OpngInvntryTotal": 0, "Purchases": 0, "DirectWages": 0, "DirectExpenses": 0, "CarriageInward": 0, "PowerAndFuel": 0, "OthDirectExpenses": 0, "IndirectWages": 0, "FactoryRentAndRates": 0, "FactoryInsurance": 0, "FactoryFuelAndPower": 0, "FactoryGeneralExpenses": 0, "DeprctnOfFactoryMachinery": 0, "TotalFactoryOverheads": 0, "TotalDebtsManfctrngAcc": 0}, "ClosingStock": {"ClsngStckRawMaterial": 0, "ClsngStckWrkInPrgrs": 0, "ClsngStckTotal": 0}, "CostOfGoodsPrdcd": 0}, "TradingAccount": {"SaleOfGoods": 55067585, "SaleOfServices": 0, "OtherOperatingRevenueDtls": [{"OperatingRevenueName": "Job receipts", "OperatingRevenueAmt": 7683675}], "OperatingRevenueTotal": 7683675, "SalesGrossReceiptsTotal": 62751260, "GrossRcptFromProfession": 0, "ExciseCustomsVAT": {"UnionExciseDuty": 0, "ServiceTax": 0, "VATorSaleTax": 0, "CentralGoodServiceTax": 0, "StateGoodServiceTax": 0, "IntegratedGoodServiceTax": 0, "UnionTerrGoodServiceTax": 0, "OthDutyTaxCess": 0, "TotExciseCustomsVAT": 0}, "TotRevenueFrmOperations": 62751260, "ClsngStckOfFinishedStcks": 26373919, "TardingAccTotCred": 89125179, "OpngStckOfFinishedStcks": 23047822, "Purchases": 47658164, "DirectExpenses": 11892453, "CarriageInward": 0, "PowerAndFuel": 0, "OtherDirectExpenses": [{"NatureOfDirectExpense": "Packaging expenses", "Amount": 4821}, {"NatureOfDirectExpense": "Cartage", "Amount": 407978}, {"NatureOfDirectExpense": "Crane hire charges", "Amount": 131100}, {"NatureOfDirectExpense": "Freight", "Amount": 2526041}, {"NatureOfDirectExpense": "Power and electricity", "Amount": 3645640}, {"NatureOfDirectExpense": "Water charges", "Amount": 41398}, {"NatureOfDirectExpense": "Samples", "Amount": 9478}, {"NatureOfDirectExpense": "Jobwork expenses Round off Adjustment", "Amount": 5125997}], "DirectExpensesTotal": 11892453, "DutyTaxPay": {"ExciseCustomsVAT": {"CustomDuty": 0, "CounterVailDuty": 0, "SplAddDuty": 0, "UnionExciseDuty": 0, "ServiceTax": 0, "VATorSaleTax": 0, "CentralGoodServiceTax": 0, "StateGoodServiceTax": 0, "IntegratedGoodServiceTax": 0, "UnionTerrGoodServiceTax": 0, "OthDutyTaxCess": 0, "TotExciseCustomsVAT": 0}}, "GoodsCostPrdcdFrmMA": 0, "GrossProfitFrmBusProf": 6526740}, "PARTA_PL": {"CreditsToPL": {"GrossProfitTrnsfFrmTrdAcc": 6526740, "OthIncome": {"RentInc": 0, "Comissions": 0, "Dividends": 0, "InterestInc": 0, "ProfitOnSaleFixedAsset": 0, "ProfitOnInvChrSTT": 0, "ProfitOnOthInv": 0, "ProfitOnCurrFluct": 0, "ProfitOnCnvInvntryToCapAsst": 0, "ProfitOnAgriIncome": 0, "OtherIncDtls": [{"NatureOfIncome": "Interest on FD", "Amount": 31874}, {"NatureOfIncome": "RoundOff", "Amount": 1}], "MiscOthIncome": 31875, "TotOthIncome": 31875}, "TotCreditsToPL": 6558615}, "DebitsToPL": {"DebitPlAcnt": {"Freight": 0, "ConsumptionOfStores": 0, "PowerFuel": 0, "RentExpdr": 0, "RepairsBldg": 7422, "RepairMach": 596698, "EmployeeComp": {"SalsWages": 1308344, "Bonus": 110764, "MedExpReimb": 0, "LeaveEncash": 0, "LeaveTravelBenft": 0, "ContToSuperAnnFund": 0, "ContToPF": 0, "ContToGratFund": 0, "ContToOthFund": 0, "OthEmpBenftExpdr": 0, "TotEmployeeComp": 1419108, "AnyCompPaidToNonRes": "N", "AmtPaidToNonRes": 0}, "Insurances": {"MedInsur": 0, "LifeInsur": 0, "KeyManInsur": 0, "OthInsur": 60429, "TotInsurances": 60429}, "StaffWelfareExp": 0, "Entertainment": 2370, "Hospitality": 0, "Conference": 0, "SalePromoExp": 9975, "Advertisement": 0, "CommissionExpdrDtls": {"NonResOtherCompany": 0, "Others": 251225, "Total": 251225}, "RoyalityDtls": {"NonResOtherCompany": 0, "Others": 0, "Total": 0}, "ProfessionalConstDtls": {"NonResOtherCompany": 0, "Others": 0, "Total": 0}, "HotelBoardLodge": 0, "TravelExp": 34401, "ForeignTravelExp": 0, "ConveyanceExp": 132095, "TelephoneExp": 46019, "GuestHouseExp": 0, "ClubExp": 0, "FestivalCelebExp": 0, "Scholarship": 0, "Gift": 0, "Donation": 0, "RatesTaxesPays": {"ExciseCustomsVAT": {"UnionExciseDuty": 0, "ServiceTax": 0, "VATorSaleTax": 0, "Cess": 0, "CentralGoodServiceTax": 0, "StateGoodServiceTax": 0, "IntegratedGoodServiceTax": 0, "UnionTerrGoodServiceTax": 0, "OthDutyTaxCess": 0, "TotExciseCustomsVAT": 0}}, "AuditFee": 82690, "SalRemuneration": 77020, "OtherExpensesDtls": [{"ExpenseNature": "Retainership charges", "Amount": 308242}, {"ExpenseNature": "Office expenses", "Amount": 35186}, {"ExpenseNature": "Labour Welfare  and Fund", "Amount": 52811}, {"ExpenseNature": "Stationary", "Amount": 8338}, {"ExpenseNature": "Postage", "Amount": 5078}, {"ExpenseNature": "Subscription", "Amount": 3600}, {"ExpenseNature": "ESIC", "Amount": 54080}, {"ExpenseNature": "Consultancy Charges", "Amount": 24000}, {"ExpenseNature": "Computer expenses", "Amount": 16573}, {"ExpenseNature": "Miscellaneous expenses", "Amount": 19475}, {"ExpenseNature": "Bank commission and charges", "Amount": 169080}, {"ExpenseNature": "Testing charges", "Amount": 39240}, {"ExpenseNature": "Bank interest", "Amount": 2233239}, {"ExpenseNature": "GST Penalty", "Amount": 2850}, {"ExpenseNature": "Interest to Others", "Amount": 2011}, {"ExpenseNature": "Accounts W/off", "Amount": 9240}, {"ExpenseNature": "Effluent Expenses", "Amount": 37902}, {"ExpenseNature": "Round off Adjustment", "Amount": 2}], "OtherExpenses": 3020947, "BadDebtDtls": {"BadDebtAmtDtls": [], "BadDebtAmtDtlsTotal": 0, "OthersPANNotAvlblDtl": [], "OthersPANNotAvlblDtlTotal": 0, "OthersAmtLt1Lakh": 0, "BadDebt": 0}, "ProvForBadDoubtDebt": 0, "OthProvisionsExpdr": 0, "PBIDTA": 818216, "InterestExpdrtDtls": {"NonResOtherCompany": 0, "Others": 0, "ResPartners": 0, "ResOthers": 0, "InterestExpdr": 0}, "DepreciationAmort": 818216, "PBT": 0}, "TaxProvAppr": {"ProvForCurrTax": 0, "ProvDefTax": 0, "ProfitAfterTax": 0, "BalBFPrevYr": 0, "AmtAvlAppr": 0, "Appropriations": {"TrfToReserves": 0}, "PartnerAccBalTrf": 0}}, "NatOfBus44AD": [], "PersumptiveInc44AD": {"GrsTrnOverOrReceipt": 0, "GrsTrnOverBank": 0, "GrsTrnOverAnyOthMode": 0, "TotPersumptiveInc44AD": 0, "PersumptiveInc44AD6Per": 0, "PersumptiveInc44AD8Per": 0}, "NatOfBus44ADA": [], "PersumptiveInc44ADA": {"GrsReceipt": 0, "TotPersumptiveInc44ADA": 0}, "NatOfBus44AE": [], "GoodsDtlsUs44AE": [], "TotalNumOfMonths": 0, "TotalPrsumptvIncUs44EGoods": 0, "TotalPrsumptvIncGCUs44E": 0, "SalRemrtnToPartnerFirm": 0, "TotalPrsumptvIncUs44E": 0, "NoBooksOfAccPL": {"GrossReceipt": 0, "GrsRcptAccPayeeOrBankMode": 0, "GrsRcptOtherMode": 0, "GrossProfit": 0, "Expenses": 0, "NetProfit": 0, "GrossReceiptPrf": 0, "GrsRcptAccPayeeOrBankModePrf": 0, "GrsRcptOtherModePrf": 0, "GrossProfitPrf": 0, "ExpensesPrf": 0, "NetProfitPrf": 0, "TotBusinessProfession": 0}, "TurnverFrmSpecActivity": 0, "GrossProfit": 0, "Expenditure": 0, "NetIncomeFrmSpecActivity": 0}, "PARTA_OI": {"MethodOfAcct": "MERC", "ChangeInAcctMethFlg": "N", "ProfDeviatDueAcctMeth": 0, "DecProOrIncLossUs145_2": 0, "MethodOfValClgStk": {"ValRawMaterial": "1", "ValFinishedGoods": "1", "ChngStockValMetFlg": "N", "EffectOnPL": 0, "DecProOrIncLossUs145_A": 0}, "NoCredToPLAmt": {"Section28Items": 0, "ProformaCreditsDue": 0, "PrevYrEscalClaim": 0, "OthItemInc": 0, "CapReceipt": 0, "TotNoCredToPLAmt": 0}, "AmtDisallUs36": {"StkInsurPrem": 0, "EmpHealthInsurPrem": 0, "EmpBonusCommSum": 0, "IntOnBorrCap": 0, "ZeroCoupBondDisc": 0, "RecogPFContribAmt": 0, "AppSuperAnnFundAmt": 0, "PensionSchemeSec80CCD": 0, "AppGratFundAmt": 0, "OthFundAmt": 0, "EmpContributionCredits": 0, "BadDebtDoubtAmt": 0, "BadDebtDoubtProvn": 0, "SpecResrvTranfr": 0, "FamPlanPromoExp": 0, "SecuritiesPaidAmt": 0, "MrktLossOthExpLossICDS": 0, "AnyOthDisallowance": 0, "ExpGovtApprovedSugarPrice": 0, "TotAmtDisallUs36": 0, "NoOfEmployeesEmployed": {"DeployedInIndia": 0, "DeployedOutSideIndia": 0, "Total": 0}}, "AmtDisallUs37": {"CapitalNatureExp": 0, "PersonalExp": 0, "BusOrProfessnExp": 0, "PoliticPartyExp": 0, "LawVoilatPenalExp": 0, "OthPenalFineExp": 0, "OffenceExp": 0, "ContigentLiability": 0, "OthAmtNotAllowUs37": 0, "TotAmtDisallUs37": 0}, "AmtDisallUs40": {"NonCompChapXVIIBAmt": 0, "NonComp40aiiChapXVIIBAmt": 0, "NonComp40aibChapXVIIBAmt": 0, "NonComp40aiiiChapXVIIBAmt": 0, "TaxAmtOnProfits": 0, "WTAmt": 0, "RolyatyOrServiceFee": 0, "IntSalBonPartner": 0, "AnyOthDisallowance": 0, "TotAmtDisallUs40": 0, "AnyAmtOfSec40AllowPrevYr": 0}, "AmtDisallUs40A": {"AmtPaidUs40A2b": 0, "AmtGT20kCash": 0, "ProvPmtGrat": 0, "ContToSetupTrust": 0, "AnyOthDisallowance": 0, "TotAmtDisallUs40A": 0}, "AmtDisallUs43BPyNowAll": {"AmtUs43B": {"TaxDutyCesAmt": 0, "ContToEmpPFSFGF": 0, "EmpBonusComm": 0, "IntPayaleToFI": 0, "SumPayaleLoanBrToFinComp": 0, "IntPayaleToFISchBank": 0, "LeaveEncashPayable": 0, "RailwayAsstsPyble": 0, "TotAmtUs43b": 0}}, "AmtDisall43B": {"AmtUs43B": {"TaxDutyCesAmt": 0, "ContToEmpPFSFGF": 0, "EmpBonusComm": 0, "IntPayaleToFI": 0, "SumPayaleLoanBrToFinComp": 0, "IntPayaleToFISchBank": 0, "LeaveEncashPayable": 0, "RailwayAsstsPyble": 0, "TotAmtUs43b": 0}}, "AmtExciseCustomsVATOutstanding": {"ExciseCustomsVAT": {"UnionExciseDuty": 0, "ServiceTax": 0, "VATorSaleTax": 0, "CentralGoodServiceTax": 0, "StateGoodServiceTax": 0, "IntegratedGoodServiceTax": 0, "UnionTerrGoodServiceTax": 0, "OthDutyTaxCess": 0, "TotExciseCustomsVAT": 0}}, "DeemedProfUs33ABs": 0, "DeemedProfUs33AB": 0, "DeemedProfUs33ABA": 0, "ProfTaxAmtUs41": 0, "PriorAmtIncCrDrPL": 0, "AmountOfExpDisAllwUs14A": 0, "DeemedProfUs33AC": 0, "ScheduleTPSAFlg": "N"}, "ScheduleHP": {"PropertyDetails": [], "PassThroghIncome": 0, "TotalIncomeChargeableUnHP": 0}, "CorpScheduleBP": {"BusinessIncOthThanSpec": {"ProfBfrTaxPL": 0, "NetPLFromSpecBus": 0, "NetProfLossSpecifiedBus": 0, "IncRecCredPLOthHeadDtls": {"HouseProperty": 0, "CapitalGains": 0, "OtherSources": 0, "Dividend": 0, "OtherThanDividend": 0, "UnderSec115BBG": 0, "UnderSec115BBF": 0}, "PLUs44sChapXIIGOthrUs115B": 0, "ProfitLossInclRefrdSec": {"ProfitLossUs44AD": 0, "ProfitLossUs44ADA": 0, "ProfitLossUs44AE": 0, "ProfitLossUs44B": 0, "ProfitLossUs44BB": 0, "ProfitLossUs44BBA": 0, "ProfitLossUs44D": 0, "ProfitLossUs44DA": 0, "ProfitLossUs44DB": 0, "FirstSchITActOthr115B": 0}, "TotalProfitFrmActCvrd": 0, "ProfitFrmActCvrd": {"ProfitFrmActCvrdUndrRule7": 0, "ProfitFrmActCvrdUndrRule7A": 0, "ProfitFrmActCvrdUndrRule7B1": 0, "ProfitFrmActCvrdUndrRule7B1A": 0, "ProfitFrmActCvrdUndrRule8": 0}, "IncCredPL": {"FirmShareInc": 0, "AOPBOISharInc": 0, "OthExempInc": 0, "TotExempInc": 0}, "BalancePLOthThanSpecBus": 0, "ExpDebToPLOthHeadDtls": {"HouseProperty": 0, "CapitalGains": 0, "OtherSources": 0, "Dividend": 0, "OtherThanDividend": 0, "UnderSec115BBG": 0, "UnderSec115BBF": 0}, "ExpDebToPLExemptInc": 0, "ExpDebToPLExemptIncDisAllwUs14A": 0, "TotExpDebPL": 0, "AdjustedPLOthThanSpecBus": 0, "DepreciationDebPLCosAct": 818216, "DepreciationAllowITAct32": {"DepreciationAllowUs32_1_ii": 1235161, "DepreciationAllowUs32_1_i": 0, "TotDeprAllowITAct": 1235161}, "AdjustPLAfterDeprOthSpecInc": -416945, "AmtDebPLDisallowUs36": 0, "AmtDebPLDisallowUs37": 0, "AmtDebPLDisallowUs40": 0, "AmtDebPLDisallowUs40A": 0, "AmtDebPLDisallowUs43B": 0, "InterestDisAllowUs23SMEAct": 0, "DeemIncUs41": 0, "DeemIncUs3380HHD80IA": 0, "DeemIncUs32AC": 0, "DeemIncUs32AD": 0, "DeemIncUs33AB": 0, "DeemIncUs33ABA": 0, "DeemIncUs35ABA": 0, "DeemIncUs35ABB": 0, "DeemIncUs35AC": 0, "DeemIncUs40A3A": 0, "DeemIncUs33AC": 0, "DeemIncUs72A": 0, "DeemIncUs80HHD": 0, "DeemIncUs80IA": 0, "DeemIncUs43CA": 0, "OthItemDisallowUs28To44DB": 0, "AnyOthIncNotInclInExpDisallowPL": 0, "SalaryExpDisallowPL": 0, "BonusExpDisallowPL": 0, "CommissionExpDisallowPL": 0, "InterestExpDisallowPL": 0, "OthersExpDisallowPL": 0, "IncProfDecLossAccICDSAdj": 0, "TotAfterAddToPLDeprOthSpecInc": 0, "DeductUs32_1_iii": 0, "DeductUs32AD": 0, "DebPLUs35ExcessAmt": 0, "AmtDisallUs40NowAllow": 0, "AmtDisallUs43BNowAllow": 0, "AnyOthAmtAllDeduct": 0, "DecProfIncLossAccICDSAdj": 0, "TotDeductionAmts": 0, "PLAftAdjDedBusOthThanSpec": -416945, "DeemedProfitBusUs": {"Section44AD": 0, "Section44ADA": 0, "Section44AE": 0, "Section44B": 0, "Section44BB": 0, "Section44BBA": 0, "Section44D": 0, "Section44DA": 0, "FirstSchTActOther": 0, "Section44DB": 0, "TotDeemedProfitBusUs": 0}, "NetPLAftAdjBusOthThanSpec": -416945, "NetPLBusOthThanSpec7A7B7C": -416945, "ChrgblIncUndrRule7": 0, "DeemedChrgblIncUndrRule7A": 0, "DeemedChrgblIncUndrRule7B1": 0, "DeemedChrgblIncUndrRule7B1A": 0, "DeemedChrgblIncUndrRule8": 0, "IncomeOtherThanRule": -416945, "BalIncDeemedFrmAgri": 0}, "SpecBusinessInc": {"NetPLFrmSpecBus": 0, "AdditionUs28to44DB": 0, "DeductUs28to44DB": 0, "AdjustedPLFrmSpecuBus": 0}, "IncSpecifiedBusiness": {"NetPLFrmSpecifiedBus": 0, "AddSec28to44DB": 0, "DedSec28to44DBOTDedSec35AD": 0, "ProfitLossSpecifiedBusiness": 0, "DedSec35AD": 0, "ProfitLossSpecifiedBusFinal": 0}, "IncChrgUnHdProftGain": -416945, "BusSetoffCurrYr": {"LossSetOffOnBusLoss": 416945, "SpeculativeInc": {"IncOfCurYrUnderThatHead": 0, "BusLossSetoff": 0, "IncOfCurYrAfterSetOff": 0}, "SpecifiedInc": {"IncOfCurYrUnderThatHead": 0, "BusLossSetoff": 0, "IncOfCurYrAfterSetOff": 0}, "TotLossSetOffOnBus": 0, "LossRemainSetOffOnBus": 416945}}, "ScheduleDPM": {"PlantMachinery": {"Rate15": {"DepreciationDetail": {"WDVFirstDay": 6255100, "AdjustAccTax115BADAmt": 0, "AdjustedWDVFirstDay": 6255100, "AdditionsGrThan180Days": 187681, "RealizationTotalPeriod": 0, "FullRateDeprAmt": 6442781, "AdditionsLessThan180Days": 611605, "RealizationPeriodDuringYear": 0, "HalfRateDeprAmt": 611605, "DepreciationAtFullRate": 966417, "DepreciationAtHalfRate": 45870, "AddlnDeprOnGT180DayAdditions": 0, "AddlnDeprDuringYearAdditions": 0, "AddlnDeprOnLessThan180DayAdditions": 0, "TotalDepreciation": 1012287, "DepDisAllowUs38_2": 0, "NetAggregateDepreciation": 1012287, "ProportionateAggDepreciation": 0, "ExpdrOnTrforSaleAsset": 0, "CapGainUs50": 0, "WDVLastDay": 6042099}}, "Rate30": {"DepreciationDetail": {"WDVFirstDay": 0, "AdjustAccTax115BADAmt": 0, "AdjustedWDVFirstDay": 0, "AdditionsGrThan180Days": 0, "RealizationTotalPeriod": 0, "FullRateDeprAmt": 0, "AdditionsLessThan180Days": 0, "RealizationPeriodDuringYear": 0, "HalfRateDeprAmt": 0, "DepreciationAtFullRate": 0, "DepreciationAtHalfRate": 0, "AddlnDeprOnGT180DayAdditions": 0, "AddlnDeprDuringYearAdditions": 0, "AddlnDeprOnLessThan180DayAdditions": 0, "TotalDepreciation": 0, "DepDisAllowUs38_2": 0, "NetAggregateDepreciation": 0, "ProportionateAggDepreciation": 0, "ExpdrOnTrforSaleAsset": 0, "CapGainUs50": 0, "WDVLastDay": 0}}, "Rate40": {"DepreciationDetail": {"WDVFirstDay": 4562, "AdjustAccTax115BADAmt": 0, "AdjustedWDVFirstDay": 4562, "AdditionsGrThan180Days": 45338, "RealizationTotalPeriod": 0, "FullRateDeprAmt": 49900, "AdditionsLessThan180Days": 0, "RealizationPeriodDuringYear": 0, "HalfRateDeprAmt": 0, "DepreciationAtFullRate": 19960, "DepreciationAtHalfRate": 0, "AddlnDeprOnGT180DayAdditions": 0, "AddlnDeprDuringYearAdditions": 0, "AddlnDeprOnLessThan180DayAdditions": 0, "TotalDepreciation": 19960, "DepDisAllowUs38_2": 0, "NetAggregateDepreciation": 19960, "ProportionateAggDepreciation": 0, "ExpdrOnTrforSaleAsset": 0, "CapGainUs50": 0, "WDVLastDay": 29940}}, "Rate45": {"DepreciationDetail": {"WDVFirstDay": 0, "RealizationTotalPeriod": 0, "FullRateDeprAmt": 0, "DepreciationAtFullRate": 0, "AddlnDeprOnGT180DayAdditions": 0, "AddlnDeprOnLessThan180DayAdditions": 0, "TotalDepreciation": 0, "DepDisAllowUs38_2": 0, "NetAggregateDepreciation": 0, "ProportionateAggDepreciation": 0, "ExpdrOnTrforSaleAsset": 0, "CapGainUs50": 0, "WDVLastDay": 0}}}}, "ScheduleDOA": {"Building": {"Rate5": {"DepreciationDetail": {"WDVFirstDay": 0, "AdditionsGrThan180Days": 0, "RealizationTotalPeriod": 0, "FullRateDeprAmt": 0, "AdditionsLessThan180Days": 0, "RealizationPeriodDuringYear": 0, "HalfRateDeprAmt": 0, "DepreciationAtFullRate": 0, "DepreciationAtHalfRate": 0, "TotalDepreciation": 0, "DepDisAllowUs38_2": 0, "NetAggregateDepreciation": 0, "ProportionateAggDepreciation": 0, "ExpdrOnTrforSaleAsset": 0, "CapGainUs50": 0, "WDVLastDay": 0}}, "Rate10": {"DepreciationDetail": {"WDVFirstDay": 1681814, "AdditionsGrThan180Days": 0, "RealizationTotalPeriod": 0, "FullRateDeprAmt": 1681814, "AdditionsLessThan180Days": 0, "RealizationPeriodDuringYear": 0, "HalfRateDeprAmt": 0, "DepreciationAtFullRate": 168181, "DepreciationAtHalfRate": 0, "TotalDepreciation": 168181, "DepDisAllowUs38_2": 0, "NetAggregateDepreciation": 168181, "ProportionateAggDepreciation": 0, "ExpdrOnTrforSaleAsset": 0, "CapGainUs50": 0, "WDVLastDay": 1513633}}, "Rate40": {"DepreciationDetail": {"WDVFirstDay": 0, "AdditionsGrThan180Days": 0, "RealizationTotalPeriod": 0, "FullRateDeprAmt": 0, "AdditionsLessThan180Days": 0, "RealizationPeriodDuringYear": 0, "HalfRateDeprAmt": 0, "DepreciationAtFullRate": 0, "DepreciationAtHalfRate": 0, "TotalDepreciation": 0, "DepDisAllowUs38_2": 0, "NetAggregateDepreciation": 0, "ProportionateAggDepreciation": 0, "ExpdrOnTrforSaleAsset": 0, "CapGainUs50": 0, "WDVLastDay": 0}}}, "FurnitureFittings": {"Rate10": {"DepreciationDetail": {"WDVFirstDay": 323728, "AdditionsGrThan180Days": 7415, "RealizationTotalPeriod": 0, "FullRateDeprAmt": 331143, "AdditionsLessThan180Days": 32371, "RealizationPeriodDuringYear": 0, "HalfRateDeprAmt": 32371, "DepreciationAtFullRate": 33114, "DepreciationAtHalfRate": 1619, "TotalDepreciation": 34733, "DepDisAllowUs38_2": 0, "NetAggregateDepreciation": 34733, "ProportionateAggDepreciation": 0, "ExpdrOnTrforSaleAsset": 0, "CapGainUs50": 0, "WDVLastDay": 328781}}}, "IntangibleAssets": {"Rate25": {"DepreciationDetail": {"WDVFirstDay": 0, "AdditionsGrThan180Days": 0, "RealizationTotalPeriod": 0, "FullRateDeprAmt": 0, "AdditionsLessThan180Days": 0, "RealizationPeriodDuringYear": 0, "HalfRateDeprAmt": 0, "DepreciationAtFullRate": 0, "DepreciationAtHalfRate": 0, "TotalDepreciation": 0, "DepDisAllowUs38_2": 0, "NetAggregateDepreciation": 0, "ProportionateAggDepreciation": 0, "ExpdrOnTrforSaleAsset": 0, "CapGainUs50": 0, "WDVLastDay": 0}}}, "Ships": {"Rate20": {"DepreciationDetail": {"WDVFirstDay": 0, "AdditionsGrThan180Days": 0, "RealizationTotalPeriod": 0, "FullRateDeprAmt": 0, "AdditionsLessThan180Days": 0, "RealizationPeriodDuringYear": 0, "HalfRateDeprAmt": 0, "DepreciationAtFullRate": 0, "DepreciationAtHalfRate": 0, "TotalDepreciation": 0, "DepDisAllowUs38_2": 0, "NetAggregateDepreciation": 0, "ProportionateAggDepreciation": 0, "ExpdrOnTrforSaleAsset": 0, "CapGainUs50": 0, "WDVLastDay": 0}}}}, "ScheduleDEP": {"SummaryFromDeprSch": {"PlantMachinerySummary": {"DeprBlockTot15Percent": 1012287, "DeprBlockTot30Percent": 0, "DeprBlockTot40Percent": 19960, "DeprBlockTot45Percent": 0, "TotPlntMach": 1032247}, "BuildingSummary": {"DeprBlockTot5Percent": 0, "DeprBlockTot10Percent": 168181, "DeprBlockTot40Percent": 0, "TotBuildng": 168181}, "FurnitureSummary": 34733, "IntangibleAssetSummary": 0, "ShipsSummary": 0, "TotalDepreciation": 1235161}}, "ScheduleDCG": {"SummaryFromDeprSchCG": {"FurnitureSummary": 0, "IntangibleAssetSummary": 0, "ShipsSummary": 0, "TotalDepreciation": 0}}, "ScheduleCG": {"ShortTermCapGain": {"SlumpSaleInStcg": {"FullConsideration": 0, "NetWorthOfDivision": 0, "CapgainonAssets": 0}, "EquityMFonSTT": [{"MFSectionCode": "1A", "EquityMFonSTTDtls": {"FullConsideration": 0, "DeductSec48": {"AquisitCost": 0, "ImproveCost": 0, "ExpOnTrans": 0, "TotalDedn": 0}, "BalanceCG": 0, "LossSec94of7Or94of8": 0, "CapgainonAssets": 0}}], "NRITransacSec48Dtl": {"NRItaxSTTPaid": 0, "NRItaxSTTNotPaid": 0}, "NRISecur115AD": {"FullValueConsdRecvUnqshr": 0, "FairMrktValueUnqshr": 0, "FullValueConsdSec50CA": 0, "FullValueConsdOthUnqshr": 0, "FullConsideration": 0, "DeductSec48": {"AquisitCost": 0, "ImproveCost": 0, "ExpOnTrans": 0, "TotalDedn": 0}, "BalanceCG": 0, "LossSec94of7Or94of8": 0, "CapgainonAssets": 0}, "SaleOnOtherAssets": {"FullValueConsdRecvUnqshr": 0, "FairMrktValueUnqshr": 0, "FullValueConsdSec50CA": 0, "FullValueConsdOthUnqshr": 0, "FullConsideration": 0, "DeductSec48": {"AquisitCost": 0, "ImproveCost": 0, "ExpOnTrans": 0, "TotalDedn": 0}, "BalanceCG": 0, "LossSec94of7Or94of8": 0, "DeemedSTCGDeprAsset": 0, "ExemptionOrDednUs54": {"ExemptionOrDednUs54Dtls": [], "ExemptionGrandTotal": 0}, "CapgainonAssets": 0}, "UnutilizedStcgFlag": "X", "AmtDeemedStcg": 0, "TotalAmtDeemedStcg": 0, "PassThrIncNatureSTCG": 0, "PassThrIncNatureSTCG15Per": 0, "PassThrIncNatureSTCG30Per": 0, "PassThrIncNatureSTCGAppRate": 0, "TotalAmtNotTaxUsDTAAStcg": 0, "TotalAmtTaxUsDTAAStcg": 0, "TotalSTCG": 0}, "LongTermCapGain": {"SlumpSaleInLtcg": {"FullConsideration": 0, "NetWorthOfDivision": 0, "SlumpBalance": 0, "DeductionUnderSec54": 0, "CapgainonAssets": 0}, "SaleofBondsDebntr": {"FullConsideration": 0, "DeductSec48": {"AquisitCost": 0, "ImproveCost": 0, "ExpOnTrans": 0, "TotalDedn": 0}, "BalanceCG": 0}, "Proviso112Applicable": {"Proviso112SectionCode": "22", "Proviso112Applicabledtls": {"FullConsideration": 0, "DeductSec48": {"AquisitCost": 0, "ImproveCost": 0, "ExpOnTrans": 0, "TotalDedn": 0}, "BalanceCG": 0}}, "SaleOfEquityShareUs112A": {"CapgainonAssets": 0}, "NRIProvisoSec48": {"BalanceCG": 0}, "NRIOnSec112and115": {"NRIOnSec112and115Dtls": [{"SectionCode": "21ciii", "FullValueConsdRecvUnqshr": 0, "FairMrktValueUnqshr": 0, "FullValueConsdSec50CA": 0, "FullValueConsdOthUnqshr": 0, "FullConsideration": 0, "DeductSec48": {"AquisitCost": 0, "ImproveCost": 0, "ExpOnTrans": 0, "TotalDedn": 0}, "BalanceCG": 0}]}, "NRISaleOfEquityShareUs112A": {"CapgainonAssets": 0}, "SaleofAssetNA": {"FullValueConsdRecvUnqshr": 0, "FairMrktValueUnqshr": 0, "FullValueConsdSec50CA": 0, "FullValueConsdOthUnqshr": 0, "FullConsideration": 0, "DeductSec48": {"AquisitCost": 0, "ImproveCost": 0, "ExpOnTrans": 0, "TotalDedn": 0}, "BalanceCG": 0, "ExemptionOrDednUs54": {"ExemptionGrandTotal": 0}, "CapgainonAssets": 0}, "UnutilizedLtcgFlag": "X", "AmtDeemedLtcg": 0, "TotalAmtDeemedLtcg": 0, "PassThrIncNatureLTCG": 0, "PassThrIncNatureLTCGUs112A": 0, "PassThrIncNatureLTCG10Per": 0, "PassThrIncNatureLTCG20Per": 0, "TotalAmtNotTaxUsDTAALtcg": 0, "TotalAmtTaxUsDTAALtcg": 0, "TotalLTCG": 0}, "IncChargeableHeadCapGain": 0, "DeducClaimInfo": {"TotDeductClaim": 0}, "CurrYrLosses": {"InLossSetOff": {"StclSetoff15Per": 0, "StclSetoff30Per": 0, "StclSetoffAppRate": 0, "StclSetoffDTAARate": 0, "LtclSetOff10Per": 0, "LtclSetOff20Per": 0, "LtclSetOffDTAARate": 0}, "InStcg15Per": {"CurrYearIncome": 0, "StclSetoff30Per": 0, "StclSetoffAppRate": 0, "StclSetoffDTAARate": 0, "CurrYrCapGain": 0}, "InStcg30Per": {"CurrYearIncome": 0, "StclSetoff15Per": 0, "StclSetoffAppRate": 0, "StclSetoffDTAARate": 0, "CurrYrCapGain": 0}, "InStcgAppRate": {"CurrYearIncome": 0, "StclSetoff15Per": 0, "StclSetoff30Per": 0, "StclSetoffDTAARate": 0, "CurrYrCapGain": 0}, "InStcgDTAARate": {"CurrYearIncome": 0, "StclSetoff15Per": 0, "StclSetoff30Per": 0, "StclSetoffAppRate": 0, "CurrYrCapGain": 0}, "InLtcg10Per": {"CurrYearIncome": 0, "StclSetoff15Per": 0, "StclSetoff30Per": 0, "StclSetoffAppRate": 0, "StclSetoffDTAARate": 0, "LtclSetOff20Per": 0, "LtclSetOffDTAARate": 0, "CurrYrCapGain": 0}, "InLtcg20Per": {"CurrYearIncome": 0, "StclSetoff15Per": 0, "StclSetoff30Per": 0, "StclSetoffAppRate": 0, "StclSetoffDTAARate": 0, "LtclSetOff10Per": 0, "LtclSetOffDTAARate": 0, "CurrYrCapGain": 0}, "InLtcgDTAARate": {"CurrYearIncome": 0, "StclSetoff15Per": 0, "StclSetoff30Per": 0, "StclSetoffAppRate": 0, "StclSetoffDTAARate": 0, "LtclSetOff10Per": 0, "LtclSetOff20Per": 0, "CurrYrCapGain": 0}, "TotLossSetOff": {"StclSetoff15Per": 0, "StclSetoff30Per": 0, "StclSetoffAppRate": 0, "StclSetoffDTAARate": 0, "LtclSetOff10Per": 0, "LtclSetOff20Per": 0, "LtclSetOffDTAARate": 0}, "LossRemainSetOff": {"StclSetoff15Per": 0, "StclSetoff30Per": 0, "StclSetoffAppRate": 0, "StclSetoffDTAARate": 0, "LtclSetOff10Per": 0, "LtclSetOff20Per": 0, "LtclSetOffDTAARate": 0}}, "AccruOrRecOfCG": {"ShortTermUnder15Per": {"DateRange": {"Upto15Of6": 0, "Upto15Of9": 0, "Up16Of9To15Of12": 0, "Up16Of12To15Of3": 0, "Up16Of3To31Of3": 0}}, "ShortTermUnder30Per": {"DateRange": {"Upto15Of6": 0, "Upto15Of9": 0, "Up16Of9To15Of12": 0, "Up16Of12To15Of3": 0, "Up16Of3To31Of3": 0}}, "ShortTermUnderAppRate": {"DateRange": {"Upto15Of6": 0, "Upto15Of9": 0, "Up16Of9To15Of12": 0, "Up16Of12To15Of3": 0, "Up16Of3To31Of3": 0}}, "ShortTermUnderDTAARate": {"DateRange": {"Upto15Of6": 0, "Upto15Of9": 0, "Up16Of9To15Of12": 0, "Up16Of12To15Of3": 0, "Up16Of3To31Of3": 0}}, "LongTermUnder10Per": {"DateRange": {"Upto15Of6": 0, "Upto15Of9": 0, "Up16Of9To15Of12": 0, "Up16Of12To15Of3": 0, "Up16Of3To31Of3": 0}}, "LongTermUnder20Per": {"DateRange": {"Upto15Of6": 0, "Upto15Of9": 0, "Up16Of9To15Of12": 0, "Up16Of12To15Of3": 0, "Up16Of3To31Of3": 0}}, "LongTermUnderDTAARate": {"DateRange": {"Upto15Of6": 0, "Upto15Of9": 0, "Up16Of9To15Of12": 0, "Up16Of12To15Of3": 0, "Up16Of3To31Of3": 0}}}}, "Schedule112A": {"SaleValue112A": 0, "CostAcqWithoutIndx112A": 0, "AcquisitionCost112A": 0, "LTCGBeforelowerB1B2112A": 0, "FairMktValueCapAst112A": 0, "ExpExclCnctTransfer112A": 0, "Deductions112A": 0, "Balance112A": 0}, "Schedule115AD": {"SaleValue115AD": 0, "CostAcqWithoutIndx115AD": 0, "AcquisitionCost115AD": 0, "LTCGBeforelowerB1B2115AD": 0, "FairMktValueCapAst115AD": 0, "ExpExclCnctTransfer115AD": 0, "Deductions115AD": 0, "Balance115AD": 0}, "ScheduleOS": {"IncOthThanOwnRaceHorse": {"GrossIncChrgblTaxAtAppRate": 0, "DividendGross": 0, "DividendOthThan22e": 0, "Dividend22e": 0, "InterestGross": 0, "IntrstFrmSavingBank": 0, "IntrstFrmTermDeposit": 0, "IntrstFrmIncmTaxRefund": 0, "NatofPassThrghIncome": 0, "IntrstFrmOthers": 0, "RentFromMachPlantBldgs": 0, "Tot562x": 0, "Aggrtvaluewithoutcons562x": 0, "Immovpropwithoutcons562x": 0, "Immovpropinadeqcons562x": 0, "Anyotherpropwithoutcons562x": 0, "Anyotherpropinadeqcons562x": 0, "AnyOtherIncome": 0, "IncChargeableSpecialRates": 0, "LtryPzzlChrgblUs115BB": 0, "IncChrgblUs115BBE": 0, "CashCreditsUs68": 0, "UnExplndInvstmntsUs69": 0, "UnExplndMoneyUs69A": 0, "UnDsclsdInvstmntsUs69B": 0, "UnExplndExpndtrUs69C": 0, "AmtBrwdRepaidOnHundiUs69D": 0, "OthersGross": 0, "PassThrIncOSChrgblSplRate": 0, "IncChargblSplRateOS": {"TotalAmtTaxUsDTAASchOs": 0}, "Deductions": {"Expenses": 0, "UsrIntExp57": 0, "IntExp57": 0, "Depreciation": 0, "TotDeductions": 0}, "AmtNotDeductibleUs58": 0, "ProfitChargTaxUs59": 0, "BalanceNoRaceHorse": 0}, "TotOthSrcNoRaceHorse": 0, "IncFromOwnHorse": {"Receipts": 0, "DeductSec57": 0, "AmtNotDeductibleUs58": 0, "ProfitChargTaxUs59": 0, "BalanceOwnRaceHorse": 0}, "IncChargeableFrmOthSrc": 0, "DividendIncUs115BBDA": {"DateRange": {"Upto15Of6": 0, "Up16Of6To15Of9": 0, "Up16Of9To15Of12": 0, "Up16Of12To15Of3": 0, "Up16Of3To31Of3": 0}}, "IncFrmLottery": {"DateRange": {"Upto15Of6": 0, "Up16Of6To15Of9": 0, "Up16Of9To15Of12": 0, "Up16Of12To15Of3": 0, "Up16Of3To31Of3": 0}}, "DividendDTAA": {"DateRange": {"Upto15Of6": 0, "Up16Of6To15Of9": 0, "Up16Of9To15Of12": 0, "Up16Of12To15Of3": 0, "Up16Of3To31Of3": 0}}}, "ScheduleCYLA": {"HP": {"IncCYLA": {"IncOfCurYrUnderThatHead": 0, "BusLossSetoff": 0, "OthSrcLossNoRaceHorseSetoff": 0, "IncOfCurYrAfterSetOff": 0}}, "BusProfExclSpecProf": {"IncCYLA": {"IncOfCurYrUnderThatHead": 0, "HPlossCurYrSetoff": 0, "OthSrcLossNoRaceHorseSetoff": 0, "IncOfCurYrAfterSetOff": 0}}, "SpeculationIncome": {"IncCYLA": {"IncOfCurYrUnderThatHead": 0, "HPlossCurYrSetoff": 0, "OthSrcLossNoRaceHorseSetoff": 0, "IncOfCurYrAfterSetOff": 0}}, "SpecifiedBusIncome": {"IncCYLA": {"IncOfCurYrUnderThatHead": 0, "HPlossCurYrSetoff": 0, "OthSrcLossNoRaceHorseSetoff": 0, "IncOfCurYrAfterSetOff": 0}}, "STCG15Per": {"IncCYLA": {"IncOfCurYrUnderThatHead": 0, "HPlossCurYrSetoff": 0, "OthSrcLossNoRaceHorseSetoff": 0, "BusLossSetoff": 0, "IncOfCurYrAfterSetOff": 0}}, "STCG30Per": {"IncCYLA": {"IncOfCurYrUnderThatHead": 0, "HPlossCurYrSetoff": 0, "OthSrcLossNoRaceHorseSetoff": 0, "BusLossSetoff": 0, "IncOfCurYrAfterSetOff": 0}}, "STCGAppRate": {"IncCYLA": {"IncOfCurYrUnderThatHead": 0, "HPlossCurYrSetoff": 0, "OthSrcLossNoRaceHorseSetoff": 0, "BusLossSetoff": 0, "IncOfCurYrAfterSetOff": 0}}, "STCGDTAARate": {"IncCYLA": {"IncOfCurYrUnderThatHead": 0, "HPlossCurYrSetoff": 0, "OthSrcLossNoRaceHorseSetoff": 0, "BusLossSetoff": 0, "IncOfCurYrAfterSetOff": 0}}, "LTCG10Per": {"IncCYLA": {"IncOfCurYrUnderThatHead": 0, "HPlossCurYrSetoff": 0, "OthSrcLossNoRaceHorseSetoff": 0, "BusLossSetoff": 0, "IncOfCurYrAfterSetOff": 0}}, "LTCG20Per": {"IncCYLA": {"IncOfCurYrUnderThatHead": 0, "HPlossCurYrSetoff": 0, "OthSrcLossNoRaceHorseSetoff": 0, "BusLossSetoff": 0, "IncOfCurYrAfterSetOff": 0}}, "LTCGDTAARate": {"IncCYLA": {"IncOfCurYrUnderThatHead": 0, "HPlossCurYrSetoff": 0, "OthSrcLossNoRaceHorseSetoff": 0, "BusLossSetoff": 0, "IncOfCurYrAfterSetOff": 0}}, "OthSrcExclRaceHorseLottery": {"IncCYLA": {"IncOfCurYrUnderThatHead": 0, "HPlossCurYrSetoff": 0, "BusLossSetoff": 0, "IncOfCurYrAfterSetOff": 0}}, "ProfitFrmRaceHorse": {"IncCYLA": {"IncOfCurYrUnderThatHead": 0, "HPlossCurYrSetoff": 0, "OthSrcLossNoRaceHorseSetoff": 0, "BusLossSetoff": 0, "IncOfCurYrAfterSetOff": 0}}, "IncOSDTAA": {"IncCYLA": {"IncOfCurYrUnderThatHead": 0, "HPlossCurYrSetoff": 0, "OthSrcLossNoRaceHorseSetoff": 0, "BusLossSetoff": 0, "IncOfCurYrAfterSetOff": 0}}, "TotalCurYr": {"TotHPlossCurYr": 0, "TotBusLoss": 416945, "TotOthSrcLossNoRaceHorse": 0}, "TotalLossSetOff": {"TotHPlossCurYrSetoff": 0, "TotBusLossSetoff": 0, "TotOthSrcLossNoRaceHorseSetoff": 0}, "LossRemAftSetOff": {"BalBusLossAftSetoff": 416945, "BalHPlossCurYrAftSetoff": 0, "BalOthSrcLossNoRaceHorseAftSetoff": 0}}, "ScheduleBFLA": {"HP": {"IncBFLA": {"IncOfCurYrUndHeadFromCYLA": 0, "BFAllUs35Cl4Setoff": 0, "BFlossPrevYrUndSameHeadSetoff": 0, "BFUnabsorbedDeprSetoff": 0, "IncOfCurYrAfterSetOffBFLosses": 0}}, "BusProfExclSpecProf": {"IncBFLA": {"IncOfCurYrUndHeadFromCYLA": 0, "BFAllUs35Cl4Setoff": 0, "BFlossPrevYrUndSameHeadSetoff": 0, "BFUnabsorbedDeprSetoff": 0, "IncOfCurYrAfterSetOffBFLosses": 0}}, "SpeculationIncome": {"IncBFLA": {"IncOfCurYrUndHeadFromCYLA": 0, "BFAllUs35Cl4Setoff": 0, "BFlossPrevYrUndSameHeadSetoff": 0, "BFUnabsorbedDeprSetoff": 0, "IncOfCurYrAfterSetOffBFLosses": 0}}, "SpecifiedBusIncome": {"IncBFLA": {"IncOfCurYrUndHeadFromCYLA": 0, "BFAllUs35Cl4Setoff": 0, "BFlossPrevYrUndSameHeadSetoff": 0, "BFUnabsorbedDeprSetoff": 0, "IncOfCurYrAfterSetOffBFLosses": 0}}, "STCG15Per": {"IncBFLA": {"IncOfCurYrUndHeadFromCYLA": 0, "BFAllUs35Cl4Setoff": 0, "BFlossPrevYrUndSameHeadSetoff": 0, "BFUnabsorbedDeprSetoff": 0, "IncOfCurYrAfterSetOffBFLosses": 0}}, "STCG30Per": {"IncBFLA": {"IncOfCurYrUndHeadFromCYLA": 0, "BFAllUs35Cl4Setoff": 0, "BFlossPrevYrUndSameHeadSetoff": 0, "BFUnabsorbedDeprSetoff": 0, "IncOfCurYrAfterSetOffBFLosses": 0}}, "STCGAppRate": {"IncBFLA": {"IncOfCurYrUndHeadFromCYLA": 0, "BFAllUs35Cl4Setoff": 0, "BFlossPrevYrUndSameHeadSetoff": 0, "BFUnabsorbedDeprSetoff": 0, "IncOfCurYrAfterSetOffBFLosses": 0}}, "STCGDTAARate": {"IncBFLA": {"IncOfCurYrUndHeadFromCYLA": 0, "BFAllUs35Cl4Setoff": 0, "BFlossPrevYrUndSameHeadSetoff": 0, "BFUnabsorbedDeprSetoff": 0, "IncOfCurYrAfterSetOffBFLosses": 0}}, "LTCG10Per": {"IncBFLA": {"IncOfCurYrUndHeadFromCYLA": 0, "BFAllUs35Cl4Setoff": 0, "BFlossPrevYrUndSameHeadSetoff": 0, "BFUnabsorbedDeprSetoff": 0, "IncOfCurYrAfterSetOffBFLosses": 0}}, "LTCG20Per": {"IncBFLA": {"IncOfCurYrUndHeadFromCYLA": 0, "BFAllUs35Cl4Setoff": 0, "BFlossPrevYrUndSameHeadSetoff": 0, "BFUnabsorbedDeprSetoff": 0, "IncOfCurYrAfterSetOffBFLosses": 0}}, "LTCGDTAARate": {"IncBFLA": {"IncOfCurYrUndHeadFromCYLA": 0, "BFAllUs35Cl4Setoff": 0, "BFlossPrevYrUndSameHeadSetoff": 0, "BFUnabsorbedDeprSetoff": 0, "IncOfCurYrAfterSetOffBFLosses": 0}}, "OthSrcExclRaceHorse": {"IncBFLA": {"IncOfCurYrUndHeadFromCYLA": 0, "BFAllUs35Cl4Setoff": 0, "BFUnabsorbedDeprSetoff": 0, "IncOfCurYrAfterSetOffBFLosses": 0}}, "ProfitFrmRaceHorse": {"IncBFLA": {"IncOfCurYrUndHeadFromCYLA": 0, "BFAllUs35Cl4Setoff": 0, "BFlossPrevYrUndSameHeadSetoff": 0, "BFUnabsorbedDeprSetoff": 0, "IncOfCurYrAfterSetOffBFLosses": 0}}, "IncOSDTAA": {"IncBFLA": {"IncOfCurYrUndHeadFromCYLA": 0, "BFAllUs35Cl4Setoff": 0, "BFUnabsorbedDeprSetoff": 0, "IncOfCurYrAfterSetOffBFLosses": 0}}, "TotalBFLossSetOff": {"TotBFLossSetoff": 0, "TotUnabsorbedDeprSetoff": 0, "TotAllUs35cl4Setoff": 0}, "IncomeOfCurrYrAftCYLABFLA": 0}, "ScheduleCFL": {"TotalOfBFLossesEarlierYrs": {"LossSummaryDetail": {"TotalHPPTILossCF": 0, "BusLossOthThanSpecLossCF": 0, "LossFrmSpecBusCF": 0, "LossFrmSpecifiedBusCF": 0, "TotalSTCGPTILossCF": 0, "TotalLTCGPTILossCF": 0, "OthSrcLossRaceHorseCF": 0}}, "AdjTotBFLossInBFLA": {"LossSummaryDetail": {"TotalHPPTILossCF": 0, "BusLossOthThanSpecLossCF": 0, "LossFrmSpecBusCF": 0, "LossFrmSpecifiedBusCF": 0, "TotalSTCGPTILossCF": 0, "TotalLTCGPTILossCF": 0, "OthSrcLossRaceHorseCF": 0}}, "CurrentAYloss": {"LossSummaryDetail": {"TotalHPPTILossCF": 0, "BusLossOthThanSpecLossCF": 416945, "LossFrmSpecBusCF": 0, "LossFrmSpecifiedBusCF": 0, "TotalSTCGPTILossCF": 0, "TotalLTCGPTILossCF": 0, "OthSrcLossRaceHorseCF": 0}}, "CurrentYearDistrUnitHolder": {"LossSummaryDetail": {"TotalHPPTILossCF": 0, "TotalSTCGPTILossCF": 0, "TotalLTCGPTILossCF": 0, "OthSrcLossRaceHorseCF": 0}}, "CurrentYearLossCF": {"LossSummaryDetail": {"TotalHPPTILossCF": 0, "BusLossOthThanSpecLossCF": 416945, "LossFrmSpecBusCF": 0, "LossFrmSpecifiedBusCF": 0, "TotalSTCGPTILossCF": 0, "TotalLTCGPTILossCF": 0, "OthSrcLossRaceHorseCF": 0}}, "TotalLossCFSummary": {"LossSummaryDetail": {"TotalHPPTILossCF": 0, "BusLossOthThanSpecLossCF": 416945, "LossFrmSpecBusCF": 0, "LossFrmSpecifiedBusCF": 0, "TotalSTCGPTILossCF": 0, "TotalLTCGPTILossCF": 0, "OthSrcLossRaceHorseCF": 0}}}, "ITRScheduleUD": {"CurrAssYr": "2021-22", "CurBalCFNY": 416945, "CurAllowBalCFNY": 0, "ScheduleUD": [{"AssYr": "2013-14", "AmtBFUD": 883724, "AdjustAccTax115BADAmt": 0, "AmtDeprSOCY": 0, "BalCFNY": 883724, "AmtBFUAllow": 0, "AmtAllowSOCY": 0, "AllowBalCFNY": 0}, {"AssYr": "2014-15", "AmtBFUD": 672125, "AdjustAccTax115BADAmt": 0, "AmtDeprSOCY": 0, "BalCFNY": 672125, "AmtBFUAllow": 0, "AmtAllowSOCY": 0, "AllowBalCFNY": 0}, {"AssYr": "2015-16", "AmtBFUD": 724708, "AdjustAccTax115BADAmt": 0, "AmtDeprSOCY": 0, "BalCFNY": 724708, "AmtBFUAllow": 0, "AmtAllowSOCY": 0, "AllowBalCFNY": 0}, {"AssYr": "2016-17", "AmtBFUD": 529961, "AdjustAccTax115BADAmt": 0, "AmtDeprSOCY": 0, "BalCFNY": 529961, "AmtBFUAllow": 0, "AmtAllowSOCY": 0, "AllowBalCFNY": 0}, {"AssYr": "2017-18", "AmtBFUD": 149770, "AdjustAccTax115BADAmt": 0, "AmtDeprSOCY": 0, "BalCFNY": 149770, "AmtBFUAllow": 0, "AmtAllowSOCY": 0, "AllowBalCFNY": 0}, {"AssYr": "2018-19", "AmtBFUD": 477370, "AdjustAccTax115BADAmt": 0, "AmtDeprSOCY": 0, "BalCFNY": 477370, "AmtBFUAllow": 0, "AmtAllowSOCY": 0, "AllowBalCFNY": 0}, {"AssYr": "2019-20", "AmtBFUD": 379209, "AdjustAccTax115BADAmt": 0, "AmtDeprSOCY": 0, "BalCFNY": 379209, "AmtBFUAllow": 0, "AmtAllowSOCY": 0, "AllowBalCFNY": 0}, {"AssYr": "2020-21", "AmtBFUD": 409037, "AdjustAccTax115BADAmt": 0, "AmtDeprSOCY": 0, "BalCFNY": 409037, "AmtBFUAllow": 0, "AmtAllowSOCY": 0, "AllowBalCFNY": 0}], "TotBFUDepritAmt": 4225904, "TotAdjustAccTax115BADAmt": 0, "TotCurYrdepritSetoffInc": 0, "TotDepritBalCFNY": 4642849, "TotBFUAllowAmt": 0, "TotCurYrAllowSetoffInc": 0, "TotalBalCFNY": 0}, "Schedule80G": {"TotalDonationsUs80GCash": 0, "TotalDonationsUs80GOtherMode": 0, "TotalDonationsUs80G": 0, "TotalEligibleDonationsUs80G": 0}, "ScheduleVIA": {"UsrDeductUndChapVIA": {"Section80G": 0, "Section80GGA": 0, "Section80GGC": 0, "TotPartBchapterVIA": 0, "Section80IA": 0, "Section80IAB": 0, "Section80IAC": 0, "Section80IB": 0, "Section80IBA": 0, "Section80IC": 0, "Section80JJA": 0, "Section80JJAA": 0, "Section80LA": 0, "Section80LA_1A": 0, "Section80P": 0, "TotPartCchapterVIA": 0, "TotalChapVIADeductions": 0}, "DeductUndChapVIA": {"Section80G": 0, "Section80GGA": 0, "Section80GGC": 0, "TotPartBchapterVIA": 0, "Section80IA": 0, "Section80IAB": 0, "Section80IAC": 0, "Section80IB": 0, "Section80IBA": 0, "Section80IC": 0, "Section80JJA": 0, "Section80JJAA": 0, "Section80LA": 0, "Section80LA_1A": 0, "Section80P": 0, "TotPartCchapterVIA": 0, "TotalChapVIADeductions": 0}}, "ScheduleAMT": {"TotalIncItem13": 0, "AdjustmentSec115JC": [{"DeductClaimSec6A": 0, "DeductClaimSec10AA": 0, "DeductClaimSec35AD": 0, "Total": 0}], "AdjustedUnderSec115JC": 0, "TaxPayableUnderSec115JC": 0}, "ScheduleAMTC": {"TaxSection115JC": 0, "TaxOthProvisions": 0, "AmtTaxCreditAvailable": 0, "ScheduleAMTCDtls": [{"AssYr": "2013-14", "AmtCreditFwd": 0, "AmtCreditSetOfEy": 0, "AmtCreditBalBroughtFwd": 0, "AmtCreditUtilized": 0, "BalAmtCreditCarryFwd": 0}, {"AssYr": "2014-15", "AmtCreditFwd": 0, "AmtCreditSetOfEy": 0, "AmtCreditBalBroughtFwd": 0, "AmtCreditUtilized": 0, "BalAmtCreditCarryFwd": 0}, {"AssYr": "2015-16", "AmtCreditFwd": 0, "AmtCreditSetOfEy": 0, "AmtCreditBalBroughtFwd": 0, "AmtCreditUtilized": 0, "BalAmtCreditCarryFwd": 0}, {"AssYr": "2016-17", "AmtCreditFwd": 0, "AmtCreditSetOfEy": 0, "AmtCreditBalBroughtFwd": 0, "AmtCreditUtilized": 0, "BalAmtCreditCarryFwd": 0}, {"AssYr": "2017-18", "AmtCreditFwd": 0, "AmtCreditSetOfEy": 0, "AmtCreditBalBroughtFwd": 0, "AmtCreditUtilized": 0, "BalAmtCreditCarryFwd": 0}, {"AssYr": "2018-19", "AmtCreditFwd": 0, "AmtCreditSetOfEy": 0, "AmtCreditBalBroughtFwd": 0, "AmtCreditUtilized": 0, "BalAmtCreditCarryFwd": 0}, {"AssYr": "2019-20", "AmtCreditFwd": 0, "AmtCreditSetOfEy": 0, "AmtCreditBalBroughtFwd": 0, "AmtCreditUtilized": 0, "BalAmtCreditCarryFwd": 0}, {"AssYr": "2020-21", "AmtCreditFwd": 0, "AmtCreditSetOfEy": 0, "AmtCreditBalBroughtFwd": 0, "AmtCreditUtilized": 0, "BalAmtCreditCarryFwd": 0}], "CurrAssYr": "2021-22", "CurrYrAmtCreditFwd": 0, "CurrYrCreditBalBF": 0, "CurrYrCreditCarryFwd": 0, "TotAMTGross": 0, "TotSetOffEys": 0, "TotBalBF": 0, "TotAmtCreditUtilisedCY": 0, "TotBalAMTCreditCF": 0, "TaxSection115JD": 0, "AmtLiabilityAvailable": 0}, "ScheduleSI": {"SplCodeRateTax": [{"SecCode": "1A", "SplRatePercent": 15, "SplRateInc": 0, "SplRateIncTax": 0}, {"SecCode": "5ADii", "SplRatePercent": 30, "SplRateInc": 0, "SplRateIncTax": 0}, {"SecCode": "22", "SplRatePercent": 10, "SplRateInc": 0, "SplRateIncTax": 0}, {"SecCode": "21ciii", "SplRatePercent": 10, "SplRateInc": 0, "SplRateIncTax": 0}, {"SecCode": "5ACA1a", "SplRatePercent": 10, "SplRateInc": 0, "SplRateIncTax": 0}, {"SecCode": "21", "SplRatePercent": 20, "SplRateInc": 0, "SplRateIncTax": 0}, {"SecCode": "5BB", "SplRatePercent": 30, "SplRateInc": 0, "SplRateIncTax": 0}, {"SecCode": "5BBE", "SplRatePercent": 60, "SplRateInc": 0, "SplRateIncTax": 0}, {"SecCode": "5BBF_BP", "SplRatePercent": 10, "SplRateInc": 0, "SplRateIncTax": 0}, {"SecCode": "5BBF", "SplRatePercent": 10, "SplRateInc": 0, "SplRateIncTax": 0}, {"SecCode": "5BBG", "SplRatePercent": 10, "SplRateInc": 0, "SplRateIncTax": 0}, {"SecCode": "DTAAOS", "SplRatePercent": 1, "SplRateInc": 0, "SplRateIncTax": 0}], "TotSplRateInc": 0, "TotSplRateIncTax": 0}, "ScheduleEI": {"InterestInc": 0, "GrossAgriRecpt": 0, "ExpIncAgri": 0, "UnabAgriLossPrev8": 0, "NetAgriIncRelateToRule7": 0, "NetAgriIncOrOthrIncRule7": 0, "Others": 0, "IncChrgblAsPerDTAA": 0, "PassThrIncNotChrgblTax": 0, "TotalExemptInc": 0}, "ScheduleTPSA": {"AmtPrimaryAdjUs92CE_2A": 0, "AdditionalIncTax18PercAbove": 0, "Surcharge12Perc": 0, "HealthEducationCess": 0, "TotalAdditionalTax": 0, "TaxesPaid": 0, "NetTaxPayable": 0, "TotalAmountDeposited": 0}, "ScheduleTR1": {"TotalTaxOutsideIndia": 0, "TotalTaxReliefOutsideIndia": 0, "TaxReliefOutsideIndiaDTAA": 0, "TaxReliefOutsideIndiaNotDTAA": 0, "TaxPaidOutsideIndFlg": "NO"}, "ScheduleFA": {}, "ScheduleGST": {"TurnoverGrsRcptForGSTIN": [{"GSTINNo": "27AABFJ9735E1ZA", "AmtTurnGrossRcptGSTIN": 62751260}]}, "PartB-TI": {"IncomeFromHP": 0, "ProfBusGain": {"ProfGainNoSpecBus": 0, "ProfGainSpecBus": 0, "ProfGainSpecifiedBus": 0, "IncChrgblTaxSplRate": 0, "TotProfBusGain": 0}, "CapGain": {"ShortTerm": {"ShortTerm15Per": 0, "ShortTerm30Per": 0, "ShortTermAppRate": 0, "ShortTermSplRateDTAA": 0, "TotalShortTerm": 0}, "LongTerm": {"LongTerm10Per": 0, "LongTerm20Per": 0, "LongTermSplRateDTAA": 0, "TotalLongTerm": 0}, "TotalCapGains": 0}, "IncFromOS": {"OtherSrcThanOwnRaceHorse": 0, "IncChargblSplRate": 0, "FromOwnRaceHorse": 0, "TotIncFromOS": 0}, "TotalTI": 0, "CurrentYearLoss": 0, "BalanceAfterSetoffLosses": 0, "BroughtFwdLossesSetoff": 0, "GrossTotalIncome": 0, "IncChargeTaxSplRate111A112": 0, "DeductionsUndSchVIADtl": {"PartBchapterVIA": 0, "PartCchapterVIA": 0, "TotDeductUndSchVIA": 0}, "IncNtFrmngPartOfTotalInc": 0, "DeductionsUnder10Aor10AA": 0, "IncInvstmntFundRefrd": 0, "IncBusTrustRefrd": 0, "TotalIncome": 0, "IncChargeableTaxSplRates": 0, "NetAgricultureIncomeOrOtherIncomeForRate": 0, "AggregateIncome": 0, "LossesOfCurrentYearCarriedFwd": 416945, "DeemedTotIncSec115JC": 0}, "PartB_TTI": {"ComputationOfTaxLiability": {"TaxPayableOnDeemedTI": {"TaxDeemedTISec115JC": 0, "Surcharge": 0, "EducationCess": 0, "TotalTax": 0}, "TaxPayableOnTI": {"TaxAtNormalRates": 0, "TaxAtSpecialRates": 0, "RebateOnAgriInc": 0, "TaxPayableOnTotInc": 0, "Surcharge25ofSI": 0, "Surcharge25ofSIBeforeMarginal": 0, "SurchargeOnTaxPayable": 0, "SurchargeOnTaxPayableBeforeMarginal": 0, "TotalSurcharge": 0, "EducationCess": 0, "GrossTaxLiability": 0}, "GrossTaxPayable": 0, "CreditUS115JD": 0, "TaxPaidUnderCredit": 0, "TaxRelief": {"Section90": 0, "Section91": 0, "TotTaxRelief": 0}, "NetTaxLiability": 0, "IntrstPay": {"IntrstPayUs234A": 0, "IntrstPayUs234B": 0, "IntrstPayUs234C": 0, "LateFilingFee234F": 0, "TotalIntrstPay": 0}, "AggregateTaxInterestLiability": 0}, "TaxPaid": {"TaxesPaid": {"AdvanceTax": 0, "TDS": 107813, "TCS": 21325, "SelfAssessmentTax": 0, "TotalTaxesPaid": 129138}, "BalTaxPayable": 0}, "Refund": {"RefundDue": 129140, "BankAccountDtls": {"AddtnlBankDetails": [{"IFSCCode": "SBIN0001632", "BankName": "S.B.I. ", "BankAccountNo": "10584025538", "UseForRefund": "true"}, {"IFSCCode": "IBKL0000041", "BankName": "IDBI LTD", "BankAccountNo": "041102000004848", "UseForRefund": "false"}], "BankDtlsFlag": "Y"}}, "AssetOutsideIndiaFlg": "NO"}, "ScheduleTDS2": {"TDSOthThanSalaryDtls": [{"TDSCreditName": "S", "TANOfDeductor": "JBPA00946B", "TaxDeductCreditDtls": {"TaxDeductedOwnHands": 1798, "TaxClaimedOwnHands": 1798}, "GrossAmount": 119850, "HeadOfIncome": "BP", "AmtCarriedFwd": 0}, {"TDSCreditName": "S", "TANOfDeductor": "HYDM00022B", "TaxDeductCreditDtls": {"TaxDeductedOwnHands": 1782, "TaxClaimedOwnHands": 1782}, "GrossAmount": 118816, "HeadOfIncome": "BP", "AmtCarriedFwd": 0}, {"TDSCreditName": "S", "TANOfDeductor": "JBPA00946B", "TaxDeductCreditDtls": {"TaxDeductedOwnHands": 237, "TaxClaimedOwnHands": 237}, "GrossAmount": 15810, "HeadOfIncome": "BP", "AmtCarriedFwd": 0}, {"TDSCreditName": "S", "TANOfDeductor": "JBPA00946B", "TaxDeductCreditDtls": {"TaxDeductedOwnHands": 536, "TaxClaimedOwnHands": 536}, "GrossAmount": 35700, "HeadOfIncome": "BP", "AmtCarriedFwd": 0}, {"TDSCreditName": "S", "TANOfDeductor": "JBPA00946B", "TaxDeductCreditDtls": {"TaxDeductedOwnHands": 1549, "TaxClaimedOwnHands": 1549}, "GrossAmount": 103275, "HeadOfIncome": "BP", "AmtCarriedFwd": 0}, {"TDSCreditName": "S", "TANOfDeductor": "RCHT00095E", "TaxDeductCreditDtls": {"TaxDeductedOwnHands": 2160, "TaxClaimedOwnHands": 2160}, "GrossAmount": 144000, "HeadOfIncome": "BP", "AmtCarriedFwd": 0}, {"TDSCreditName": "S", "TANOfDeductor": "JBPA00946B", "TaxDeductCreditDtls": {"TaxDeductedOwnHands": 136, "TaxClaimedOwnHands": 136}, "GrossAmount": 9075, "HeadOfIncome": "BP", "AmtCarriedFwd": 0}, {"TDSCreditName": "S", "TANOfDeductor": "JBPA00946B", "TaxDeductCreditDtls": {"TaxDeductedOwnHands": 1745, "TaxClaimedOwnHands": 1745}, "GrossAmount": 116350, "HeadOfIncome": "BP", "AmtCarriedFwd": 0}, {"TDSCreditName": "S", "TANOfDeductor": "JBPA00946B", "TaxDeductCreditDtls": {"TaxDeductedOwnHands": 893, "TaxClaimedOwnHands": 893}, "GrossAmount": 59500, "HeadOfIncome": "BP", "AmtCarriedFwd": 0}, {"TDSCreditName": "S", "TANOfDeductor": "HYDM00022B", "TaxDeductCreditDtls": {"TaxDeductedOwnHands": 2208, "TaxClaimedOwnHands": 2208}, "GrossAmount": 147201, "HeadOfIncome": "BP", "AmtCarriedFwd": 0}, {"TDSCreditName": "S", "TANOfDeductor": "RCHT00095E", "TaxDeductCreditDtls": {"TaxDeductedOwnHands": 3523, "TaxClaimedOwnHands": 3523}, "GrossAmount": 234840, "HeadOfIncome": "BP", "AmtCarriedFwd": 0}, {"TDSCreditName": "S", "TANOfDeductor": "RCHT00095E", "TaxDeductCreditDtls": {"TaxDeductedOwnHands": 1485, "TaxClaimedOwnHands": 1485}, "GrossAmount": 98970, "HeadOfIncome": "BP", "AmtCarriedFwd": 0}, {"TDSCreditName": "S", "TANOfDeductor": "DELS60544B", "TaxDeductCreditDtls": {"TaxDeductedOwnHands": 2581, "TaxClaimedOwnHands": 2581}, "GrossAmount": 172081, "HeadOfIncome": "BP", "AmtCarriedFwd": 0}, {"TDSCreditName": "S", "TANOfDeductor": "DELS60544B", "TaxDeductCreditDtls": {"TaxDeductedOwnHands": 681, "TaxClaimedOwnHands": 681}, "GrossAmount": 45423, "HeadOfIncome": "BP", "AmtCarriedFwd": 0}, {"TDSCreditName": "S", "TANOfDeductor": "DELS60544B", "TaxDeductCreditDtls": {"TaxDeductedOwnHands": 2768, "TaxClaimedOwnHands": 2768}, "GrossAmount": 184512, "HeadOfIncome": "BP", "AmtCarriedFwd": 0}, {"TDSCreditName": "S", "TANOfDeductor": "JBPA00946B", "TaxDeductCreditDtls": {"TaxDeductedOwnHands": 3188, "TaxClaimedOwnHands": 3188}, "GrossAmount": 212500, "HeadOfIncome": "BP", "AmtCarriedFwd": 0}, {"TDSCreditName": "S", "TANOfDeductor": "JBPA00946B", "TaxDeductCreditDtls": {"TaxDeductedOwnHands": 421, "TaxClaimedOwnHands": 421}, "GrossAmount": 28050, "HeadOfIncome": "BP", "AmtCarriedFwd": 0}, {"TDSCreditName": "S", "TANOfDeductor": "JBPA00946B", "TaxDeductCreditDtls": {"TaxDeductedOwnHands": 159, "TaxClaimedOwnHands": 159}, "GrossAmount": 10625, "HeadOfIncome": "BP", "AmtCarriedFwd": 0}, {"TDSCreditName": "S", "TANOfDeductor": "JBPA00946B", "TaxDeductCreditDtls": {"TaxDeductedOwnHands": 140, "TaxClaimedOwnHands": 140}, "GrossAmount": 9350, "HeadOfIncome": "BP", "AmtCarriedFwd": 0}, {"TDSCreditName": "S", "TANOfDeductor": "RCHT00095E", "TaxDeductCreditDtls": {"TaxDeductedOwnHands": 1679, "TaxClaimedOwnHands": 1679}, "GrossAmount": 111920, "HeadOfIncome": "BP", "AmtCarriedFwd": 0}, {"TDSCreditName": "S", "TANOfDeductor": "RCHS02104E", "TaxDeductCreditDtls": {"TaxDeductedOwnHands": 1012, "TaxClaimedOwnHands": 1012}, "GrossAmount": 67485, "HeadOfIncome": "BP", "AmtCarriedFwd": 0}, {"TDSCreditName": "S", "TANOfDeductor": "RCHS02104E", "TaxDeductCreditDtls": {"TaxDeductedOwnHands": 520, "TaxClaimedOwnHands": 520}, "GrossAmount": 34690, "HeadOfIncome": "BP", "AmtCarriedFwd": 0}, {"TDSCreditName": "S", "TANOfDeductor": "RCHS02104E", "TaxDeductCreditDtls": {"TaxDeductedOwnHands": 729, "TaxClaimedOwnHands": 729}, "GrossAmount": 48600, "HeadOfIncome": "BP", "AmtCarriedFwd": 0}, {"TDSCreditName": "S", "TANOfDeductor": "RCHS02104E", "TaxDeductCreditDtls": {"TaxDeductedOwnHands": 74, "TaxClaimedOwnHands": 74}, "GrossAmount": 4920, "HeadOfIncome": "BP", "AmtCarriedFwd": 0}, {"TDSCreditName": "S", "TANOfDeductor": "RCHT00095E", "TaxDeductCreditDtls": {"TaxDeductedOwnHands": 3598, "TaxClaimedOwnHands": 3598}, "GrossAmount": 239840, "HeadOfIncome": "BP", "AmtCarriedFwd": 0}, {"TDSCreditName": "S", "TANOfDeductor": "RCHT00095E", "TaxDeductCreditDtls": {"TaxDeductedOwnHands": 2038, "TaxClaimedOwnHands": 2038}, "GrossAmount": 135840, "HeadOfIncome": "BP", "AmtCarriedFwd": 0}, {"TDSCreditName": "S", "TANOfDeductor": "RCHT00095E", "TaxDeductCreditDtls": {"TaxDeductedOwnHands": 2038, "TaxClaimedOwnHands": 2038}, "GrossAmount": 135840, "HeadOfIncome": "BP", "AmtCarriedFwd": 0}, {"TDSCreditName": "S", "TANOfDeductor": "RCHS02104E", "TaxDeductCreditDtls": {"TaxDeductedOwnHands": 301, "TaxClaimedOwnHands": 301}, "GrossAmount": 20075, "HeadOfIncome": "BP", "AmtCarriedFwd": 0}, {"TDSCreditName": "S", "TANOfDeductor": "RCHS02104E", "TaxDeductCreditDtls": {"TaxDeductedOwnHands": 313, "TaxClaimedOwnHands": 313}, "GrossAmount": 20850, "HeadOfIncome": "BP", "AmtCarriedFwd": 0}, {"TDSCreditName": "S", "TANOfDeductor": "JBPA00946B", "TaxDeductCreditDtls": {"TaxDeductedOwnHands": 144, "TaxClaimedOwnHands": 144}, "GrossAmount": 9625, "HeadOfIncome": "BP", "AmtCarriedFwd": 0}, {"TDSCreditName": "S", "TANOfDeductor": "JBPA00946B", "TaxDeductCreditDtls": {"TaxDeductedOwnHands": 144, "TaxClaimedOwnHands": 144}, "GrossAmount": 9625, "HeadOfIncome": "BP", "AmtCarriedFwd": 0}, {"TDSCreditName": "S", "TANOfDeductor": "RCHS02104E", "TaxDeductCreditDtls": {"TaxDeductedOwnHands": 392, "TaxClaimedOwnHands": 392}, "GrossAmount": 26130, "HeadOfIncome": "BP", "AmtCarriedFwd": 0}, {"TDSCreditName": "S", "TANOfDeductor": "RCHT00095E", "TaxDeductCreditDtls": {"TaxDeductedOwnHands": 3600, "TaxClaimedOwnHands": 3600}, "GrossAmount": 240000, "HeadOfIncome": "BP", "AmtCarriedFwd": 0}, {"TDSCreditName": "S", "TANOfDeductor": "RCHS02104E", "TaxDeductCreditDtls": {"TaxDeductedOwnHands": 560, "TaxClaimedOwnHands": 560}, "GrossAmount": 37350, "HeadOfIncome": "BP", "AmtCarriedFwd": 0}, {"TDSCreditName": "S", "TANOfDeductor": "RCHS02104E", "TaxDeductCreditDtls": {"TaxDeductedOwnHands": 147, "TaxClaimedOwnHands": 147}, "GrossAmount": 9790, "HeadOfIncome": "BP", "AmtCarriedFwd": 0}, {"TDSCreditName": "S", "TANOfDeductor": "RCHS02104E", "TaxDeductCreditDtls": {"TaxDeductedOwnHands": 11, "TaxClaimedOwnHands": 11}, "GrossAmount": 740, "HeadOfIncome": "BP", "AmtCarriedFwd": 0}, {"TDSCreditName": "S", "TANOfDeductor": "RCHS02104E", "TaxDeductCreditDtls": {"TaxDeductedOwnHands": 342, "TaxClaimedOwnHands": 342}, "GrossAmount": 22815, "HeadOfIncome": "BP", "AmtCarriedFwd": 0}, {"TDSCreditName": "S", "TANOfDeductor": "RCHT00095E", "TaxDeductCreditDtls": {"TaxDeductedOwnHands": 3604, "TaxClaimedOwnHands": 3604}, "GrossAmount": 240240, "HeadOfIncome": "BP", "AmtCarriedFwd": 0}, {"TDSCreditName": "S", "TANOfDeductor": "RCHS02104E", "TaxDeductCreditDtls": {"TaxDeductedOwnHands": 65, "TaxClaimedOwnHands": 65}, "GrossAmount": 4325, "HeadOfIncome": "BP", "AmtCarriedFwd": 0}, {"TDSCreditName": "S", "TANOfDeductor": "RCHS02104E", "TaxDeductCreditDtls": {"TaxDeductedOwnHands": 267, "TaxClaimedOwnHands": 267}, "GrossAmount": 17795, "HeadOfIncome": "BP", "AmtCarriedFwd": 0}, {"TDSCreditName": "S", "TANOfDeductor": "RCHS02104E", "TaxDeductCreditDtls": {"TaxDeductedOwnHands": 5, "TaxClaimedOwnHands": 5}, "GrossAmount": 330, "HeadOfIncome": "BP", "AmtCarriedFwd": 0}, {"TDSCreditName": "S", "TANOfDeductor": "RCHS02104E", "TaxDeductCreditDtls": {"TaxDeductedOwnHands": 119, "TaxClaimedOwnHands": 119}, "GrossAmount": 7925, "HeadOfIncome": "BP", "AmtCarriedFwd": 0}, {"TDSCreditName": "S", "TANOfDeductor": "RCHT00095E", "TaxDeductCreditDtls": {"TaxDeductedOwnHands": 360, "TaxClaimedOwnHands": 360}, "GrossAmount": 24000, "HeadOfIncome": "BP", "AmtCarriedFwd": 0}, {"TDSCreditName": "S", "TANOfDeductor": "RCHT00095E", "TaxDeductCreditDtls": {"TaxDeductedOwnHands": 3600, "TaxClaimedOwnHands": 3600}, "GrossAmount": 240000, "HeadOfIncome": "BP", "AmtCarriedFwd": 0}, {"TDSCreditName": "S", "TANOfDeductor": "RCHS02104E", "TaxDeductCreditDtls": {"TaxDeductedOwnHands": 228, "TaxClaimedOwnHands": 228}, "GrossAmount": 15195, "HeadOfIncome": "BP", "AmtCarriedFwd": 0}, {"TDSCreditName": "S", "TANOfDeductor": "RCHS02104E", "TaxDeductCreditDtls": {"TaxDeductedOwnHands": 65, "TaxClaimedOwnHands": 65}, "GrossAmount": 4340, "HeadOfIncome": "BP", "AmtCarriedFwd": 0}, {"TDSCreditName": "S", "TANOfDeductor": "RCHT00095E", "TaxDeductCreditDtls": {"TaxDeductedOwnHands": 786, "TaxClaimedOwnHands": 786}, "GrossAmount": 52400, "HeadOfIncome": "BP", "AmtCarriedFwd": 0}, {"TDSCreditName": "S", "TANOfDeductor": "RCHT00095E", "TaxDeductCreditDtls": {"TaxDeductedOwnHands": 3599, "TaxClaimedOwnHands": 3599}, "GrossAmount": 239920, "HeadOfIncome": "BP", "AmtCarriedFwd": 0}, {"TDSCreditName": "S", "TANOfDeductor": "RCHT00095E", "TaxDeductCreditDtls": {"TaxDeductedOwnHands": 2812, "TaxClaimedOwnHands": 2812}, "GrossAmount": 187440, "HeadOfIncome": "BP", "AmtCarriedFwd": 0}, {"TDSCreditName": "S", "TANOfDeductor": "RCHS02104E", "TaxDeductCreditDtls": {"TaxDeductedOwnHands": 451, "TaxClaimedOwnHands": 451}, "GrossAmount": 30080, "HeadOfIncome": "BP", "AmtCarriedFwd": 0}, {"TDSCreditName": "S", "TANOfDeductor": "RCHS02104E", "TaxDeductCreditDtls": {"TaxDeductedOwnHands": 454, "TaxClaimedOwnHands": 454}, "GrossAmount": 30245, "HeadOfIncome": "BP", "AmtCarriedFwd": 0}, {"TDSCreditName": "S", "TANOfDeductor": "RCHS02104E", "TaxDeductCreditDtls": {"TaxDeductedOwnHands": 244, "TaxClaimedOwnHands": 244}, "GrossAmount": 16250, "HeadOfIncome": "BP", "AmtCarriedFwd": 0}, {"TDSCreditName": "S", "TANOfDeductor": "JBPA00946B", "TaxDeductCreditDtls": {"TaxDeductedOwnHands": 2349, "TaxClaimedOwnHands": 2349}, "GrossAmount": 156570, "HeadOfIncome": "BP", "AmtCarriedFwd": 0}, {"TDSCreditName": "S", "TANOfDeductor": "DELS60544B", "TaxDeductCreditDtls": {"TaxDeductedOwnHands": 5826, "TaxClaimedOwnHands": 5826}, "GrossAmount": 388386, "HeadOfIncome": "BP", "AmtCarriedFwd": 0}, {"TDSCreditName": "S", "TANOfDeductor": "RCHS02104E", "TaxDeductCreditDtls": {"TaxDeductedOwnHands": 526, "TaxClaimedOwnHands": 526}, "GrossAmount": 35090, "HeadOfIncome": "BP", "AmtCarriedFwd": 0}, {"TDSCreditName": "S", "TANOfDeductor": "RCHT00095E", "TaxDeductCreditDtls": {"TaxDeductedOwnHands": 4271, "TaxClaimedOwnHands": 4271}, "GrossAmount": 284700, "HeadOfIncome": "BP", "AmtCarriedFwd": 0}, {"TDSCreditName": "S", "TANOfDeductor": "RCHT00095E", "TaxDeductCreditDtls": {"TaxDeductedOwnHands": 2038, "TaxClaimedOwnHands": 2038}, "GrossAmount": 135840, "HeadOfIncome": "BP", "AmtCarriedFwd": 0}, {"TDSCreditName": "S", "TANOfDeductor": "RCHT00095E", "TaxDeductCreditDtls": {"TaxDeductedOwnHands": 4216, "TaxClaimedOwnHands": 4216}, "GrossAmount": 281085, "HeadOfIncome": "BP", "AmtCarriedFwd": 0}, {"TDSCreditName": "S", "TANOfDeductor": "RCHS02104E", "TaxDeductCreditDtls": {"TaxDeductedOwnHands": 316, "TaxClaimedOwnHands": 316}, "GrossAmount": 21080, "HeadOfIncome": "BP", "AmtCarriedFwd": 0}, {"TDSCreditName": "S", "TANOfDeductor": "RCHS02104E", "TaxDeductCreditDtls": {"TaxDeductedOwnHands": 68, "TaxClaimedOwnHands": 68}, "GrossAmount": 4500, "HeadOfIncome": "BP", "AmtCarriedFwd": 0}, {"TDSCreditName": "S", "TANOfDeductor": "RCHT00095E", "TaxDeductCreditDtls": {"TaxDeductedOwnHands": 2184, "TaxClaimedOwnHands": 2184}, "GrossAmount": 145600, "HeadOfIncome": "BP", "AmtCarriedFwd": 0}, {"TDSCreditName": "S", "TANOfDeductor": "RCHS02104E", "TaxDeductCreditDtls": {"TaxDeductedOwnHands": 141, "TaxClaimedOwnHands": 141}, "GrossAmount": 9415, "HeadOfIncome": "BP", "AmtCarriedFwd": 0}, {"TDSCreditName": "S", "TANOfDeductor": "RCHS02104E", "TaxDeductCreditDtls": {"TaxDeductedOwnHands": 599, "TaxClaimedOwnHands": 599}, "GrossAmount": 39925, "HeadOfIncome": "BP", "AmtCarriedFwd": 0}, {"TDSCreditName": "S", "TANOfDeductor": "RCHT00095E", "TaxDeductCreditDtls": {"TaxDeductedOwnHands": 3674, "TaxClaimedOwnHands": 3674}, "GrossAmount": 244920, "HeadOfIncome": "BP", "AmtCarriedFwd": 0}, {"TDSCreditName": "S", "TANOfDeductor": "RCHT00095E", "TaxDeductCreditDtls": {"TaxDeductedOwnHands": 493, "TaxClaimedOwnHands": 493}, "GrossAmount": 32851, "HeadOfIncome": "BP", "AmtCarriedFwd": 0}, {"TDSCreditName": "S", "TANOfDeductor": "RCHS02104E", "TaxDeductCreditDtls": {"TaxDeductedOwnHands": 390, "TaxClaimedOwnHands": 390}, "GrossAmount": 26015, "HeadOfIncome": "BP", "AmtCarriedFwd": 0}, {"TDSCreditName": "S", "TANOfDeductor": "RCHT00095E", "TaxDeductCreditDtls": {"TaxDeductedOwnHands": 2161, "TaxClaimedOwnHands": 2161}, "GrossAmount": 144080, "HeadOfIncome": "BP", "AmtCarriedFwd": 0}, {"TDSCreditName": "S", "TANOfDeductor": "RCHT00095E", "TaxDeductCreditDtls": {"TaxDeductedOwnHands": 2160, "TaxClaimedOwnHands": 2160}, "GrossAmount": 144000, "HeadOfIncome": "BP", "AmtCarriedFwd": 0}, {"TDSCreditName": "S", "TANOfDeductor": "RCHT00095E", "TaxDeductCreditDtls": {"TaxDeductedOwnHands": 1199, "TaxClaimedOwnHands": 1199}, "GrossAmount": 79920, "HeadOfIncome": "BP", "AmtCarriedFwd": 0}, {"TDSCreditName": "S", "TANOfDeductor": "RCHT00095E", "TaxDeductCreditDtls": {"TaxDeductedOwnHands": 2064, "TaxClaimedOwnHands": 2064}, "GrossAmount": 137600, "HeadOfIncome": "BP", "AmtCarriedFwd": 0}, {"TDSCreditName": "S", "TANOfDeductor": "JBPA00946B", "TaxDeductCreditDtls": {"TaxDeductedOwnHands": 2704, "TaxClaimedOwnHands": 2704}, "GrossAmount": 180285, "HeadOfIncome": "BP", "AmtCarriedFwd": 0}, {"TDSCreditName": "S", "TANOfDeductor": "JBPA00946B", "TaxDeductCreditDtls": {"TaxDeductedOwnHands": 37, "TaxClaimedOwnHands": 37}, "GrossAmount": 2475, "HeadOfIncome": "BP", "AmtCarriedFwd": 0}, {"TDSCreditName": "S", "TANOfDeductor": "JBPA00946B", "TaxDeductCreditDtls": {"TaxDeductedOwnHands": 222, "TaxClaimedOwnHands": 222}, "GrossAmount": 14790, "HeadOfIncome": "BP", "AmtCarriedFwd": 0}, {"TDSCreditName": "S", "TANOfDeductor": "RCHT00095E", "TaxDeductCreditDtls": {"TaxDeductedOwnHands": 869, "TaxClaimedOwnHands": 869}, "GrossAmount": 57915, "HeadOfIncome": "BP", "AmtCarriedFwd": 0}, {"TDSCreditName": "S", "TANOfDeductor": "RCHT00095E", "TaxDeductCreditDtls": {"TaxDeductedOwnHands": 1359, "TaxClaimedOwnHands": 1359}, "GrossAmount": 90585, "HeadOfIncome": "BP", "AmtCarriedFwd": 0}, {"TDSCreditName": "S", "TANOfDeductor": "RCHT00095E", "TaxDeductCreditDtls": {"TaxDeductedOwnHands": 2101, "TaxClaimedOwnHands": 2101}, "GrossAmount": 140085, "HeadOfIncome": "BP", "AmtCarriedFwd": 0}, {"TDSCreditName": "S", "TANOfDeductor": "RCHT00095E", "TaxDeductCreditDtls": {"TaxDeductedOwnHands": 3555, "TaxClaimedOwnHands": 3555}, "GrossAmount": 237000, "HeadOfIncome": "BP", "AmtCarriedFwd": 0}], "TotalTDSonOthThanSals": 107813}, "ScheduleTCS": {"TCSDetails": [{"EmployerOrDeductorOrCollectDetl": {"TAN": "CALT02940A", "EmployerOrDeductorOrCollecterName": "TATA STEEL LIMITED"}, "TotalTCS": 874, "AmtTCSClaimedThisYear": 874, "AmtCarriedFwd": 0}, {"EmployerOrDeductorOrCollectDetl": {"TAN": "CALT02940A", "EmployerOrDeductorOrCollecterName": "TATA STEEL LIMITED"}, "TotalTCS": 8, "AmtTCSClaimedThisYear": 8, "AmtCarriedFwd": 0}, {"EmployerOrDeductorOrCollectDetl": {"TAN": "CALT02940A", "EmployerOrDeductorOrCollecterName": "TATA STEEL LIMITED"}, "TotalTCS": 786, "AmtTCSClaimedThisYear": 786, "AmtCarriedFwd": 0}, {"EmployerOrDeductorOrCollectDetl": {"TAN": "CALT02940A", "EmployerOrDeductorOrCollecterName": "TATA STEEL LIMITED"}, "TotalTCS": 368, "AmtTCSClaimedThisYear": 368, "AmtCarriedFwd": 0}, {"EmployerOrDeductorOrCollectDetl": {"TAN": "CALT02940A", "EmployerOrDeductorOrCollecterName": "TATA STEEL LIMITED"}, "TotalTCS": 689, "AmtTCSClaimedThisYear": 689, "AmtCarriedFwd": 0}, {"EmployerOrDeductorOrCollectDetl": {"TAN": "CALT02940A", "EmployerOrDeductorOrCollecterName": "TATA STEEL LIMITED"}, "TotalTCS": 625, "AmtTCSClaimedThisYear": 625, "AmtCarriedFwd": 0}, {"EmployerOrDeductorOrCollectDetl": {"TAN": "CALT02940A", "EmployerOrDeductorOrCollecterName": "TATA STEEL LIMITED"}, "TotalTCS": 389, "AmtTCSClaimedThisYear": 389, "AmtCarriedFwd": 0}, {"EmployerOrDeductorOrCollectDetl": {"TAN": "CALT02940A", "EmployerOrDeductorOrCollecterName": "TATA STEEL LIMITED"}, "TotalTCS": 144, "AmtTCSClaimedThisYear": 144, "AmtCarriedFwd": 0}, {"EmployerOrDeductorOrCollectDetl": {"TAN": "CALT02940A", "EmployerOrDeductorOrCollecterName": "TATA STEEL LIMITED"}, "TotalTCS": 585, "AmtTCSClaimedThisYear": 585, "AmtCarriedFwd": 0}, {"EmployerOrDeductorOrCollectDetl": {"TAN": "CALT02940A", "EmployerOrDeductorOrCollecterName": "TATA STEEL LIMITED"}, "TotalTCS": 318, "AmtTCSClaimedThisYear": 318, "AmtCarriedFwd": 0}, {"EmployerOrDeductorOrCollectDetl": {"TAN": "CALT02940A", "EmployerOrDeductorOrCollecterName": "TATA STEEL LIMITED"}, "TotalTCS": 605, "AmtTCSClaimedThisYear": 605, "AmtCarriedFwd": 0}, {"EmployerOrDeductorOrCollectDetl": {"TAN": "CALT02940A", "EmployerOrDeductorOrCollecterName": "TATA STEEL LIMITED"}, "TotalTCS": 392, "AmtTCSClaimedThisYear": 392, "AmtCarriedFwd": 0}, {"EmployerOrDeductorOrCollectDetl": {"TAN": "CALT02940A", "EmployerOrDeductorOrCollecterName": "TATA STEEL LIMITED"}, "TotalTCS": 1149, "AmtTCSClaimedThisYear": 1149, "AmtCarriedFwd": 0}, {"EmployerOrDeductorOrCollectDetl": {"TAN": "CALT02940A", "EmployerOrDeductorOrCollecterName": "TATA STEEL LIMITED"}, "TotalTCS": 935, "AmtTCSClaimedThisYear": 935, "AmtCarriedFwd": 0}, {"EmployerOrDeductorOrCollectDetl": {"TAN": "CALT02940A", "EmployerOrDeductorOrCollecterName": "TATA STEEL LIMITED"}, "TotalTCS": 774, "AmtTCSClaimedThisYear": 774, "AmtCarriedFwd": 0}, {"EmployerOrDeductorOrCollectDetl": {"TAN": "CALT02940A", "EmployerOrDeductorOrCollecterName": "TATA STEEL LIMITED"}, "TotalTCS": 630, "AmtTCSClaimedThisYear": 630, "AmtCarriedFwd": 0}, {"EmployerOrDeductorOrCollectDetl": {"TAN": "CALT02940A", "EmployerOrDeductorOrCollecterName": "TATA STEEL LIMITED"}, "TotalTCS": 431, "AmtTCSClaimedThisYear": 431, "AmtCarriedFwd": 0}, {"EmployerOrDeductorOrCollectDetl": {"TAN": "CALT02940A", "EmployerOrDeductorOrCollecterName": "TATA STEEL LIMITED"}, "TotalTCS": 532, "AmtTCSClaimedThisYear": 532, "AmtCarriedFwd": 0}, {"EmployerOrDeductorOrCollectDetl": {"TAN": "JBPJ00355F", "EmployerOrDeductorOrCollecterName": "JAYASWAL NECO INDUSTRIES LIMITED"}, "TotalTCS": 969, "AmtTCSClaimedThisYear": 969, "AmtCarriedFwd": 0}, {"EmployerOrDeductorOrCollectDetl": {"TAN": "JBPJ00355F", "EmployerOrDeductorOrCollecterName": "JAYASWAL NECO INDUSTRIES LIMITED"}, "TotalTCS": 1289, "AmtTCSClaimedThisYear": 1289, "AmtCarriedFwd": 0}, {"EmployerOrDeductorOrCollectDetl": {"TAN": "JBPJ00355F", "EmployerOrDeductorOrCollecterName": "JAYASWAL NECO INDUSTRIES LIMITED"}, "TotalTCS": 581, "AmtTCSClaimedThisYear": 581, "AmtCarriedFwd": 0}, {"EmployerOrDeductorOrCollectDetl": {"TAN": "JBPJ00355F", "EmployerOrDeductorOrCollecterName": "JAYASWAL NECO INDUSTRIES LIMITED"}, "TotalTCS": 731, "AmtTCSClaimedThisYear": 731, "AmtCarriedFwd": 0}, {"EmployerOrDeductorOrCollectDetl": {"TAN": "JBPJ00355F", "EmployerOrDeductorOrCollecterName": "JAYASWAL NECO INDUSTRIES LIMITED"}, "TotalTCS": 1258, "AmtTCSClaimedThisYear": 1258, "AmtCarriedFwd": 0}, {"EmployerOrDeductorOrCollectDetl": {"TAN": "JBPJ00355F", "EmployerOrDeductorOrCollecterName": "JAYASWAL NECO INDUSTRIES LIMITED"}, "TotalTCS": 1183, "AmtTCSClaimedThisYear": 1183, "AmtCarriedFwd": 0}, {"EmployerOrDeductorOrCollectDetl": {"TAN": "JBPJ00355F", "EmployerOrDeductorOrCollecterName": "JAYASWAL NECO INDUSTRIES LIMITED"}, "TotalTCS": 236, "AmtTCSClaimedThisYear": 236, "AmtCarriedFwd": 0}, {"EmployerOrDeductorOrCollectDetl": {"TAN": "JBPJ00355F", "EmployerOrDeductorOrCollecterName": "JAYASWAL NECO INDUSTRIES LIMITED"}, "TotalTCS": 634, "AmtTCSClaimedThisYear": 634, "AmtCarriedFwd": 0}, {"EmployerOrDeductorOrCollectDetl": {"TAN": "JBPJ00355F", "EmployerOrDeductorOrCollecterName": "JAYASWAL NECO INDUSTRIES LIMITED"}, "TotalTCS": 545, "AmtTCSClaimedThisYear": 545, "AmtCarriedFwd": 0}, {"EmployerOrDeductorOrCollectDetl": {"TAN": "JBPJ00355F", "EmployerOrDeductorOrCollecterName": "JAYASWAL NECO INDUSTRIES LIMITED"}, "TotalTCS": 241, "AmtTCSClaimedThisYear": 241, "AmtCarriedFwd": 0}, {"EmployerOrDeductorOrCollectDetl": {"TAN": "MUMD04479G", "EmployerOrDeductorOrCollecterName": "CONFIDENCE PETROLEUM INDIA LIMITED"}, "TotalTCS": 21, "AmtTCSClaimedThisYear": 21, "AmtCarriedFwd": 0}, {"EmployerOrDeductorOrCollectDetl": {"TAN": "NGPP00621F", "EmployerOrDeductorOrCollecterName": "PRECISION DRAWELL PRIVATE LIMITED"}, "TotalTCS": 334, "AmtTCSClaimedThisYear": 334, "AmtCarriedFwd": 0}, {"EmployerOrDeductorOrCollectDetl": {"TAN": "NGPP00621F", "EmployerOrDeductorOrCollecterName": "PRECISION DRAWELL PRIVATE LIMITED"}, "TotalTCS": 515, "AmtTCSClaimedThisYear": 515, "AmtCarriedFwd": 0}, {"EmployerOrDeductorOrCollectDetl": {"TAN": "NGPP00621F", "EmployerOrDeductorOrCollecterName": "PRECISION DRAWELL PRIVATE LIMITED"}, "TotalTCS": 262, "AmtTCSClaimedThisYear": 262, "AmtCarriedFwd": 0}, {"EmployerOrDeductorOrCollectDetl": {"TAN": "NGPP00621F", "EmployerOrDeductorOrCollecterName": "PRECISION DRAWELL PRIVATE LIMITED"}, "TotalTCS": 157, "AmtTCSClaimedThisYear": 157, "AmtCarriedFwd": 0}, {"EmployerOrDeductorOrCollectDetl": {"TAN": "NGPP00621F", "EmployerOrDeductorOrCollecterName": "PRECISION DRAWELL PRIVATE LIMITED"}, "TotalTCS": 368, "AmtTCSClaimedThisYear": 368, "AmtCarriedFwd": 0}, {"EmployerOrDeductorOrCollectDetl": {"TAN": "NGPP00621F", "EmployerOrDeductorOrCollecterName": "PRECISION DRAWELL PRIVATE LIMITED"}, "TotalTCS": 384, "AmtTCSClaimedThisYear": 384, "AmtCarriedFwd": 0}, {"EmployerOrDeductorOrCollectDetl": {"TAN": "NGPP00621F", "EmployerOrDeductorOrCollecterName": "PRECISION DRAWELL PRIVATE LIMITED"}, "TotalTCS": 117, "AmtTCSClaimedThisYear": 117, "AmtCarriedFwd": 0}, {"EmployerOrDeductorOrCollectDetl": {"TAN": "NGPP00621F", "EmployerOrDeductorOrCollecterName": "PRECISION DRAWELL PRIVATE LIMITED"}, "TotalTCS": 450, "AmtTCSClaimedThisYear": 450, "AmtCarriedFwd": 0}, {"EmployerOrDeductorOrCollectDetl": {"TAN": "NGPP00621F", "EmployerOrDeductorOrCollecterName": "PRECISION DRAWELL PRIVATE LIMITED"}, "TotalTCS": 413, "AmtTCSClaimedThisYear": 413, "AmtCarriedFwd": 0}, {"EmployerOrDeductorOrCollectDetl": {"TAN": "NGPP00621F", "EmployerOrDeductorOrCollecterName": "PRECISION DRAWELL PRIVATE LIMITED"}, "TotalTCS": 327, "AmtTCSClaimedThisYear": 327, "AmtCarriedFwd": 0}, {"EmployerOrDeductorOrCollectDetl": {"TAN": "RCHT00095E", "EmployerOrDeductorOrCollecterName": "THE INDIAN STEEL & WIRE PRODUCTS LIMITED"}, "TotalTCS": 75, "AmtTCSClaimedThisYear": 75, "AmtCarriedFwd": 0}, {"EmployerOrDeductorOrCollectDetl": {"TAN": "NGPD02860E", "EmployerOrDeductorOrCollecterName": "DINESH KUMAR JAGNNATH PRA SAD KHANDELWAL"}, "TotalTCS": 1, "AmtTCSClaimedThisYear": 1, "AmtCarriedFwd": 0}], "TotalSchTCS": 21325}, "Verification": {"Declaration": {"AssesseeVerName": "ROMESHCHANDRA JAGANNATH BATRA", "FatherName": "JAGANNATH BATRA", "AssesseeVerPAN": "ABRPB9034D", "Capacity": "PA"}}}}}