{"ITR": {"ITR4": {"CreationInfo": {"SWVersionNo": "1203", "SWCreatedBy": "SW20000029", "JSONCreatedBy": "SW20000029", "JSONCreationDate": "2021-10-07", "IntermediaryCity": "", "Digest": "jCF+PKEmlFdbQET25MHJCrRjlVNRwBakSPoUz42syas="}, "Form_ITR4": {"FormName": "ITR-4", "Description": "Having Income From Presumptive Business", "AssessmentYear": "2021", "SchemaVer": "Ver1.2", "FormVer": "Ver1.2"}, "PersonalInfo": {"AssesseeName": {"FirstName": "SHANKAR", "MiddleName": "HALLAPPA", "SurNameOrOrgName": "WADDAR"}, "PAN": "AAPPW7594Q", "Address": {"ResidenceNo": "House No. 91", "ResidenceName": "\"Contractor\", Pankaj Nagar", "RoadOrStreet": "Gokul Road", "LocalityOrArea": "Hosur", "CityOrTownOrDistrict": "Hubballi", "StateCode": "15", "CountryCode": "91", "PinCode": 580021, "CountryCodeMobile": 91, "MobileNo": 9964343148, "EmailAddress": "rajmn69it@gmail.com", "EmailAddressSec": "rajmn69it@gmail.com"}, "DOB": "1961-01-15", "EmployerCategory": "NA", "Status": "I", "AadhaarCardNo": "897428163742"}, "FilingStatus": {"ReturnFileSec": 11, "NewTaxRegime": "N", "SeventhProvisio139": "N", "AsseseeRepFlg": "N"}, "IncomeDeductions": {"IncomeFromBusinessProf": 672066, "GrossSalary": 0, "AllwncExemptUs10": {"TotalAllwncExemptUs10": 0}, "NetSalary": 0, "DeductionUs16": 0, "DeductionUs16ia": 0, "EntertainmntalwncUs16ii": 0, "IncomeFromSal": 0, "AnnualValue": 0, "AnnualValue30Percent": 0, "TotalIncomeOfHP": 0, "IncomeOthSrc": 10391, "OthersInc": {"OthersIncDtlsOthSrc": [{"OthSrcNatureDesc": "IFD", "OthSrcOthAmount": 10391}]}, "DeductionUs57iia": 0, "GrossTotIncome": 682457, "UsrDeductUndChapVIA": {"Section80C": 60000, "Section80CCC": 0, "Section80CCDEmployeeOrSE": 0, "Section80CCD1B": 0, "Section80CCDEmployer": 0, "Section80D": 0, "Section80DD": 0, "Section80DDB": 0, "Section80E": 0, "Section80EE": 0, "Section80EEA": 0, "Section80EEB": 0, "Section80G": 0, "Section80GG": 0, "Section80GGC": 0, "Section80U": 0, "Section80TTA": 0, "Section80TTB": 10391, "TotalChapVIADeductions": 70391}, "DeductUndChapVIA": {"Section80C": 60000, "Section80CCC": 0, "Section80CCDEmployeeOrSE": 0, "Section80CCD1B": 0, "Section80CCDEmployer": 0, "Section80D": 0, "Section80DD": 0, "Section80DDB": 0, "Section80E": 0, "Section80EE": 0, "Section80EEA": 0, "Section80EEB": 0, "Section80G": 0, "Section80GG": 0, "Section80GGC": 0, "Section80U": 0, "Section80TTA": 0, "Section80TTB": 10391, "TotalChapVIADeductions": 70391}, "TotalIncome": 612070}, "TaxComputation": {"TotalTaxPayable": 32414, "Rebate87A": 0, "TaxPayableOnRebate": 32414, "EducationCess": 1297, "GrossTaxLiability": 33711, "Section89": 0, "NetTaxLiability": 33711, "IntrstPay": {"IntrstPayUs234A": 0, "IntrstPayUs234B": 0, "IntrstPayUs234C": 0, "LateFilingFee234F": 0}, "TotTaxPlusIntrstPay": 33711}, "TaxPaid": {"TaxesPaid": {"AdvanceTax": 0, "TDS": 92622, "TCS": 0, "SelfAssessmentTax": 0, "TotalTaxesPaid": 92622}, "BalTaxPayable": 0}, "Refund": {"RefundDue": 58910, "BankAccountDtls": {"AddtnlBankDetails": [{"IFSCCode": "SBIN0007963", "BankName": "State Bank INDIA", "BankAccountNo": "64067219418", "UseForRefund": "true"}, {"IFSCCode": "CNRB0011202", "BankName": "CANARA BANK", "BankAccountNo": "12021010006592", "UseForRefund": "false"}]}}, "Schedule80G": {"Don100Percent": {"TotDon100PercentCash": 0, "TotDon100PercentOtherMode": 0, "TotDon100Percent": 0, "TotEligibleDon100Percent": 0}, "Don50PercentNoApprReqd": {"TotDon50PercentNoApprReqdCash": 0, "TotDon50PercentNoApprReqdOtherMode": 0, "TotDon50PercentNoApprReqd": 0, "TotEligibleDon50Percent": 0}, "Don100PercentApprReqd": {"TotDon100PercentApprReqdCash": 0, "TotDon100PercentApprReqdOtherMode": 0, "TotDon100PercentApprReqd": 0, "TotEligibleDon100PercentApprReqd": 0}, "Don50PercentApprReqd": {"TotDon50PercentApprReqdCash": 0, "TotDon50PercentApprReqdOtherMode": 0, "TotDon50PercentApprReqd": 0, "TotEligibleDon50PercentApprReqd": 0}, "TotalDonationsUs80GCash": 0, "TotalDonationsUs80GOtherMode": 0, "TotalDonationsUs80G": 0, "TotalEligibleDonationsUs80G": 0}, "TaxExmpIntIncDtls": {"OthersInc": {"OthersTotalTaxExe": 0}}, "Verification": {"Declaration": {"AssesseeVerName": "SHANKAR HALLAPPA WADDAR", "FatherName": "HALLAPPA", "AssesseeVerPAN": "AAPPW7594Q"}, "Capacity": "S", "Place": "HUBBALLI"}, "ScheduleBP": {"NatOfBus44AD": [{"NameOfBusiness": "SHANKAR H WADDAR", "CodeAD": "06002"}], "PersumptiveInc44AD": {"GrsTrnOverAnyOthMode": 8400819, "PersumptiveInc44AD8Per": 672066, "TotPersumptiveInc44AD": 672066}, "PersumptiveInc44AE": {"TotPersumInc44AE": 0, "TotalPersumptiveInc": 0, "IncChargeableUnderBus": 672066}, "TurnoverGrsRcptForGSTIN": [{"GSTINNo": "29AAPPW7594Q1Z0", "AmtTurnGrossRcptGSTIN": 8265277}], "TotalTurnoverGrsRcptGSTIN": 8265277, "FinanclPartclrOfBusiness": {"SundryCreditors": 0, "TotCapLiabilities": 0, "Inventories": 805375, "SundryDebtors": 1405800, "CashInHand": 30733, "TotalAssets": 2241908}}, "ScheduleIT": {"TotalTaxPayments": 0}, "TDSonOthThanSals": {"TDSonOthThanSalDtls": [{"TANOfDeductor": "BLRE03907B", "BroughtFwdTDSAmt": 0, "TDSDeducted": 64543, "TDSClaimed": 64543, "GrossAmount": 6494782, "HeadOfIncome": "BP", "TDSCreditCarriedFwd": 0}, {"TANOfDeductor": "BLRG21831F", "BroughtFwdTDSAmt": 0, "TDSDeducted": 7794, "TDSClaimed": 7794, "GrossAmount": 112000, "HeadOfIncome": "BP", "TDSCreditCarriedFwd": 0}, {"TANOfDeductor": "BLRP04734C", "BroughtFwdTDSAmt": 0, "TDSDeducted": 6170, "TDSClaimed": 6170, "GrossAmount": 382475, "HeadOfIncome": "BP", "TDSCreditCarriedFwd": 0}, {"TANOfDeductor": "BLRR12945C", "BroughtFwdTDSAmt": 0, "TDSDeducted": 1783, "TDSClaimed": 1783, "GrossAmount": 178344, "HeadOfIncome": "BP", "TDSCreditCarriedFwd": 0}, {"TANOfDeductor": "BLRT05314B", "BroughtFwdTDSAmt": 0, "TDSDeducted": 12332, "TDSClaimed": 12332, "GrossAmount": 1233218, "HeadOfIncome": "BP", "TDSCreditCarriedFwd": 0}], "TotalTDSonOthThanSals": 92622}}}}