{"ITR": {"ITR4": {"CreationInfo": {"SWVersionNo": "1.0", "SWCreatedBy": "SW20000268", "JSONCreatedBy": "SW20000268", "JSONCreationDate": "2021-12-27", "IntermediaryCity": "New Delhi", "Digest": "QsgjZP8uhO5RLT6m6DP/oaro27OIKGEIJ8a5pTgdhzE="}, "Form_ITR4": {"FormName": "ITR-4", "Description": "Indls, HUFs and Firms (other than LLP) having Inc u/s 44AD, 44ADA or 44AE", "AssessmentYear": "2021", "SchemaVer": "Ver1.2", "FormVer": "Ver1.2"}, "PersonalInfo": {"AssesseeName": {"FirstName": "MALINI", "SurNameOrOrgName": "SHUKLA"}, "PAN": "BZPPS0318Q", "Address": {"ResidenceNo": "26", "LocalityOrArea": "WEST REST CAMP", "CityOrTownOrDistrict": "DEHRADUN", "StateCode": "34", "CountryCode": "91", "PinCode": 248001, "CountryCodeMobile": 91, "MobileNo": 8126662909, "EmailAddress": "amar_marwah@rediffmail.com"}, "DOB": "1982-01-26", "EmployerCategory": "NA", "Status": "I", "AadhaarCardNo": "993069952308"}, "FilingStatus": {"ReturnFileSec": 11, "NewTaxRegime": "N", "SeventhProvisio139": "N", "DepAmtAggAmtExcd1CrPrYrFlg": "N", "IncrExpAggAmt2LkTrvFrgnCntryFlg": "N", "IncrExpAggAmt1LkElctrctyPrYrFlg": "N", "AsseseeRepFlg": "N"}, "IncomeDeductions": {"IncomeFromBusinessProf": 550987, "GrossSalary": 0, "AllwncExemptUs10": {"TotalAllwncExemptUs10": 0}, "NetSalary": 0, "DeductionUs16": 0, "DeductionUs16ia": 0, "EntertainmntalwncUs16ii": 0, "ProfessionalTaxUs16iii": 0, "AnnualValue": 0, "AnnualValue30Percent": 0, "TotalIncomeOfHP": 0, "IncomeOthSrc": 2349, "OthersInc": {"OthersIncDtlsOthSrc": [{"OthSrcNatureDesc": "SAV", "OthSrcOthNatOfInc": "Interest from Saving Account", "OthSrcOthAmount": 2349}]}, "DeductionUs57iia": 0, "GrossTotIncome": 553336, "UsrDeductUndChapVIA": {"Section80C": 56000, "Section80CCC": 0, "Section80CCDEmployeeOrSE": 0, "Section80CCD1B": 0, "Section80CCDEmployer": 0, "Section80D": 0, "Section80DD": 0, "Section80DDB": 0, "Section80E": 0, "Section80EE": 0, "Section80EEA": 0, "Section80EEB": 0, "Section80G": 0, "Section80GG": 0, "Section80GGC": 0, "Section80U": 0, "Section80TTA": 2349, "Section80TTB": 0, "TotalChapVIADeductions": 58349}, "DeductUndChapVIA": {"Section80C": 56000, "Section80CCC": 0, "Section80CCDEmployeeOrSE": 0, "Section80CCD1B": 0, "Section80CCDEmployer": 0, "Section80D": 0, "Section80DD": 0, "Section80DDB": 0, "Section80E": 0, "Section80EE": 0, "Section80EEA": 0, "Section80EEB": 0, "Section80G": 0, "Section80GG": 0, "Section80GGC": 0, "Section80U": 0, "Section80TTA": 2349, "Section80TTB": 0, "TotalChapVIADeductions": 58349}, "TotalIncome": 494990}, "TaxComputation": {"TotalTaxPayable": 12250, "Rebate87A": 12250, "TaxPayableOnRebate": 0, "EducationCess": 0, "GrossTaxLiability": 0, "Section89": 0, "NetTaxLiability": 0, "IntrstPay": {"IntrstPayUs234A": 0, "IntrstPayUs234B": 0, "IntrstPayUs234C": 0, "LateFilingFee234F": 0}, "TotTaxPlusIntrstPay": 0}, "TaxPaid": {"TaxesPaid": {"AdvanceTax": 0, "TDS": 0, "TCS": 0, "SelfAssessmentTax": 0, "TotalTaxesPaid": 0}, "BalTaxPayable": 0}, "Refund": {"RefundDue": 0, "BankAccountDtls": {"AddtnlBankDetails": [{"IFSCCode": "PUNB0371200", "BankName": "PUNJAB NATIONAL BANK", "BankAccountNo": "3712000100139919", "UseForRefund": "false"}, {"IFSCCode": "PUNB0184300", "BankName": "PUNJAB NATIONAL BANK", "BankAccountNo": "184300010228508", "UseForRefund": "true"}]}}, "Schedule80G": {"Don100Percent": {"TotDon100PercentCash": 0, "TotDon100PercentOtherMode": 0, "TotDon100Percent": 0, "TotEligibleDon100Percent": 0}, "Don50PercentNoApprReqd": {"TotDon50PercentNoApprReqdCash": 0, "TotDon50PercentNoApprReqdOtherMode": 0, "TotDon50PercentNoApprReqd": 0, "TotEligibleDon50Percent": 0}, "Don100PercentApprReqd": {"TotDon100PercentApprReqdCash": 0, "TotDon100PercentApprReqdOtherMode": 0, "TotDon100PercentApprReqd": 0, "TotEligibleDon100PercentApprReqd": 0}, "Don50PercentApprReqd": {"TotDon50PercentApprReqdCash": 0, "TotDon50PercentApprReqdOtherMode": 0, "TotDon50PercentApprReqd": 0, "TotEligibleDon50PercentApprReqd": 0}, "TotalDonationsUs80GCash": 0, "TotalDonationsUs80GOtherMode": 0, "TotalDonationsUs80G": 0, "TotalEligibleDonationsUs80G": 0}, "Schedule80D": {"Sec80DSelfFamSrCtznHealth": {"SeniorCitizenFlag": "S", "SelfAndFamily": 0, "SelfAndFamilySeniorCitizen": 0, "ParentsSeniorCitizenFlag": "P", "Parents": 0, "ParentsSeniorCitizen": 0, "EligibleAmountOfDedn": 0}}, "TaxExmpIntIncDtls": {"OthersInc": {"OthersTotalTaxExe": 0}}, "Verification": {"Declaration": {"AssesseeVerName": "MALINI SHUKLA", "FatherName": "DESH BANDU SHUKLA", "AssesseeVerPAN": "BZPPS0318Q"}, "Capacity": "S", "Place": "DEHRADUN"}, "ScheduleBP": {"NatOfBus44AD": [{"NameOfBusiness": "M/S MALINI BEAUTY PARLOUR", "CodeAD": "09027"}, {"NameOfBusiness": "M/S ARDHYA NATURAL FOOD PRODUCT", "CodeAD": "21001"}], "PersumptiveInc44AD": {"GrsTrnOverBank": 0, "GrsTrnOverAnyOthMode": 795674, "PersumptiveInc44AD6Per": 0, "PersumptiveInc44AD8Per": 550987, "TotPersumptiveInc44AD": 550987}, "PersumptiveInc44AE": {"TotPersumInc44AE": 0, "SalInterestByFirm": 0, "TotalPersumptiveInc": 0, "IncChargeableUnderBus": 550987}, "TotalTurnoverGrsRcptGSTIN": 0, "FinanclPartclrOfBusiness": {"PartnerMemberOwnCapital": 299118, "SecuredLoans": 0, "UnSecuredLoans": 0, "Advances": 0, "SundryCreditors": 9870, "OthrCurrLiab": 15436, "TotCapLiabilities": 324424, "FixedAssets": 225361, "Inventories": 0, "SundryDebtors": 23432, "BalWithBanks": 50987, "CashInHand": 8970, "LoansAndAdvances": 0, "OtherAssets": 15674, "TotalAssets": 324424}}, "ScheduleIT": {"TotalTaxPayments": 0}, "ScheduleTCS": {"TotalSchTCS": 0}, "TDSonSalaries": {"TotalTDSonSalaries": 0}, "TDSonOthThanSals": {"TotalTDSonOthThanSals": 0}, "ScheduleTDS3Dtls": {"TotalTDS3Details": 0}}}}