{"ITR": {"ITR6": {"CreationInfo": {"SWVersionNo": "1315", "SWCreatedBy": "SW20000029", "JSONCreatedBy": "SW20000029", "JSONCreationDate": "2022-09-21", "IntermediaryCity": "Mangaluru", "Digest": "SyMC2aB+czxx8e4c8bU3Yie17xha94PI4gj3gfFTrXQ="}, "Form_ITR6": {"FormName": "ITR-6", "Description": "For Companies other than companies claiming exemption under section 11", "AssessmentYear": "2022", "SchemaVer": "Ver1.0", "FormVer": "Ver1.0"}, "PartA_GEN1": {"OrgFirmInfo": {"AssesseeName": {"SurNameOrOrgName": "ILOSUNG PRIVATE LIMITED"}, "PAN": "AAECI8970J", "CINissuedByMCA": "U72900MH2018PTC310270", "Address": {"ResidenceNo": "LOWER GROUND FLOOR", "ResidenceName": "ARTGUILD HOUSE KURLA(W)", "RoadOrStreet": "LALBAHADUR SHASTR MARG", "LocalityOrArea": "PHOENIX MARKET", "CityOrTownOrDistrict": "MUMBAI", "StateCode": "19", "CountryCode": "91", "PinCode": 400070, "Phone": {"STDcode": 91, "PhoneNo": 950339}, "CountryCodeMobile": 91, "MobileNo": 9503399983, "CountryCodeMobileNoSec": 91, "MobileNoSec": 9561118844, "EmailAddress": "LOKESHS@ILOSUNG.COM", "EmailAddressSecondary": "cavaibhavdoshi@gmail.com"}, "DateOFFormOrIncorp": "2018-06-04", "DateofBusCommencement": "2018-07-04", "StatusOrCompanyType": "7", "DomesticCompFlg": "Y"}, "FilingStatus": {"ReturnFileSec": {"IncomeTaxSec": 11}, "ResidentialStatus": "RES", "Section115BA": "115BAA", "Section115BAAY": "2020-21", "ReceiptNo115BA": 681901031281020, "115BAFormFiledDate": "2020-10-28", "FinancialStmtFlag": "N", "IsIfsc": "N", "UnderLiquidation": "N", "FiiFpiFlag": "N", "Sec581AFlag": "N", "AsseseeRepFlg": "N", "StartUpDPIITFlag": "N"}}, "PartA_GEN2For6": {"LiableSec44AAflg": "Y", "IncDclrdUs": "N", "TotalSalesExcOneCr": "Y", "AgrOFAllAmtsRcvd": "Y", "AgrOFAllPayMade": "Y", "LiableSec44ABflg": "Y", "AuditedByAccountantFlg": "Y", "AuditInfo": {"AuditReportFurnishDate": "2022-09-21", "AuditorName": "VAIBHAV CHANDRAKANT DOSHI", "AuditorMemNo": "178651", "AudFrmName": "VAIBHAV DOSHI AND ASSOCIATES", "AudFrmRegNo": "0146978W", "AudFrmPAN": "BZAPD4737P", "AuditDate": "2022-09-08"}, "LiableSec92Eflg": "N", "AccountAuditFlag": "N", "AuditReportDetails": [{"AuditReportAct": "6", "AuditReportSection": "143(2)", "OtherITActFlag": "Y", "AuditReportDate": "2022-09-08"}], "HoldingStatus": {"NatOfCompFlg": "4"}, "KeyPersons": [{"PersonName": "LOKESH SETHIA", "Designation": "DIR", "AddressDetailWithZipCode": {"AddrDetail": "45, SETHIA NIWAS, NEAR NAVAL PETROL PUMP, RAILWAY LINES", "CityOrTownOrDistrict": "SOLAPUR", "StateCode": "19", "CountryCode": "91", "PinCode": 413001}, "KeyPerPAN": "BPUPS2658E", "DirectorIdNo": "08149016"}, {"PersonName": "PROSENJEET CHAKARBORTY", "Designation": "DIR", "AddressDetailWithZipCode": {"AddrDetail": "17, INDARA NAGAR, RISHIKESH", "CityOrTownOrDistrict": "DEHRADUN", "StateCode": "34", "CountryCode": "91", "PinCode": 249201}, "KeyPerPAN": "AKRPC5610P", "DirectorIdNo": "08149015"}], "ShareHolderInfo": [{"ShareHolderInfoName": "LOKESH SETHIA", "AddressDetailWithZipCode": {"AddrDetail": "45, SETHIA NIWAS, NEAR NAVAL PETROL PUMP, RAILWAY LINES", "CityOrTownOrDistrict": "SOLAPUR", "StateCode": "19", "CountryCode": "91", "PinCode": 413001}, "PercentageOfShare": 50, "ShareHolderPAN": "BPUPS2658E"}, {"ShareHolderInfoName": "PROSENJEET CHAKARBORTY", "AddressDetailWithZipCode": {"AddrDetail": "17, INDARA NAGAR, RISHIKESH", "CityOrTownOrDistrict": "DEHRADUN", "StateCode": "34", "CountryCode": "91", "PinCode": 249201}, "PercentageOfShare": 50, "ShareHolderPAN": "AKRPC5610P"}], "OwnershipInfo": [{"OwnerName": "LOKESH SETHIA", "AddressDetailWithZipCode": {"AddrDetail": "45, SETHIA NIWAS, NEAR NAVAL PETROL PUMP, RAILWAY LINES", "CityOrTownOrDistrict": "SOLAPUR", "StateCode": "19", "CountryCode": "91", "PinCode": 413001}, "PercentageOfShare": 50, "OwnerPAN": "BPUPS2658E"}, {"OwnerName": "PROSENJEET CHAKARBORTY", "AddressDetailWithZipCode": {"AddrDetail": "17, INDARA NAGAR, RISHIKESH", "CityOrTownOrDistrict": "DEHRADUN", "StateCode": "34", "CountryCode": "91", "PinCode": 249201}, "PercentageOfShare": 50, "OwnerPAN": "AKRPC5610P"}], "NatureOfComp": {"PubSectCompUs2_36AFlg": "N", "RBICompFlg": "N", "CompLes40PercSharGovRBIFlg": "N", "BankCompUs5Flg": "N", "SchedBankOfRBIActFlg": "N", "CompWithIRDARegisterFlg": "N", "NonBankFIICompFlg": "N", "CompanyUnlistedFlag": "Y"}, "NatOfBus": {"NatureOfBusiness": [{"Code": "14002", "TradeName1": "ILOSUNG PRIVATE LIMITED"}, {"Code": "14005", "TradeName1": "ILOSUNG PRIVATE LIMITED"}]}}, "PARTA_BSFor6FrmAY13": {"EquityAndLiablities": {"ShareHolderFund": {"ShareCapital": {"Authorised": 1000000, "IssuedSubsPaidUp": 100000, "SubscribedNotFullyPaid": 0, "TotShareCapital": 100000}, "ResrNSurp": {"CapResr": 0, "CapRedempResr": 0, "SecurPremResr": 0, "DebunRedResr": 0, "RevResr": 0, "ShareOptOSAmount": 0, "OtherResrvDtls": [{"Nature": "General Reserve", "Amount": 4228360}], "OtherResrvTotal": 4228360, "PLAccount": 0, "TotResrNSurp": 4228360}, "MoneyRecvdAgainstShares": 0, "TotShareHolderFund": 4328360}, "ShareAppMoneyAllot": {"PendingLtOneYr": 0, "PendingMtOneYr": 0, "Total": 0}, "NonCurrLiabilities": {"LongTermBorrowings": {"BondsDebentures": {"ForeignCurrency": 0, "Rupee": 0, "Total": 0}, "TermLoans": {"ForeignCurrency": 0, "RupeeLoans": {"FromBanks": 0, "FromOthers": 0, "Total": 0}, "TotalTermLoans": 0}, "DeferredPymtLiabilities": 0, "DepositsFrmRelatedParties": 0, "OtherDeposits": 0, "LoansAndAdv": 0, "OthersLoanAdv": 0, "LongTermMaturities": 0, "TotalLTBorrowings": 0}, "NetDefferedTaxLiability": 0, "OthLongTermLiablities": {"TradePayables": 0, "Others": 750000, "TotalOthLtLiabilities": 750000}, "LongTermProvisions": {"ProvEmpBenefits": 1023003, "Others": 0, "Total": 1023003}, "TotalNonCurrLiabilites": 1773003}, "CurrentLiabilities": {"ShortTrmBorrowings": {"LoansRepaybleOnDemand": {"FromBanks": 0, "FrmNonBanking": 0, "OthFinanceInst": 0, "Others": 0, "TotLoansRepaybleOnDemand": 0}, "DepositsFrmRelatedParties": 0, "LoansAndAdv": 0, "OthLoansAndAdv": 0, "OthDeposits": 0, "TotShortTrmBorrowings": 0}, "TradePayables": {"OSMoreThanOneYr": 0, "Others": 773586, "TotalTradePayables": 773586}, "OthCurrLiabilities": {"CurrMatOnLTDebt": 0, "CurrMatFinanceOblg": 0, "AccrInterestNotDue": 0, "AccrInterest": 0, "IncRecvdAdvance": 0, "UnpaidDividend": 0, "AppMonyRecvdAllotSecurities": 0, "UnpaidMatDeposits": 0, "UnpaidMatureDebenture": 0, "OthPayables": 408047, "TotOthCurrLiabilities": 408047}, "ShortTermProv": {"EmpBenefitProv": 0, "ITProvision": 566158, "ProposedDividend": 0, "TaxOnDividend": 0, "OthProvision": 0, "TotShortTermProvisions": 566158}, "TotCurrLiabilitiesProvision": 1747791}, "TotEquityAndLiabilities": 7849154}, "Assets": {"NonCurrAssets": {"FixedAsset": {"Tangible": {"GrossBlock": 287189, "Depreciation": 96095, "ImpairmentLosses": 0, "NetBlock": 191094}, "InTangible": {"GrossBlock": 0, "Amortization": 0, "ImpairmentLosses": 0, "NetBlock": 0}, "CapWrkProg": 0, "IntangibleAssetUnDev": 0, "TotFixedAsset": 191094}, "NonCurrInvstmnts": {"InvInProperty": 0, "EquityInstruments": {"ListedEquities": 0, "UnListedEquities": 0, "Total": 0}, "PreferenceShares": 0, "GovtOrTrustSecurities": 0, "DebenturesOrBonds": 0, "MutualFunds": 0, "InvstmntInPrtnrShipFirm": 0, "OtherInvstmnts": 0, "TotNonCurrInvstmnts": 0}, "NetDeferredTaxAssets": 0, "LongTrmLoanAdv": {"CapitalAdv": 0, "SecurityDeposits": 434850, "LoanAdvRelatedParties": 0, "OthLoanAdv": 50000, "TotLTLoanAdv": 484850, "LTLoanAdvDtls": {"BusOrProf": 484850, "NotForBusOrProf": 0, "ShareHolderUs2_22": 0}}, "OthNonCurrAssets": {"LTTradeReceivables": {"Secured": 0, "Unsecured": 0, "Doubtful": 0, "TotOthNonCurrAssets": 0}, "Others": 0, "Total": 0, "NonCurrAssetUs2_22": 0}, "TotNonCurrAssets": 675944}, "CurrentAssets": {"CurrInvstmnts": {"EquityInstruments": {"ListedEquities": 0, "UnListedEquities": 0, "Total": 0}, "PreferenceShares": 0, "GovtOrTrustSecurities": 0, "DebenturesOrBonds": 0, "MutualFunds": 0, "InvstmntInPrtnrShipFirm": 0, "OtherInvstmnts": 0, "TotCurrInvstmnts": 0}, "Inventories": {"RawMatl": 0, "WorkInProgress": 0, "FinOrTradGood": 0, "StkInTrade": 0, "StoresConsumables": 0, "LooseTools": 0, "Others": 0, "TotInventries": 0}, "TradeReceivables": {"OSMoreThanSixMonths": 0, "Others": 2983637, "TotalTradeReceivables": 2983637}, "CashNCashEquivalents": {"BalWithBanks": 2646172, "ChequesDrafts": 0, "CashInHand": 208190, "Others": 0, "TotCashNCashEquivalents": 2854362}, "TotShortTermLoanAdv": {"LoanAdv": 0, "Others": 0, "TotShrtTermLoans": 0, "STLoanAdvDtls": {"BusOrProf": 0, "NotForBusOrProf": 0, "ShareHolderUs2_22": 0}}, "OtherCurrAssets": 1335211, "TotCurrAssets": 7173210}}, "TotalAssets": 7849154}, "PARTA_BSIndAS": {"EquityAndLiablities": {"Equity": {"EquityShareCapital": {"Authorised": 0, "IssuedSubsPaidUp": 0, "SubscribedNotFullyPaid": 0, "TotShareCapital": 0}, "OtherEquityReserv": {"CapRedempResr": 0, "DebunRedResr": 0, "ShareOptOSAmount": 0, "OthersTotal": 0, "TotalOtherResrv": 0, "RetainedEarngs": 0, "TotResrNRetEar": 0, "TotalEquity": 0}}, "Liabilities": {"NonCurrLiabilities": {"FinancialLiabilities": {"BondsDebentures": {"ForeignCurrency": 0, "Rupee": 0, "Total": 0}, "TermLoans": {"ForeignCurrency": 0, "RupeeLoans": {"FromBanks": 0, "FromOthers": 0, "Total": 0}, "TotalTermLoans": 0}, "DeferredPymtLiabilities": 0, "Deposits": 0, "LoansReltdParties": 0, "LongTermMaturities": 0, "LiabilityComp": 0, "OtherLoans": 0, "TotalLTBorrowings": 0, "TradePayables": 0, "OtherFinancialLiab": 0}, "Provisions": {"ProvEmpBenefits": 0, "OthersTotal": 0, "TotalProvisions": 0}, "DefrdTaxCurrLiabilites": 0, "OtherNonCurLiabilites": {"Advances": 0, "OthersTotal": 0, "TotalOthNonCurrLiab": 0}, "TotalNonCurrLiab": 0}, "CurrentLiabilities": {"FinancialLiabBorrowings": {"LoansRepaybleOnDemand": {"FromBanks": 0, "FrmOtherParties": 0, "TotLoansRepaybleOnDemand": 0}, "LoansFrmRelatedParties": 0, "Deposits": 0, "OthersTotal": 0, "TotalBorrowings": 0, "TradePayables": 0}, "OthFinancialLiabilities": {"CurrMatOnLTDebt": 0, "CurrMatFinanceOblg": 0, "AccrInterest": 0, "UnpaidDividend": 0, "AppMonyRecvdAllotSecurities": 0, "UnpaidMatDeposits": 0, "UnpaidMatureDebenture": 0, "OthersTotal": 0, "TotOthFinancialLiab": 0}, "TottalFinancialLiab": 0, "OtherCuurLiabilities": {"RevenueRecvdAdvance": 0, "OthersAdvTotal": 0, "OthersTotal": 0, "TotalOthCurrLiab": 0}, "Provosions": {"ProvosionEmpBenft": 0, "OthersTotal": 0, "TotalProvosions": 0}, "CurrTaxLiabilities": 0, "TotalCurrentLiab": 0, "TotalEquityLiab": 0}}}, "Assets": {"NonCurrAssets": {"PropertyPlantEquip": {"GrossBlock": 0, "Depreciation": 0, "ImpairmentLosses": 0, "NetBlock": 0, "CapWrkProg": 0, "InvstPropGrossBlock": 0, "InvstPropDepreciation": 0, "InvstPropImprLosses": 0, "InvstPropNetBlock": 0, "GoodWlGrossBlock": 0, "GoodWlImprLosses": 0, "GoodWlNetBlock": 0, "OthIntAstGrossBlock": 0, "OthIntAstAmortisation": 0, "OthIntAstImprLosses": 0, "OthIntAstNetBlock": 0, "IntAstUndrDevlpmnt": 0, "BioAstGrossBlock": 0, "BioAstImprLosses": 0, "BioAstNetBlock": 0, "FinancialAssets": {"Investments": {"ListedEquities": 0, "UnListedEquities": 0, "Total": 0, "InvstPrfShares": 0, "InvstGovtTrust": 0, "InvstInDebenture": 0, "InvstInMutualFunds": 0, "InvstInPartnershpFirm": 0, "OthersTotal": 0, "TotalNonCurrentInvst": 0}, "TradeReceivables": {"SecuredConsGoods": 0, "UnSecuredConsGoods": 0, "Doubtful": 0, "TotalTradeReceivbls": 0}, "Loans": {"SecurityDepsts": 0, "LoansRltdParties": 0, "OthersTotal": 0, "TotalLoans": 0, "LoansBPPurpose": 0, "LoansNotBPPurpose": 0, "LoansToShrHolders": 0}, "OtherFinacialAssets": {"BankDeposits": 0, "OtherDeposits": 0, "TotalOthFinancialAsst": 0, "DefrdTaxAsst": 0}, "OtherNonCurrentAssets": {"CapitalAdvanc": 0, "AdvancOthCapital": 0, "OthersTotal": 0, "TotalNonCurrAsst": 0, "NonCurrAsstDueShrHldr": 0}, "TotalNonCurrntAsst": 0}}}, "CurrentAssets": {"Inventories": {"RawMaterials": 0, "WorkInProgress": 0, "FinishedGoods": 0, "StockInTrade": 0, "StoresSpares": 0, "LooseTools": 0, "Others": 0, "TotalInventories": 0}, "FinancialAssets": {"Investments": {"ListedEquities": 0, "UnListedEquities": 0, "Total": 0, "InvstPrfShares": 0, "InvstGovtTrust": 0, "InvstInDebenture": 0, "InvstInMutualFunds": 0, "InvstInPartnershpFirm": 0, "OtherInvestment": 0, "TotalCurrentInvst": 0}, "TradeReceivables": {"SecuredConsGoods": 0, "UnSecuredConsGoods": 0, "Doubtful": 0, "TotalTradeReceivbls": 0}, "CashEquivalents": {"BalancesWithBanks": 0, "ChequeDraftsInHand": 0, "CashOnHand": 0, "OthersTotal": 0, "TotalCashEquivalents": 0, "BankBalanceOther": 0}, "Loans": {"SecurityDepsts": 0, "LoansRltdParties": 0, "OthersTotal": 0, "TotalLoans": 0, "LoansBPPurpose": 0, "LoansNotBPPurpose": 0, "LoansToShrHolders": 0}, "OtherFinancialAsst": 0, "TotalFinancialAsst": 0, "CurrentTaxAsst": 0, "OtherCurrentAssets": {"AdvancOthCapital": 0, "OthersTotal": 0, "TotalOthCurrentAsst": 0, "TotalCurrAsst": 0}}}}, "TotalAssets": 0}, "TradingAccount": {"SaleOfServices": 20380970, "SalesGrossReceiptsTotal": 20380970, "TotRevenueFrmOperations": 20380970, "TardingAccTotCred": 20380970, "GrossProfitFrmBusProf": 20380970}, "PARTA_PL": {"CreditsToPL": {"GrossProfitTrnsfFrmTrdAcc": 20380970, "OthIncome": {"RentInc": 0, "Comissions": 0, "Dividends": 0, "InterestInc": 0, "ProfitOnSaleFixedAsset": 0, "ProfitOnInvChrSTT": 0, "ProfitOnOthInv": 0, "ProfitOnCurrFluct": 0, "ProfitOnCnvInvntryToCapAsst": 0, "ProfitOnAgriIncome": 0, "MiscOthIncome": 0, "TotOthIncome": 0}, "TotCreditsToPL": 20380970}, "DebitsToPL": {"DebitPlAcnt": {"Freight": 0, "ConsumptionOfStores": 0, "PowerFuel": 78895, "RentExpdr": 979510, "RepairsBldg": 0, "RepairMach": 0, "EmployeeComp": {"SalsWages": 10669120, "Bonus": 0, "MedExpReimb": 0, "LeaveEncash": 0, "LeaveTravelBenft": 0, "ContToSuperAnnFund": 0, "ContToPF": 0, "ContToGratFund": 0, "ContToOthFund": 0, "OthEmpBenftExpdr": 0, "TotEmployeeComp": 10669120, "AnyCompPaidToNonRes": "N"}, "Insurances": {"MedInsur": 0, "LifeInsur": 0, "KeyManInsur": 0, "OthInsur": 0, "TotInsurances": 0}, "StaffWelfareExp": 0, "Entertainment": 0, "Hospitality": 0, "Conference": 0, "SalePromoExp": 0, "Advertisement": 433617, "CommissionExpdrDtls": {"NonResOtherCompany": 0, "Others": 110000, "Total": 110000}, "RoyalityDtls": {"NonResOtherCompany": 0, "Others": 0, "Total": 0}, "ProfessionalConstDtls": {"NonResOtherCompany": 0, "Others": 4804998, "Total": 4804998}, "HotelBoardLodge": 0, "TravelExp": 209583, "ForeignTravelExp": 0, "ConveyanceExp": 0, "TelephoneExp": 37116, "GuestHouseExp": 0, "ClubExp": 0, "FestivalCelebExp": 0, "Scholarship": 0, "Gift": 0, "Donation": 0, "RatesTaxesPays": {"ExciseCustomsVAT": {"UnionExciseDuty": 0, "ServiceTax": 0, "VATorSaleTax": 0, "Cess": 0, "CentralGoodServiceTax": 0, "StateGoodServiceTax": 0, "IntegratedGoodServiceTax": 0, "UnionTerrGoodServiceTax": 0, "OthDutyTaxCess": 24453, "TotExciseCustomsVAT": 24453}}, "AuditFee": 61000, "OtherExpensesDtls": [{"ExpenseNature": "Miscellaneous expenses", "Amount": 32200}, {"ExpenseNature": "Foreign exchange fluctuation (net) - Loss", "Amount": 134127}, {"ExpenseNature": "Other Expenses", "Amount": 113870}, {"ExpenseNature": "Accounting Charges", "Amount": 72000}, {"ExpenseNature": "Cleaning Expense", "Amount": 72000}], "OtherExpenses": 424197, "BadDebtDtls": {"BadDebtAmtDtlsTotal": 0, "OthersPANNotAvlblDtlTotal": 0, "OthersAmtLt1Lakh": 0, "BadDebt": 0}, "ProvForBadDoubtDebt": 0, "OthProvisionsExpdr": 0, "PBIDTA": 2548481, "InterestExpdrtDtls": {"NonResOtherCompany": 0, "Others": 229690, "InterestExpdr": 229690}, "DepreciationAmort": 96099, "PBT": 2222692}, "TaxProvAppr": {"ProvForCurrTax": 568171, "ProvDefTax": -5309, "ProfitAfterTax": 1659830, "BalBFPrevYr": 0, "AmtAvlAppr": 1659830, "Appropriations": {"TrfToReserves": 0, "ProposedDividend": 0, "TaxOnDividend": 0, "AppropriationsCSR": 0, "AnyOtherAppr": 0, "TotAppropriations": 0}, "PartnerAccBalTrf": 1659830}}, "TotalNumOfMonths": 0, "TotalPrsumptvIncUs44EGoods": 0, "TotalPrsumptvIncUs44E": 0, "NoBooksOfAccPL": {"GrossReceipt": 0, "NetProfit": 0}}, "PARTA_PLIndAS": {"CreditsToPL": {"GrossProfitTrnsfFrmTrdAcc": 0, "OthIncome": {"RentInc": 0, "Comissions": 0, "Dividends": 0, "InterestInc": 0, "ProfitOnSaleFixedAsset": 0, "ProfitOnInvChrSTT": 0, "ProfitOnOthInv": 0, "ProfitOnCurrFluct": 0, "ProfitOnCnvInvntryToCapAsst": 0, "ProfitOnAgriIncome": 0, "MiscOthIncome": 0, "TotOthIncome": 0}, "TotCreditsToPL": 0}, "DebitsToPL": {"DebitPlAcnt": {"Freight": 0, "ConsumptionOfStores": 0, "PowerFuel": 0, "RentExpdr": 0, "RepairsBldg": 0, "RepairMach": 0, "EmployeeComp": {"SalsWages": 0, "Bonus": 0, "MedExpReimb": 0, "LeaveEncash": 0, "LeaveTravelBenft": 0, "ContToSuperAnnFund": 0, "ContToPF": 0, "ContToGratFund": 0, "ContToOthFund": 0, "OthEmpBenftExpdr": 0, "TotEmployeeComp": 0}, "Insurances": {"MedInsur": 0, "LifeInsur": 0, "KeyManInsur": 0, "OthInsur": 0, "TotInsurances": 0}, "StaffWelfareExp": 0, "Entertainment": 0, "Hospitality": 0, "Conference": 0, "SalePromoExp": 0, "Advertisement": 0, "CommissionExpdrDtls": {"NonResOtherCompany": 0, "Others": 0, "Total": 0}, "RoyalityDtls": {"NonResOtherCompany": 0, "Others": 0, "Total": 0}, "ProfessionalConstDtls": {"NonResOtherCompany": 0, "Others": 0, "Total": 0}, "HotelBoardLodge": 0, "TravelExp": 0, "ForeignTravelExp": 0, "ConveyanceExp": 0, "TelephoneExp": 0, "GuestHouseExp": 0, "ClubExp": 0, "FestivalCelebExp": 0, "Scholarship": 0, "Gift": 0, "Donation": 0, "RatesTaxesPays": {"ExciseCustomsVAT": {"UnionExciseDuty": 0, "ServiceTax": 0, "VATorSaleTax": 0, "Cess": 0, "CentralGoodServiceTax": 0, "StateGoodServiceTax": 0, "IntegratedGoodServiceTax": 0, "UnionTerrGoodServiceTax": 0, "OthDutyTaxCess": 0, "TotExciseCustomsVAT": 0}}, "AuditFee": 0, "OtherExpenses": 0, "BadDebtDtls": {"BadDebtAmtDtlsTotal": 0, "OthersPANNotAvlblDtlTotal": 0, "OthersAmtLt1Lakh": 0, "BadDebt": 0}, "ProvForBadDoubtDebt": 0, "OthProvisionsExpdr": 0, "PBIDTA": 0, "InterestExpdrtDtls": {"NonResOtherCompany": 0, "Others": 0, "InterestExpdr": 0}, "DepreciationAmort": 0, "PBT": 0}, "TaxProvAppr": {"ProvForCurrTax": 0, "ProvDefTax": 0, "ProfitAfterTax": 0, "BalBFPrevYr": 0, "AmtAvlAppr": 0, "Appropriations": {"TrfToReserves": 0, "ProposedDividend": 0, "TaxOnDividend": 0, "AppropriationsCSR": 0, "AnyOtherAppr": 0, "TotAppropriations": 0}, "PartnerAccBalTrf": 0}}, "OtherComprnsvInc": {"ItemsNotReclsfdPnL": {"ChangesInSurplus": 0, "ReMesDefinedBenftPlans": 0, "EquityOCI": 0, "FairValFVTPl": 0, "ShareOfOtherComprInc": 0, "OthersTotal": 0, "IncomeTaxNotPnL": 0, "TotalNotPnL": 0}, "ItemsReclsfdPnL": {"ExchangeDiff": 0, "DebtsOCI": 0, "EffecPortionGainnLoss": 0, "ShareOCI": 0, "OthersTotal": 0, "IncomeTaxReclsPnL": 0, "TotalPnL": 0}, "TotalComprIncome": 0}}, "PARTA_OI": {"MethodOfAcct": "MERC", "ChangeInAcctMethFlg": "N", "ProfDeviatDueAcctMeth": 0, "DecProOrIncLossUs145_2": 0, "MethodOfValClgStk": {"ValRawMaterial": "1", "ValFinishedGoods": "1", "ChngStockValMetFlg": "N"}, "NoCredToPLAmt": {"Section28Items": 0, "ProformaCreditsDue": 0, "PrevYrEscalClaim": 0, "OthItemInc": 0, "CapReceipt": 0, "TotNoCredToPLAmt": 0}, "AmtDisallUs36": {"StkInsurPrem": 0, "EmpHealthInsurPrem": 0, "EmpBonusCommSum": 0, "IntOnBorrCap": 0, "ZeroCoupBondDisc": 0, "RecogPFContribAmt": 0, "AppSuperAnnFundAmt": 0, "PensionSchemeSec80CCD": 0, "AppGratFundAmt": 0, "OthFundAmt": 0, "EmpContributionCredits": 2856, "BadDebtDoubtAmt": 0, "BadDebtDoubtProvn": 0, "SpecResrvTranfr": 0, "FamPlanPromoExp": 0, "SecuritiesPaidAmt": 0, "MrktLossOthExpLossICDS": 0, "AnyOthDisallowance": 0, "TotAmtDisallUs36": 2856}, "AmtDisallUs37": {"CapitalNatureExp": 0, "PersonalExp": 0, "BusOrProfessnExp": 0, "PoliticPartyExp": 0, "LawVoilatPenalExp": 0, "OthPenalFineExp": 0, "OffenceExp": 0, "SocialRespCSR": 0, "ContigentLiability": 0, "OthAmtNotAllowUs37": 5454, "TotAmtDisallUs37": 5454}, "AmtDisallUs40": {"NonCompChapXVIIBAmt": 0, "NonComp40aiaChapXVIIBAmt": 0, "NonComp40aibChapXVIIBAmt": 0, "NonComp40aiiiChapXVIIBAmt": 0, "TaxAmtOnProfits": 0, "WTAmt": 0, "RolyatyOrServiceFee": 0, "IntSalBonPartner": 0, "AnyOthDisallowance": 0, "TotAmtDisallUs40": 0, "AnyAmtOfSec40AllowPrevYr": 0}, "AmtDisallUs40A": {"AmtPaidUs40A2b": 0, "AmtGT20kCash": 0, "ProvPmtGrat": 0, "ContToSetupTrust": 0, "AnyOthDisallowance": 0, "TotAmtDisallUs40A": 0}, "AmtDisallUs43BPyNowAll": {"AmtUs43B": {"TaxDutyCesAmt": 0, "ContToEmpPFSFGF": 0, "EmpBonusComm": 0, "IntPayaleToFI": 0, "SumPayaleLoanBrToFinComp": 0, "IntPayaleToFISchBank": 0, "LeaveEncashPayable": 0, "RailwayAsstsPyble": 0, "TotAmtUs43b": 0}}, "AmtDisall43B": {"AmtUs43B": {"TaxDutyCesAmt": 0, "ContToEmpPFSFGF": 0, "EmpBonusComm": 0, "IntPayaleToFI": 0, "SumPayaleLoanBrToFinComp": 0, "IntPayaleToFISchBank": 0, "LeaveEncashPayable": 0, "RailwayAsstsPyble": 0, "TotAmtUs43b": 0}}, "AmtExciseCustomsVATOutstanding": {"ExciseCustomsVAT": {"TotExciseCustomsVAT": 0}}, "DeemedProfUs33ABs": 0, "DeemedProfUs33AB": 0, "DeemedProfUs33ABA": 0, "ProfTaxAmtUs41": 0, "PriorAmtIncCrDrPL": 0, "AmountOfExpDisAllwUs14A": 0, "ScheduleTPSAFlg": "N"}, "CorpScheduleBP": {"BusinessIncOthThanSpec": {"ProfBfrTaxPL": 2222692, "NetPLFromSpecBus": 0, "NetProfLossSpecifiedBus": 0, "IncRecCredPLOthHeadDtls": {"HouseProperty": 0, "CapitalGains": 0, "OtherSources": 0, "Dividend": 0, "OtherThanDividend": 0, "UnderSec115BBF": 0, "UnderSec115BBG": 0}, "PLUs44sChapXIIGOthrUs115B": 0, "ProfitLossInclRefrdSec": {"ProfitLossUs44AE": 0, "ProfitLossUs44B": 0, "ProfitLossUs44BB": 0, "ProfitLossUs44BBA": 0, "ProfitLossUs44BBB": 0, "ProfitLossUs44D": 0, "ProfitLossUs44DA": 0, "ProfitChapterXIIG": 0, "FirstSchITActOthr115B": 0}, "PLUs44sChapXIIGUs115B": 0, "TotalProfitFrmActCvrd": 0, "ProfitFrmActCvrd": {"ProfitFrmActCvrdUndrRule7": 0, "ProfitFrmActCvrdUndrRule7A": 0, "ProfitFrmActCvrdUndrRule7B1": 0, "ProfitFrmActCvrdUndrRule7B1A": 0, "ProfitFrmActCvrdUndrRule8": 0}, "IncCredPL": {"FirmShareInc": 0, "AOPBOISharInc": 0, "OthExempInc": 0, "TotExempInc": 0}, "BalancePLOthThanSpecBus": 2222692, "ExpDebToPLOthHeadDtls": {"HouseProperty": 0, "CapitalGains": 0, "OtherSources": 0, "UnderSec115BBF": 0, "UnderSec115BBG": 0}, "ExpDebToPLExemptInc": 0, "ExpDebToPLExemptIncDisAllwUs14A": 0, "TotExpDebPL": 0, "AdjustedPLOthThanSpecBus": 2222692, "DepreciationDebPLCosAct": 96099, "DepreciationAllowITAct32": {"DepreciationAllowUs32_1_ii": 74722, "DepreciationAllowUs32_1_i": 0, "TotDeprAllowITAct": 74722}, "AdjustPLAfterDeprOthSpecInc": 2244069, "AmtDebPLDisallowUs36": 2856, "AmtDebPLDisallowUs37": 5454, "AmtDebPLDisallowUs40": 0, "AmtDebPLDisallowUs40A": 0, "AmtDebPLDisallowUs43B": 0, "InterestDisAllowUs23SMEAct": 0, "DeemIncUs41": 0, "DeemIncUs3380HHD80IA": 0, "DeemIncUs32AC": 0, "DeemIncUs32AD": 0, "DeemIncUs33AB": 0, "DeemIncUs33ABA": 0, "DeemIncUs35ABA": 0, "DeemIncUs35ABB": 0, "DeemIncUs35AC": 0, "DeemIncUs40A3A": 0, "DeemIncUs33AC": 0, "DeemIncUs72A": 0, "DeemIncUs80HHD": 0, "DeemIncUs80IA": 0, "DeemIncUs43CA": 0, "OthItemDisallowUs28To44DA": 0, "AnyOthIncNotInclInExpDisallowPL": 0, "SalaryExpDisallowPL": 0, "BonusExpDisallowPL": 0, "CommissionExpDisallowPL": 0, "InterestExpDisallowPL": 0, "OthersExpDisallowPL": 0, "IncProfDecLossAccICDSAdj": 0, "TotAfterAddToPLDeprOthSpecInc": 8310, "DeductUs32_1_iii": 0, "Amt32AC": 0, "DebPLUs35ExcessAmt": 0, "AmtDisallUs40NowAllow": 0, "AmtDisallUs43BNowAllow": 0, "AnyOthAmtAllDeduct": 0, "DecProfIncLossAccICDSAdj": 0, "TotDeductionAmts": 0, "PLAftAdjDedBusOthThanSpec": 2252379, "DeemedProfitBusUs": {"Section44AE": 0, "Section44B": 0, "Section44BB": 0, "Section44BBA": 0, "Section44BBB": 0, "Section44D": 0, "Section44DA": 0, "ChapterXIIG": 0, "FirstSchTActOther": 0, "TotDeemedProfitBusUs": 0}, "NetPLAftAdjBusOthThanSpec": 2252379, "NetPLBusOthThanSpec7A7B7C": 2252379, "ChrgblIncUndrRule7": 0, "DeemedChrgblIncUndrRule7A": 0, "DeemedChrgblIncUndrRule7B1": 0, "DeemedChrgblIncUndrRule7B1A": 0, "DeemedChrgblIncUndrRule8": 0, "IncomeOtherThanRule": 2252379, "BalIncDeemedFrmAgri": 0}, "SpecBusinessInc": {"NetPLFrmSpecBus": 0, "AdditionUs28to44DA": 0, "DeductUs28to44DA": 0, "AdjustedPLFrmSpecuBus": 0}, "IncSpecifiedBusiness": {"NetPLFrmSpecifiedBus": 0, "AddSec28to44DA": 0, "DedSec28to44DAOTDedSec35AD": 0, "ProfitLossSpecifiedBusiness": 0, "DedSec35AD1": 0, "ProfitLossSpecifiedBusFinal": 0}, "IncChrgUnHdProftGain": 2252379, "BusSetoffCurrYr": {"LossSetOffOnBusLoss": 0, "SpeculativeInc": {"IncOfCurYrUnderThatHead": 0, "BusLossSetoff": 0, "IncOfCurYrAfterSetOff": 0}, "SpecifiedInc": {"IncOfCurYrUnderThatHead": 0, "BusLossSetoff": 0, "IncOfCurYrAfterSetOff": 0}, "TotLossSetOffOnBus": 0, "LossRemainSetOffOnBus": 0}}, "ScheduleDPM": {"PlantMachinery": {"Rate15": {"DepreciationDetail": {"WDVFirstDay": 8917, "AdditionsGrThan180Days": 9321, "RealizationTotalPeriod": 0, "FullRateDeprAmt": 18238, "AdditionsLessThan180Days": 0, "RealizationPeriodDuringYear": 0, "HalfRateDeprAmt": 0, "DepreciationAtFullRate": 2736, "DepreciationAtHalfRate": 0, "TotalDepreciation": 2736, "DepDisAllowUs38_2": 0, "NetAggregateDepreciation": 2736, "ProportionateAggDepreciation": 0, "ExpdrOnTrforSaleAsset": 0, "CapGainUs50": 0, "WDVLastDay": 15502}}, "Rate40": {"DepreciationDetail": {"WDVFirstDay": 95679, "AdditionsGrThan180Days": 32033, "RealizationTotalPeriod": 0, "FullRateDeprAmt": 127712, "AdditionsLessThan180Days": 5169, "RealizationPeriodDuringYear": 0, "HalfRateDeprAmt": 5169, "DepreciationAtFullRate": 51085, "DepreciationAtHalfRate": 1034, "TotalDepreciation": 52119, "DepDisAllowUs38_2": 0, "NetAggregateDepreciation": 52119, "ProportionateAggDepreciation": 0, "ExpdrOnTrforSaleAsset": 0, "CapGainUs50": 0, "WDVLastDay": 80762}}}}, "ScheduleDOA": {"Land": {"DepreciationDetail": {"WDVFirstDay": 0, "WDVLastDay": 0}}, "Building": {"Rate5": {"DepreciationDetail": {"WDVFirstDay": 0, "AdditionsGrThan180Days": 0, "RealizationTotalPeriod": 0, "FullRateDeprAmt": 0, "AdditionsLessThan180Days": 0, "RealizationPeriodDuringYear": 0, "HalfRateDeprAmt": 0, "DepreciationAtFullRate": 0, "DepreciationAtHalfRate": 0, "TotalDepreciation": 0, "DepDisAllowUs38_2": 0, "NetAggregateDepreciation": 0, "ProportionateAggDepreciation": 0, "ExpdrOnTrforSaleAsset": 0, "CapGainUs50": 0, "WDVLastDay": 0}}, "Rate10": {"DepreciationDetail": {"WDVFirstDay": 0, "AdditionsGrThan180Days": 0, "RealizationTotalPeriod": 0, "FullRateDeprAmt": 0, "AdditionsLessThan180Days": 0, "RealizationPeriodDuringYear": 0, "HalfRateDeprAmt": 0, "DepreciationAtFullRate": 0, "DepreciationAtHalfRate": 0, "TotalDepreciation": 0, "DepDisAllowUs38_2": 0, "NetAggregateDepreciation": 0, "ProportionateAggDepreciation": 0, "ExpdrOnTrforSaleAsset": 0, "CapGainUs50": 0, "WDVLastDay": 0}}, "Rate40": {"DepreciationDetail": {"WDVFirstDay": 0, "AdditionsGrThan180Days": 0, "RealizationTotalPeriod": 0, "FullRateDeprAmt": 0, "AdditionsLessThan180Days": 0, "RealizationPeriodDuringYear": 0, "HalfRateDeprAmt": 0, "DepreciationAtFullRate": 0, "DepreciationAtHalfRate": 0, "TotalDepreciation": 0, "DepDisAllowUs38_2": 0, "NetAggregateDepreciation": 0, "ProportionateAggDepreciation": 0, "ExpdrOnTrforSaleAsset": 0, "CapGainUs50": 0, "WDVLastDay": 0}}}, "FurnitureFittings": {"Rate10": {"DepreciationDetail": {"WDVFirstDay": 39095, "AdditionsGrThan180Days": 128009, "RealizationTotalPeriod": 0, "FullRateDeprAmt": 167104, "AdditionsLessThan180Days": 7345, "RealizationPeriodDuringYear": 0, "HalfRateDeprAmt": 7345, "DepreciationAtFullRate": 16711, "DepreciationAtHalfRate": 367, "TotalDepreciation": 17078, "DepDisAllowUs38_2": 0, "NetAggregateDepreciation": 17078, "ProportionateAggDepreciation": 0, "ExpdrOnTrforSaleAsset": 0, "CapGainUs50": 0, "WDVLastDay": 157371}}}, "IntangibleAssets": {"Rate25": {"DepreciationDetail": {"WDVFirstDay": 11156, "AdditionsGrThan180Days": 0, "RealizationTotalPeriod": 0, "FullRateDeprAmt": 11156, "AdditionsLessThan180Days": 0, "RealizationPeriodDuringYear": 0, "HalfRateDeprAmt": 0, "DepreciationAtFullRate": 2789, "DepreciationAtHalfRate": 0, "TotalDepreciation": 2789, "DepDisAllowUs38_2": 0, "NetAggregateDepreciation": 2789, "ProportionateAggDepreciation": 0, "ExpdrOnTrforSaleAsset": 0, "CapGainUs50": 0, "WDVLastDay": 8367}}}, "Ships": {"Rate20": {"DepreciationDetail": {"WDVFirstDay": 0, "AdditionsGrThan180Days": 0, "RealizationTotalPeriod": 0, "FullRateDeprAmt": 0, "AdditionsLessThan180Days": 0, "RealizationPeriodDuringYear": 0, "HalfRateDeprAmt": 0, "DepreciationAtFullRate": 0, "DepreciationAtHalfRate": 0, "TotalDepreciation": 0, "DepDisAllowUs38_2": 0, "NetAggregateDepreciation": 0, "ProportionateAggDepreciation": 0, "ExpdrOnTrforSaleAsset": 0, "CapGainUs50": 0, "WDVLastDay": 0}}}}, "ScheduleDEP": {"SummaryFromDeprSch": {"PlantMachinerySummary": {"DeprBlockTot15Percent": 2736, "DeprBlockTot30Percent": 0, "DeprBlockTot40Percent": 52119, "DeprBlockTot45Percent": 0, "TotPlntMach": 54855}, "FurnitureSummary": 17078, "IntangibleAssetSummary": 2789, "TotalDepreciation": 74722}}, "ScheduleDCG": {"SummaryFromDeprSchCG": {"PlantMachinerySummaryCG": {"DeprBlockTot15Percent": 0, "DeprBlockTot30Percent": 0, "DeprBlockTot40Percent": 0, "DeprBlockTot45Percent": 0, "TotPlntMach": 0}, "BuildingSummaryCG": {"DeprBlockTot5Percent": 0, "DeprBlockTot10Percent": 0, "DeprBlockTot40Percent": 0, "TotBuildng": 0}, "FurnitureSummary": 0, "IntangibleAssetSummary": 0, "ShipsSummary": 0, "TotalDepreciation": 0}}, "ScheduleCYLA": {"BusProfExclSpecProf": {"IncCYLA": {"IncOfCurYrUnderThatHead": 2252379, "IncOfCurYrAfterSetOff": 2252379}}, "STCG15Per": {"IncCYLA": {"IncOfCurYrUnderThatHead": 0, "IncOfCurYrAfterSetOff": 0}}, "STCG30Per": {"IncCYLA": {"IncOfCurYrUnderThatHead": 0, "IncOfCurYrAfterSetOff": 0}}, "STCGAppRate": {"IncCYLA": {"IncOfCurYrUnderThatHead": 0, "IncOfCurYrAfterSetOff": 0}}, "STCGDTAARate": {"IncCYLA": {"IncOfCurYrUnderThatHead": 0, "IncOfCurYrAfterSetOff": 0}}, "LTCG10Per": {"IncCYLA": {"IncOfCurYrUnderThatHead": 0, "IncOfCurYrAfterSetOff": 0}}, "LTCG20Per": {"IncCYLA": {"IncOfCurYrUnderThatHead": 0, "IncOfCurYrAfterSetOff": 0}}, "LTCGDTAARate": {"IncCYLA": {"IncOfCurYrUnderThatHead": 0, "IncOfCurYrAfterSetOff": 0}}}, "ScheduleBFLA": {"HP": {"IncBFLA": {"IncOfCurYrUndHeadFromCYLA": 0, "IncOfCurYrAfterSetOffBFLosses": 0}}, "BusProfExclSpecProf": {"IncBFLA": {"IncOfCurYrUndHeadFromCYLA": 2252379, "IncOfCurYrAfterSetOffBFLosses": 2252379}}, "SpeculationIncome": {"IncBFLA": {"IncOfCurYrUndHeadFromCYLA": 0, "IncOfCurYrAfterSetOffBFLosses": 0}}, "SpecifiedBusIncome": {"IncBFLA": {"IncOfCurYrUndHeadFromCYLA": 0, "IncOfCurYrAfterSetOffBFLosses": 0}}, "STCG15Per": {"IncBFLA": {"IncOfCurYrUndHeadFromCYLA": 0, "IncOfCurYrAfterSetOffBFLosses": 0}}, "STCG30Per": {"IncBFLA": {"IncOfCurYrUndHeadFromCYLA": 0, "IncOfCurYrAfterSetOffBFLosses": 0}}, "STCGAppRate": {"IncBFLA": {"IncOfCurYrUndHeadFromCYLA": 0, "IncOfCurYrAfterSetOffBFLosses": 0}}, "STCGDTAARate": {"IncBFLA": {"IncOfCurYrUndHeadFromCYLA": 0, "IncOfCurYrAfterSetOffBFLosses": 0}}, "LTCG10Per": {"IncBFLA": {"IncOfCurYrUndHeadFromCYLA": 0, "IncOfCurYrAfterSetOffBFLosses": 0}}, "LTCG20Per": {"IncBFLA": {"IncOfCurYrUndHeadFromCYLA": 0, "IncOfCurYrAfterSetOffBFLosses": 0}}, "LTCGDTAARate": {"IncBFLA": {"IncOfCurYrUndHeadFromCYLA": 0, "IncOfCurYrAfterSetOffBFLosses": 0}}, "OthSrcExclRaceHorse": {"IncBFLA": {"IncOfCurYrUndHeadFromCYLA": 0, "BFUnabsorbedDeprSetoff": 0, "BFAllUs35Cl4Setoff": 0, "IncOfCurYrAfterSetOffBFLosses": 0}}, "ProfitFrmRaceHorse": {"IncBFLA": {"IncOfCurYrUndHeadFromCYLA": 0, "IncOfCurYrAfterSetOffBFLosses": 0}}, "IncOSDTAA": {"IncBFLA": {"IncOfCurYrUndHeadFromCYLA": 0, "BFUnabsorbedDeprSetoff": 0, "BFAllUs35Cl4Setoff": 0, "IncOfCurYrAfterSetOffBFLosses": 0}}, "TotalBFLossSetOff": {"TotBFLossSetoff": 0, "TotUnabsorbedDeprSetoff": 0, "TotAllUs35cl4Setoff": 0}, "IncomeOfCurrYrAftCYLABFLA": 2252379}, "ScheduleCFL": {"TotalOfBFLossesEarlierYrs": {"LossSummaryDetail": {"TotalHPPTILossCF": 0, "BroughtFrwdBusLossSetOffDrYr": 0, "LossFrmSpecBusCF": 0, "LossFrmSpecifiedBusCF": 0, "TotalSTCGPTILossCF": 0, "TotalLTCGPTILossCF": 0, "OthSrcLossRaceHorseCF": 0}}, "AdjTotBFLossInBFLA": {"LossSummaryDetail": {"TotalHPPTILossCF": 0, "BroughtFrwdBusLossSetOffDrYr": 0, "LossFrmSpecBusCF": 0, "LossFrmSpecifiedBusCF": 0, "LossFrmLifeInsBusUs115B": 0, "TotalSTCGPTILossCF": 0, "TotalLTCGPTILossCF": 0, "OthSrcLossRaceHorseCF": 0}}, "CurrentAYloss": {"LossSummaryDetail": {"TotalHPPTILossCF": 0, "BroughtFrwdBusLossSetOffDrYr": 0, "LossFrmSpecBusCF": 0, "LossFrmSpecifiedBusCF": 0, "LossFrmLifeInsBusUs115B": 0, "TotalSTCGPTILossCF": 0, "TotalLTCGPTILossCF": 0, "OthSrcLossRaceHorseCF": 0}}, "CurrentYearDistrUnitHolder": {"LossSummaryDetail": {"TotalHPPTILossCF": 0, "TotalSTCGPTILossCF": 0, "TotalLTCGPTILossCF": 0, "OthSrcLossRaceHorseCF": 0}}, "CurrentYearLossCF": {"LossSummaryDetail": {"TotalHPPTILossCF": 0, "BroughtFrwdBusLossSetOffDrYr": 0, "LossFrmSpecBusCF": 0, "LossFrmSpecifiedBusCF": 0, "TotalSTCGPTILossCF": 0, "TotalLTCGPTILossCF": 0, "OthSrcLossRaceHorseCF": 0}}, "TotalLossCFSummary": {"LossSummaryDetail": {"TotalHPPTILossCF": 0, "LossFrmSpecBusCF": 0, "LossFrmSpecifiedBusCF": 0, "LossFrmLifeInsBusUs115B": 0, "TotalSTCGPTILossCF": 0, "TotalLTCGPTILossCF": 0, "OthSrcLossRaceHorseCF": 0}}}, "Schedule80G": {"TotalDonationsUs80GCash": 0, "TotalDonationsUs80GOtherMode": 0, "TotalDonationsUs80G": 0, "TotalEligibleDonationsUs80G": 0}, "ScheduleVIA": {"UsrDeductUndChapVIA": {"Section80G": 0, "Section80GGA": 0, "Section80GGB": 0, "Section80GGC": 0, "TotPartBchapterVIA": 0, "Section80IA": 0, "Section80IAB": 0, "Section80IAC": 0, "Section80IBA": 0, "Section80IB": 0, "Section80IC": 0, "Section80JJA": 0, "Section80JJAA": 0, "Section80LA": 0, "Section80LA_1A": 0, "Section80M": 0, "Section80M_OS": 0, "Section80M_BP": 0, "Section80PA": 0, "TotPartCchapterVIA": 0, "TotalChapVIADeductions": 0}, "DeductUndChapVIA": {"Section80G": 0, "Section80GGA": 0, "Section80GGB": 0, "Section80GGC": 0, "TotPartBchapterVIA": 0, "Section80IA": 0, "Section80IAB": 0, "Section80IAC": 0, "Section80IBA": 0, "Section80IB": 0, "Section80IC": 0, "Section80JJA": 0, "Section80JJAA": 0, "Section80LA": 0, "Section80LA_1A": 0, "Section80M": 0, "Section80M_OS": 0, "Section80M_BP": 0, "Section80PA": 0, "TotPartCchapterVIA": 0, "TotalChapVIADeductions": 0}}, "ScheduleSI": {"SplCodeRateTax": [{"SecCode": "DTAASTCG", "SplRatePercent": 1, "SplRateInc": 0, "SplRateIncTax": 0}], "TotSplRateInc": 0, "TotSplRateIncTax": 0}, "ScheduleMAT": {"PLAcntPrepSchedVICompAct": "1", "PLAcntPrepAsperAGM": "1", "ProfAfterTaxPLAcnt": 0, "Additions": {"ITPaidInclDefTax": 0, "ResvrNo33AC": 0, "ProvUncertainLiab": 0, "ProvLossOfSubsComp": 0, "DividendPaidOrProposed": 0, "ExpendExempIncUs10s": 0, "ExpAopBoi": 0, "ExpClauseFb": 0, "NotLossClauseFc": 0, "NotLossUs115bbf": 0, "DepreciatAttribToRevalAsset": 0, "GainClauseK": 0, "Others": 0, "TotAdditions": 0}, "Deducts": {"AmtWithdrawFromResvrIfCredPL": 0, "IncExempIncUs10s": 0, "AmtWithdrawFromResvrIfCredPLNoAttrib": 0, "ShareIncAopBoi": 0, "IncClauseiid": 0, "NotGainClauseiie": 0, "LossTrnsClauseiif": 0, "LossTrnsClauseiig": 0, "UnAbsorbedDepreciat": 0, "ProSickIndustryOrExcedAccumLos": 0, "Others": 0, "TotDeducts": 0}, "BookProfUs115JB": 0, "FinancialStamentFlag": "N", "AdditionsProfUs115JB": {"AmountsCredited": 0, "AmountsDebited": 0, "OneFifthTransitionAmt": 0, "OthersInclResidualAdjust": 0, "TotalAdditions": 0}, "DeductionsProfUs115JB": {"AmountsCredited": 0, "AmountsDebited": 0, "OneFifthTransitionAmt": 0, "OthersInclResidualAdjust": 0, "TotalAdditions": 0}, "DeemedTotalIncUs115JB": 0, "DeemedTotalIncUs115JBIFSC": 0, "DeemedTotalIncUs115JBOther": 0, "TaxPayableUs115JB": 0}, "ScheduleSH": {"ShrhldngUnlistedCompany": {"SHUnlistedCompanyFlag": "N", "DtlsSHEndPreviousYearUC": [{"ShareholderName": "LOKESH SETHIA", "ResidentialStatus": "RES", "ShareType": "ES", "PAN": "BPUPS2658E", "AllotmentDate": "2018-07-04", "NumberOfSharesHeld": 5000, "FaceValuePerShare": 10, "IssuePricePerShare": 10, "AmountReceived": 50000}, {"ShareholderName": "PROSENJEET CHAKARBORTY", "ResidentialStatus": "RES", "ShareType": "ES", "PAN": "AKRPC5610P", "AllotmentDate": "2018-07-04", "NumberOfSharesHeld": 5000, "FaceValuePerShare": 10, "IssuePricePerShare": 10, "AmountReceived": 50000}]}}, "ScheduleAL": {"AsstLiabilitiesUnlistedCompany": {"ALUnlistedCompanyFlag": "Y", "DtlsLiabilitiesUC": [{"PersonName": "Gautam Sethia HUF", "PAN": "AADHJ2157A", "OpeningBalance": 850000, "AmountReceived": 0, "AmountPaid": 879426, "InterestCredited": 28426, "ClosingBalance": 0, "InterestRate": 12}, {"PersonName": "Gautam Sethia", "PAN": "AARPJ1266C", "OpeningBalance": 1400000, "AmountReceived": 0, "AmountPaid": 686587, "InterestCredited": 117587, "ClosingBalance": 750000, "InterestRate": 12}, {"PersonName": "Lokesh Sethia", "PAN": "BPUPS2658E", "OpeningBalance": 950000, "AmountReceived": 0, "AmountPaid": 998630, "InterestCredited": 48630, "ClosingBalance": 0, "InterestRate": 12}, {"PersonName": "Shweta Sethia", "PAN": "BMPPB3783F", "OpeningBalance": 320000, "AmountReceived": 0, "AmountPaid": 331078, "InterestCredited": 11078, "ClosingBalance": 0, "InterestRate": 12}]}}, "ScheduleGST": {"TurnoverGrsRcptForGSTIN": [{"GSTINNo": "27AAECI8970J1Z0", "AmtTurnGrossRcptGSTIN": 20380970}]}, "PartB-TI": {"IncomeFromHP": 0, "ProfBusGain": {"ProfGainNoSpecBus": 2252379, "ProfGainSpecBus": 0, "ProfGainSpecifiedBus": 0, "IncChrgblTaxSplRate": 0, "TotProfBusGain": 2252379}, "CapGain": {"ShortTerm": {"ShortTerm15Per": 0, "ShortTerm30Per": 0, "ShortTermAppRate": 0, "ShortTermSplRateDTAA": 0, "TotalShortTerm": 0}, "LongTerm": {"LongTerm10Per": 0, "LongTerm20Per": 0, "LongTermSplRateDTAA": 0, "TotalLongTerm": 0}, "TotalCapGains": 0}, "IncFromOS": {"OtherSrcThanOwnRaceHorse": 0, "IncChargblSplRate": 0, "FromOwnRaceHorse": 0, "TotIncFromOS": 0}, "TotalTI": 2252379, "CurrentYearLoss": 0, "BalanceAfterSetoffLosses": 2252379, "BroughtFwdLossesSetoff": 0, "GrossTotalIncome": 2252379, "IncChargeTaxSplRate111A112": 0, "DeductionsUndSchVIADtl": {"PartBchapterVIA": 0, "PartCchapterVIA": 0, "TotDeductUndSchVIA": 0}, "DeductionsUnder10Aor10AA": 0, "TotalIncome": 2252380, "IncChargeableTaxSplRates": 0, "IncChargeableTaxNormalRates": 2252380, "NetAgricultureIncomeOrOtherIncomeForRate": 0, "LossesOfCurrentYearCarriedFwd": 0, "DeemedTotIncSec115JB": 0}, "PartB_TTI": {"ComputationOfTaxLiability": {"TaxPayableOnDeemedTI": {"TaxDeemedTISec115JB": 0, "Surcharge": 0, "EducationCess": 0, "TotalTax": 0}, "TaxPayableOnTI": {"TaxAtNormalRates": 495524, "TaxAtSpecialRates": 0, "TaxPayableOnTotInc": 495524, "Surcharge25ofSI": 0, "SurchargeOnTaxPayable": 49552, "TotalSurcharge": 49552, "EducationCess": 21803, "GrossTaxLiability": 566879}, "GrossTaxPayable": 566879, "CredUs115JAATaxPaid": 0, "TaxPayableAfterCredUs115JAA": 566879, "TaxRelief": {"Section90": 0, "Section91": 0, "TotTaxRelief": 0}, "NetTaxLiability": 566879, "IntrstPay": {"IntrstPayUs234A": 0, "IntrstPayUs234B": 0, "IntrstPayUs234C": 0, "LateFilingFee234F": 0, "TotalIntrstPay": 0}, "AggregateTaxInterestLiability": 566879}, "TaxPaid": {"TaxesPaid": {"AdvanceTax": 0, "TDS": 1166177, "TCS": 0, "SelfAssessmentTax": 0, "TotalTaxesPaid": 1166177}, "BalTaxPayable": 0}, "Refund": {"RefundDue": 599300, "BankAccountDtls": {"BankDtlsFlag": "Y", "AddtnlBankDetails": [{"IFSCCode": "ICIC0000039", "BankName": "ICICI BANK", "BankAccountNo": "003905501599", "UseForRefund": "true"}]}}, "AssetOutsideIndiaFlg": "NO"}, "ScheduleTDS2": {"TDSOthThanSalaryDtls": [{"TDSCreditName": "S", "TANOfDeductor": "AHMC00356G", "TaxDeductCreditDtls": {"TaxDeductedOwnHands": 98465, "TaxClaimedOwnHands": 98465}, "GrossAmount": 984642, "HeadOfIncome": "BP", "AmtCarriedFwd": 0}, {"TDSCreditName": "S", "TANOfDeductor": "MUMK07700A", "TaxDeductCreditDtls": {"TaxDeductedOwnHands": 502510, "TaxClaimedOwnHands": 481819}, "GrossAmount": 4818190, "HeadOfIncome": "BP", "AmtCarriedFwd": 20691}, {"TDSCreditName": "S", "TANOfDeductor": "RTKK01221D", "TaxDeductCreditDtls": {"TaxDeductedOwnHands": 30509, "TaxClaimedOwnHands": 22509}, "GrossAmount": 225094, "HeadOfIncome": "BP", "AmtCarriedFwd": 8000}, {"TDSCreditName": "S", "TANOfDeductor": "HYDV03693E", "TaxDeductCreditDtls": {"TaxDeductedOwnHands": 219300, "TaxClaimedOwnHands": 219300}, "GrossAmount": 2193000, "HeadOfIncome": "BP", "AmtCarriedFwd": 0}, {"TDSCreditName": "S", "TANOfDeductor": "HYDI03624F", "TaxDeductCreditDtls": {"TaxDeductedOwnHands": 95244, "TaxClaimedOwnHands": 95244}, "GrossAmount": 952420, "HeadOfIncome": "BP", "AmtCarriedFwd": 0}, {"TDSCreditName": "S", "TANOfDeductor": "HYDI03624F", "TaxDeductCreditDtls": {"TaxDeductedOwnHands": 221512, "TaxClaimedOwnHands": 215714}, "GrossAmount": 2157140, "HeadOfIncome": "BP", "AmtCarriedFwd": 5798}, {"TDSCreditName": "S", "TANOfDeductor": "MUMR14063A", "TaxDeductCreditDtls": {"TaxDeductedOwnHands": 18577, "TaxClaimedOwnHands": 18577}, "GrossAmount": 185758, "HeadOfIncome": "BP", "AmtCarriedFwd": 0}, {"TDSCreditName": "S", "TANOfDeductor": "RKTT00405G", "TaxDeductCreditDtls": {"TaxDeductedOwnHands": 14549, "TaxClaimedOwnHands": 14549}, "GrossAmount": 145484, "HeadOfIncome": "BP", "AmtCarriedFwd": 0}], "TotalTDSonOthThanSals": 1166177}, "Verification": {"Declaration": {"AssesseeVerName": "LOKESH GAUTAM SETHIA", "FatherName": "GAUTAM SETHIA", "AssesseeVerPAN": "BPUPS2658E", "Capacity": "AS"}}}}}