{"ITR": {"ITR5": {"CreationInfo": {"SWVersionNo": "21.5", "SWCreatedBy": "SW20000026", "JSONCreatedBy": "SW20000026", "JSONCreationDate": "2022-02-15", "IntermediaryCity": "JAIPUR", "Digest": "b76djqo4q86lX68w3o87nhWcApi3bjOYugqzTjcaM9k="}, "Form_ITR5": {"FormName": "ITR-5", "Description": "For firms, AOPs and BOIs", "AssessmentYear": "2021", "SchemaVer": "Ver1.1", "FormVer": "Ver1.0"}, "PartA_GEN1": {"OrgFirmInfo": {"AssesseeName": {"SurNameOrOrgName": "SHREE BALA JI DHAM MARKETING"}, "PAN": "ACNFS0092D", "Address": {"ResidenceNo": "SHOP NO. 30", "LocalityOrArea": "NEW DHAN MANDI", "CityOrTownOrDistrict": "SRI GANGANAGAR", "StateCode": "27", "CountryCode": "91", "PinCode": 335001, "CountryCodeMobile": 91, "MobileNo": 9414479762, "EmailAddress": "ANEJAADV@GMAIL.COM"}, "DateOFFormOrIncorp": "2014-01-26", "StatusOrCompanyType": "1", "SubStatus": "10"}, "FilingStatus": {"ReturnFileSec": {"IncomeTaxSec": 11}, "BusinessTrustFlag": "N", "InvstmntFundRefrdSec115UB": "N", "ResidentialStatus": "RES", "ForeignExchangeFlag": "N", "StartUpDPIITFlag": "N", "InterMinisterialCertFlag": "N", "NRI_PE": "N", "FiiFpiFlag": "N", "AsseseeRepFlg": "N", "PartnerInFirmFlg": "N", "HeldUnlistedEqShrPrYrFlg": "N"}}, "PartA_GEN2": {"LiableSec44AAflg": "Y", "IncDclrdUs": "N", "TotalSalesExcOneCr": "N", "LiableSec44ABflg": "Y", "AuditedByAccountantFlg": "Y", "AuditInfo": {"AuditReportFurnishDate": "2022-02-15", "AuditorName": "RAJ KUMAR SINGHAL", "AuditorMemNo": "401909", "AudFrmName": "R H M S & COMPANY", "AudFrmRegNo": "0011508C", "AudFrmPAN": "APBPS5783A", "AuditDate": "2022-02-15"}, "LiableSec92Eflg": "N", "PrevYrMemPartChange": "N", "PartnerOrMemberInfo": [{"PartnerForeignCompFlg": "NO", "PartnerOrMemberName": "MANOJ BANSAL", "AddressDetailWithZipCode": {"AddrDetail": "SRI GANGANAGAR", "CityOrTownOrDistrict": "SRI GANGANAGAR", "StateCode": "27", "CountryCode": "91", "PinCode": 335001}, "SharePercentage": 50, "PAN": "AKLPB4412G", "AadhaarCardNo": "776841948203", "Status": "IND_WORKING", "RateOfInterest": 12, "RemunerationPaid": 58005}, {"PartnerForeignCompFlg": "NO", "PartnerOrMemberName": "ALKA BANSAL", "AddressDetailWithZipCode": {"AddrDetail": "SRI GANGANAGAR", "CityOrTownOrDistrict": "SRI GANGANAGAR", "StateCode": "27", "CountryCode": "91", "PinCode": 335001}, "SharePercentage": 50, "PAN": "BBAPB9526L", "AadhaarCardNo": "393224628023", "Status": "IND_WORKING", "RateOfInterest": 12, "RemunerationPaid": 58005}], "NatOfBus": {"NatureOfBusiness": [{"Code": "09027", "TradeName1": "SHREE BALA JI DHAM MARKETTING", "Description": "WHOLESALE AND RETAIL TRADE [Wholesale of other products n.e.c]"}]}}, "PARTA_BS": {"FundSrc": {"PartnerOrMemberFund": {"PartnerOrMemberCap": 1219540, "ResrNSurp": {"RevResr": 0, "CapResr": 0, "StatResr": 0, "OthResr": 0, "CreditBalOfPLAccount": 0, "TotResrNSurp": 0}, "TotPartnerOrMemberFund": 1219540}, "LoanFunds": {"SecrLoan": {"ForeignCurrLoan": 0, "RupeeLoan": {"FrmBank": 0, "FrmOthrs": 0, "TotRupeeLoan": 0}, "TotSecrLoan": 0}, "UnsecrLoan": {"ForeignCurrencyLoans": 0, "RupeeLoan": {"FrmBank": 0, "FrmPersonSpcfdUs40A2b": 0, "FrmOthrs": 420052, "TotRupeeLoan": 420052}, "TotUnSecrLoan": 420052}, "TotLoanFund": 420052}, "DeferredTax": 0, "Advances": {"FrmPersonSpcfdUs40A2b": 0, "FrmOthers": 0, "TotalAdvances": 0}, "TotFundSrc": 1639592}, "FundApply": {"FixedAsset": {"GrossBlock": 0, "Depreciation": 0, "NetBlock": 0, "CapWrkProg": 0, "TotFixedAsset": 0}, "Investments": {"LongTermInv": {"InvInProperty": 0, "EquityInstruments": {"ListedEquities": 0, "UnListedEquities": 0, "Total": 0}, "PreferenceShares": 0, "GovtOrTrustSecurities": 0, "DebenturesOrBonds": 0, "MutualFunds": 0, "Others": 0, "TotLongTermInv": 0}, "ShortTermInv": {"EquityInstruments": {"ListedEquities": 0, "UnListedEquities": 0, "Total": 0}, "PreferenceShares": 0, "GovtOrTrustSecurities": 0, "DebenturesOrBonds": 0, "MutualFunds": 0, "Others": 0, "TotShortTermInv": 0}, "TotInvestments": 0}, "CurrAssetLoanAdv": {"CurrAsset": {"Inventories": {"RawMatl": 0, "WorkInProgress": 0, "FinOrTradGood": 717007, "StkInTrade": 0, "StoresConsumables": 0, "LooseTools": 0, "Others": 0, "TotInventries": 717007}, "SundryDebtorDtls": {"OutstandindMorethanOneYr": 0, "Others": 686093, "TotalSundryDebtors": 686093}, "CashOrBankBal": {"BankBal": 61259, "CashinHand": 120604, "Others": 0, "TotCashOrBankBal": 181863}, "OthCurrAsset": 0, "TotCurrAsset": 1584963}, "LoanAdv": {"AdvRecoverable": 0, "Deposits": 56000, "BalWithRevAuth": 21940, "TotLoanAdv": 77940, "LoanAdvIncluded": {"PurposeOFBusOrProf": 0, "NotForPurposeOFBusOrProf": 0}}, "TotCurrAssetLoanAdv": 1662903, "CurrLiabilitiesProv": {"CurrLiabilities": {"SundryCreditorDtls": {"OutstandindMorethanOneYr": 0, "Others": 21640, "TotalSundryCreditors": 21640}, "LiabForLeasedAsset": 0, "AccrIntonLeasedAsset": 0, "AccrIntNotDue": 0, "IncRecvdInAdv": 0, "OtherPayables": 1671, "TotCurrLiabilities": 23311}, "Provisions": {"ITProvision": 0, "ELSuperAnnGratProvision": 0, "OthProvision": 0, "TotProvisions": 0}, "TotCurrLiabilitiesProvision": 23311}, "NetCurrAsset": 1639592}, "MiscAdjust": {"MiscExpndr": 0, "DefTaxAsset": 0, "AccumultedLosses": 0, "TotMiscAdjust": 0}, "TotFundApply": 1639592}}, "ManufacturingAccount": {"OpeningInventory": {"OpngStckRawMat": 0, "OpngStckWrkinPrgrs": 0, "OpngInvntryTotal": 0, "Purchases": 0, "DirectWages": 0, "DirectExpenses": 0, "CarriageInward": 0, "PowerAndFuel": 0, "OthDirectExpenses": 0, "IndirectWages": 0, "FactoryRentAndRates": 0, "FactoryInsurance": 0, "FactoryFuelAndPower": 0, "FactoryGeneralExpenses": 0, "DeprctnOfFactoryMachinery": 0, "TotalFactoryOverheads": 0, "TotalDebtsManfctrngAcc": 0}, "ClosingStock": {"ClsngStckRawMaterial": 0, "ClsngStckWrkInPrgrs": 0, "ClsngStckTotal": 0}, "CostOfGoodsPrdcd": 0}, "TradingAccount": {"SaleOfGoods": 13329111, "SaleOfServices": 0, "OperatingRevenueTotal": 0, "SalesGrossReceiptsTotal": 13329111, "GrossRcptFromProfession": 0, "ExciseCustomsVAT": {"UnionExciseDuty": 0, "ServiceTax": 0, "VATorSaleTax": 0, "CentralGoodServiceTax": 0, "StateGoodServiceTax": 0, "IntegratedGoodServiceTax": 0, "UnionTerrGoodServiceTax": 0, "OthDutyTaxCess": 0, "TotExciseCustomsVAT": 0}, "TotRevenueFrmOperations": 13329111, "ClsngStckOfFinishedStcks": 717007, "TardingAccTotCred": 14046118, "OpngStckOfFinishedStcks": 594106, "Purchases": 13423856, "DirectExpenses": 0, "CarriageInward": 0, "PowerAndFuel": 0, "OtherDirectExpenses": [], "DirectExpensesTotal": 0, "DutyTaxPay": {"ExciseCustomsVAT": {"CustomDuty": 0, "CounterVailDuty": 0, "SplAddDuty": 0, "UnionExciseDuty": 0, "ServiceTax": 0, "VATorSaleTax": 0, "CentralGoodServiceTax": 0, "StateGoodServiceTax": 0, "IntegratedGoodServiceTax": 0, "UnionTerrGoodServiceTax": 0, "OthDutyTaxCess": 0, "TotExciseCustomsVAT": 0}}, "GoodsCostPrdcdFrmMA": 0, "GrossProfitFrmBusProf": 28156}, "PARTA_PL": {"CreditsToPL": {"GrossProfitTrnsfFrmTrdAcc": 28156, "OthIncome": {"RentInc": 0, "Comissions": 0, "Dividends": 0, "InterestInc": 0, "ProfitOnSaleFixedAsset": 0, "ProfitOnInvChrSTT": 0, "ProfitOnOthInv": 0, "ProfitOnCurrFluct": 0, "ProfitOnCnvInvntryToCapAsst": 0, "ProfitOnAgriIncome": 0, "OtherIncDtls": [{"NatureOfIncome": "COMM. ON SALES", "Amount": 377133}, {"NatureOfIncome": "IT REFUND INTEREST", "Amount": 978}, {"NatureOfIncome": "Receipt/ Reimbursement(Salary)", "Amount": 72000}], "MiscOthIncome": 450111, "TotOthIncome": 450111}, "TotCreditsToPL": 478267}, "DebitsToPL": {"DebitPlAcnt": {"Freight": 0, "ConsumptionOfStores": 0, "PowerFuel": 21171, "RentExpdr": 0, "RepairsBldg": 0, "RepairMach": 0, "EmployeeComp": {"SalsWages": 150000, "Bonus": 0, "MedExpReimb": 0, "LeaveEncash": 0, "LeaveTravelBenft": 0, "ContToSuperAnnFund": 0, "ContToPF": 0, "ContToGratFund": 0, "ContToOthFund": 0, "OthEmpBenftExpdr": 0, "TotEmployeeComp": 150000, "AnyCompPaidToNonRes": "N", "AmtPaidToNonRes": 0}, "Insurances": {"MedInsur": 0, "LifeInsur": 0, "KeyManInsur": 0, "OthInsur": 0, "TotInsurances": 0}, "StaffWelfareExp": 0, "Entertainment": 0, "Hospitality": 0, "Conference": 0, "SalePromoExp": 0, "Advertisement": 0, "CommissionExpdrDtls": {"NonResOtherCompany": 0, "Others": 0, "Total": 0}, "RoyalityDtls": {"NonResOtherCompany": 0, "Others": 0, "Total": 0}, "ProfessionalConstDtls": {"NonResOtherCompany": 0, "Others": 0, "Total": 0}, "HotelBoardLodge": 0, "TravelExp": 0, "ForeignTravelExp": 0, "ConveyanceExp": 0, "TelephoneExp": 2950, "GuestHouseExp": 0, "ClubExp": 0, "FestivalCelebExp": 0, "Scholarship": 0, "Gift": 0, "Donation": 0, "RatesTaxesPays": {"ExciseCustomsVAT": {"UnionExciseDuty": 0, "ServiceTax": 0, "VATorSaleTax": 0, "Cess": 0, "CentralGoodServiceTax": 0, "StateGoodServiceTax": 0, "IntegratedGoodServiceTax": 0, "UnionTerrGoodServiceTax": 0, "OthDutyTaxCess": 0, "TotExciseCustomsVAT": 0}}, "AuditFee": 4100, "SalRemuneration": 116010, "OtherExpensesDtls": [{"ExpenseNature": "bank charges", "Amount": 353}, {"ExpenseNature": "Accounting Exp.", "Amount": 15100}, {"ExpenseNature": "OFFICE EXP.", "Amount": 22460}], "OtherExpenses": 37913, "BadDebtDtls": {"BadDebtAmtDtls": [], "BadDebtAmtDtlsTotal": 0, "OthersPANNotAvlblDtl": [], "OthersPANNotAvlblDtlTotal": 0, "OthersAmtLt1Lakh": 0, "BadDebt": 0}, "ProvForBadDoubtDebt": 0, "OthProvisionsExpdr": 0, "PBIDTA": 146123, "InterestExpdrtDtls": {"NonResOtherCompany": 0, "Others": 0, "ResPartners": 133233, "ResOthers": 0, "InterestExpdr": 133233}, "DepreciationAmort": 0, "PBT": 12890}, "TaxProvAppr": {"ProvForCurrTax": 0, "ProvDefTax": 0, "ProfitAfterTax": 12890, "BalBFPrevYr": 0, "AmtAvlAppr": 12890, "Appropriations": {"TrfToReserves": 0}, "PartnerAccBalTrf": 12890}}, "NatOfBus44AD": [], "PersumptiveInc44AD": {"GrsTrnOverOrReceipt": 0, "GrsTrnOverBank": 0, "GrsTrnOverAnyOthMode": 0, "TotPersumptiveInc44AD": 0, "PersumptiveInc44AD6Per": 0, "PersumptiveInc44AD8Per": 0}, "NatOfBus44ADA": [], "PersumptiveInc44ADA": {"GrsReceipt": 0, "TotPersumptiveInc44ADA": 0}, "NatOfBus44AE": [], "GoodsDtlsUs44AE": [], "TotalNumOfMonths": 0, "TotalPrsumptvIncUs44EGoods": 0, "TotalPrsumptvIncGCUs44E": 0, "SalRemrtnToPartnerFirm": 0, "TotalPrsumptvIncUs44E": 0, "NoBooksOfAccPL": {"GrossReceipt": 0, "GrsRcptAccPayeeOrBankMode": 0, "GrsRcptOtherMode": 0, "GrossProfit": 0, "Expenses": 0, "NetProfit": 0, "GrossReceiptPrf": 0, "GrsRcptAccPayeeOrBankModePrf": 0, "GrsRcptOtherModePrf": 0, "GrossProfitPrf": 0, "ExpensesPrf": 0, "NetProfitPrf": 0, "TotBusinessProfession": 0}, "TurnverFrmSpecActivity": 0, "GrossProfit": 0, "Expenditure": 0, "NetIncomeFrmSpecActivity": 0}, "PARTA_OI": {"MethodOfAcct": "MERC", "ChangeInAcctMethFlg": "N", "ProfDeviatDueAcctMeth": 0, "DecProOrIncLossUs145_2": 0, "NoCredToPLAmt": {"Section28Items": 0, "ProformaCreditsDue": 0, "PrevYrEscalClaim": 0, "OthItemInc": 0, "CapReceipt": 0, "TotNoCredToPLAmt": 0}, "AmtDisallUs36": {"StkInsurPrem": 0, "EmpHealthInsurPrem": 0, "EmpBonusCommSum": 0, "IntOnBorrCap": 0, "ZeroCoupBondDisc": 0, "RecogPFContribAmt": 0, "AppSuperAnnFundAmt": 0, "PensionSchemeSec80CCD": 0, "AppGratFundAmt": 0, "OthFundAmt": 0, "EmpContributionCredits": 0, "BadDebtDoubtAmt": 0, "BadDebtDoubtProvn": 0, "SpecResrvTranfr": 0, "FamPlanPromoExp": 0, "SecuritiesPaidAmt": 0, "MrktLossOthExpLossICDS": 0, "AnyOthDisallowance": 0, "ExpGovtApprovedSugarPrice": 0, "TotAmtDisallUs36": 0, "NoOfEmployeesEmployed": {"DeployedInIndia": 0, "DeployedOutSideIndia": 0, "Total": 0}}, "AmtDisallUs37": {"CapitalNatureExp": 0, "PersonalExp": 0, "BusOrProfessnExp": 0, "PoliticPartyExp": 0, "LawVoilatPenalExp": 0, "OthPenalFineExp": 0, "OffenceExp": 0, "ContigentLiability": 0, "OthAmtNotAllowUs37": 0, "TotAmtDisallUs37": 0}, "AmtDisallUs40": {"NonCompChapXVIIBAmt": 0, "NonComp40aiiChapXVIIBAmt": 0, "NonComp40aibChapXVIIBAmt": 0, "NonComp40aiiiChapXVIIBAmt": 0, "TaxAmtOnProfits": 0, "WTAmt": 0, "RolyatyOrServiceFee": 0, "IntSalBonPartner": 0, "AnyOthDisallowance": 0, "TotAmtDisallUs40": 0, "AnyAmtOfSec40AllowPrevYr": 0}, "AmtDisallUs40A": {"AmtPaidUs40A2b": 0, "AmtGT20kCash": 0, "ProvPmtGrat": 0, "ContToSetupTrust": 0, "AnyOthDisallowance": 0, "TotAmtDisallUs40A": 0}, "AmtDisallUs43BPyNowAll": {"AmtUs43B": {"TaxDutyCesAmt": 0, "ContToEmpPFSFGF": 0, "EmpBonusComm": 0, "IntPayaleToFI": 0, "SumPayaleLoanBrToFinComp": 0, "IntPayaleToFISchBank": 0, "LeaveEncashPayable": 0, "RailwayAsstsPyble": 0, "TotAmtUs43b": 0}}, "AmtDisall43B": {"AmtUs43B": {"TaxDutyCesAmt": 0, "ContToEmpPFSFGF": 0, "EmpBonusComm": 0, "IntPayaleToFI": 0, "SumPayaleLoanBrToFinComp": 0, "IntPayaleToFISchBank": 0, "LeaveEncashPayable": 0, "RailwayAsstsPyble": 0, "TotAmtUs43b": 0}}, "AmtExciseCustomsVATOutstanding": {"ExciseCustomsVAT": {"UnionExciseDuty": 0, "ServiceTax": 0, "VATorSaleTax": 0, "CentralGoodServiceTax": 0, "StateGoodServiceTax": 0, "IntegratedGoodServiceTax": 0, "UnionTerrGoodServiceTax": 0, "OthDutyTaxCess": 0, "TotExciseCustomsVAT": 0}}, "DeemedProfUs33ABs": 0, "DeemedProfUs33AB": 0, "DeemedProfUs33ABA": 0, "ProfTaxAmtUs41": 0, "PriorAmtIncCrDrPL": 0, "AmountOfExpDisAllwUs14A": 0, "DeemedProfUs33AC": 0, "ScheduleTPSAFlg": "N"}, "ScheduleHP": {"PropertyDetails": [], "PassThroghIncome": 0, "TotalIncomeChargeableUnHP": 0}, "CorpScheduleBP": {"BusinessIncOthThanSpec": {"ProfBfrTaxPL": 12890, "NetPLFromSpecBus": 0, "NetProfLossSpecifiedBus": 0, "IncRecCredPLOthHeadDtls": {"HouseProperty": 0, "CapitalGains": 0, "OtherSources": 0, "Dividend": 0, "OtherThanDividend": 0, "UnderSec115BBG": 0, "UnderSec115BBF": 0}, "PLUs44sChapXIIGOthrUs115B": 0, "ProfitLossInclRefrdSec": {"ProfitLossUs44AD": 0, "ProfitLossUs44ADA": 0, "ProfitLossUs44AE": 0, "ProfitLossUs44B": 0, "ProfitLossUs44BB": 0, "ProfitLossUs44BBA": 0, "ProfitLossUs44D": 0, "ProfitLossUs44DA": 0, "ProfitLossUs44DB": 0, "FirstSchITActOthr115B": 0}, "TotalProfitFrmActCvrd": 0, "ProfitFrmActCvrd": {"ProfitFrmActCvrdUndrRule7": 0, "ProfitFrmActCvrdUndrRule7A": 0, "ProfitFrmActCvrdUndrRule7B1": 0, "ProfitFrmActCvrdUndrRule7B1A": 0, "ProfitFrmActCvrdUndrRule8": 0}, "IncCredPL": {"FirmShareInc": 0, "AOPBOISharInc": 0, "OthExempInc": 0, "TotExempInc": 0}, "BalancePLOthThanSpecBus": 12890, "ExpDebToPLOthHeadDtls": {"HouseProperty": 0, "CapitalGains": 0, "OtherSources": 0, "Dividend": 0, "OtherThanDividend": 0, "UnderSec115BBG": 0, "UnderSec115BBF": 0}, "ExpDebToPLExemptInc": 0, "ExpDebToPLExemptIncDisAllwUs14A": 0, "TotExpDebPL": 0, "AdjustedPLOthThanSpecBus": 12890, "DepreciationDebPLCosAct": 0, "DepreciationAllowITAct32": {"DepreciationAllowUs32_1_ii": 0, "DepreciationAllowUs32_1_i": 0, "TotDeprAllowITAct": 0}, "AdjustPLAfterDeprOthSpecInc": 12890, "AmtDebPLDisallowUs36": 0, "AmtDebPLDisallowUs37": 0, "AmtDebPLDisallowUs40": 0, "AmtDebPLDisallowUs40A": 0, "AmtDebPLDisallowUs43B": 0, "InterestDisAllowUs23SMEAct": 0, "DeemIncUs41": 0, "DeemIncUs3380HHD80IA": 0, "DeemIncUs32AC": 0, "DeemIncUs32AD": 0, "DeemIncUs33AB": 0, "DeemIncUs33ABA": 0, "DeemIncUs35ABA": 0, "DeemIncUs35ABB": 0, "DeemIncUs35AC": 0, "DeemIncUs40A3A": 0, "DeemIncUs33AC": 0, "DeemIncUs72A": 0, "DeemIncUs80HHD": 0, "DeemIncUs80IA": 0, "DeemIncUs43CA": 0, "OthItemDisallowUs28To44DB": 0, "AnyOthIncNotInclInExpDisallowPL": 0, "SalaryExpDisallowPL": 0, "BonusExpDisallowPL": 0, "CommissionExpDisallowPL": 0, "InterestExpDisallowPL": 0, "OthersExpDisallowPL": 0, "IncProfDecLossAccICDSAdj": 0, "TotAfterAddToPLDeprOthSpecInc": 0, "DeductUs32_1_iii": 0, "DeductUs32AD": 0, "DebPLUs35ExcessAmt": 0, "AmtDisallUs40NowAllow": 0, "AmtDisallUs43BNowAllow": 0, "AnyOthAmtAllDeduct": 0, "DecProfIncLossAccICDSAdj": 0, "TotDeductionAmts": 0, "PLAftAdjDedBusOthThanSpec": 12890, "DeemedProfitBusUs": {"Section44AD": 0, "Section44ADA": 0, "Section44AE": 0, "Section44B": 0, "Section44BB": 0, "Section44BBA": 0, "Section44D": 0, "Section44DA": 0, "FirstSchTActOther": 0, "Section44DB": 0, "TotDeemedProfitBusUs": 0}, "NetPLAftAdjBusOthThanSpec": 12890, "NetPLBusOthThanSpec7A7B7C": 12890, "ChrgblIncUndrRule7": 0, "DeemedChrgblIncUndrRule7A": 0, "DeemedChrgblIncUndrRule7B1": 0, "DeemedChrgblIncUndrRule7B1A": 0, "DeemedChrgblIncUndrRule8": 0, "IncomeOtherThanRule": 12890, "BalIncDeemedFrmAgri": 0}, "SpecBusinessInc": {"NetPLFrmSpecBus": 0, "AdditionUs28to44DB": 0, "DeductUs28to44DB": 0, "AdjustedPLFrmSpecuBus": 0}, "IncSpecifiedBusiness": {"NetPLFrmSpecifiedBus": 0, "AddSec28to44DB": 0, "DedSec28to44DBOTDedSec35AD": 0, "ProfitLossSpecifiedBusiness": 0, "DedSec35AD": 0, "ProfitLossSpecifiedBusFinal": 0}, "IncChrgUnHdProftGain": 12890, "BusSetoffCurrYr": {"LossSetOffOnBusLoss": 0, "SpeculativeInc": {"IncOfCurYrUnderThatHead": 0, "BusLossSetoff": 0, "IncOfCurYrAfterSetOff": 0}, "SpecifiedInc": {"IncOfCurYrUnderThatHead": 0, "BusLossSetoff": 0, "IncOfCurYrAfterSetOff": 0}, "TotLossSetOffOnBus": 0, "LossRemainSetOffOnBus": 0}}, "ScheduleDPM": {"PlantMachinery": {"Rate15": {"DepreciationDetail": {"WDVFirstDay": 0, "AdjustAccTax115BADAmt": 0, "AdjustedWDVFirstDay": 0, "AdditionsGrThan180Days": 0, "RealizationTotalPeriod": 0, "FullRateDeprAmt": 0, "AdditionsLessThan180Days": 0, "RealizationPeriodDuringYear": 0, "HalfRateDeprAmt": 0, "DepreciationAtFullRate": 0, "DepreciationAtHalfRate": 0, "AddlnDeprOnGT180DayAdditions": 0, "AddlnDeprDuringYearAdditions": 0, "AddlnDeprOnLessThan180DayAdditions": 0, "TotalDepreciation": 0, "DepDisAllowUs38_2": 0, "NetAggregateDepreciation": 0, "ProportionateAggDepreciation": 0, "ExpdrOnTrforSaleAsset": 0, "CapGainUs50": 0, "WDVLastDay": 0}}, "Rate30": {"DepreciationDetail": {"WDVFirstDay": 0, "AdjustAccTax115BADAmt": 0, "AdjustedWDVFirstDay": 0, "AdditionsGrThan180Days": 0, "RealizationTotalPeriod": 0, "FullRateDeprAmt": 0, "AdditionsLessThan180Days": 0, "RealizationPeriodDuringYear": 0, "HalfRateDeprAmt": 0, "DepreciationAtFullRate": 0, "DepreciationAtHalfRate": 0, "AddlnDeprOnGT180DayAdditions": 0, "AddlnDeprDuringYearAdditions": 0, "AddlnDeprOnLessThan180DayAdditions": 0, "TotalDepreciation": 0, "DepDisAllowUs38_2": 0, "NetAggregateDepreciation": 0, "ProportionateAggDepreciation": 0, "ExpdrOnTrforSaleAsset": 0, "CapGainUs50": 0, "WDVLastDay": 0}}, "Rate40": {"DepreciationDetail": {"WDVFirstDay": 0, "AdjustAccTax115BADAmt": 0, "AdjustedWDVFirstDay": 0, "AdditionsGrThan180Days": 0, "RealizationTotalPeriod": 0, "FullRateDeprAmt": 0, "AdditionsLessThan180Days": 0, "RealizationPeriodDuringYear": 0, "HalfRateDeprAmt": 0, "DepreciationAtFullRate": 0, "DepreciationAtHalfRate": 0, "AddlnDeprOnGT180DayAdditions": 0, "AddlnDeprDuringYearAdditions": 0, "AddlnDeprOnLessThan180DayAdditions": 0, "TotalDepreciation": 0, "DepDisAllowUs38_2": 0, "NetAggregateDepreciation": 0, "ProportionateAggDepreciation": 0, "ExpdrOnTrforSaleAsset": 0, "CapGainUs50": 0, "WDVLastDay": 0}}, "Rate45": {"DepreciationDetail": {"WDVFirstDay": 0, "RealizationTotalPeriod": 0, "FullRateDeprAmt": 0, "DepreciationAtFullRate": 0, "AddlnDeprOnGT180DayAdditions": 0, "AddlnDeprOnLessThan180DayAdditions": 0, "TotalDepreciation": 0, "DepDisAllowUs38_2": 0, "NetAggregateDepreciation": 0, "ProportionateAggDepreciation": 0, "ExpdrOnTrforSaleAsset": 0, "CapGainUs50": 0, "WDVLastDay": 0}}}}, "ScheduleDOA": {"Building": {"Rate5": {"DepreciationDetail": {"WDVFirstDay": 0, "AdditionsGrThan180Days": 0, "RealizationTotalPeriod": 0, "FullRateDeprAmt": 0, "AdditionsLessThan180Days": 0, "RealizationPeriodDuringYear": 0, "HalfRateDeprAmt": 0, "DepreciationAtFullRate": 0, "DepreciationAtHalfRate": 0, "TotalDepreciation": 0, "DepDisAllowUs38_2": 0, "NetAggregateDepreciation": 0, "ProportionateAggDepreciation": 0, "ExpdrOnTrforSaleAsset": 0, "CapGainUs50": 0, "WDVLastDay": 0}}, "Rate10": {"DepreciationDetail": {"WDVFirstDay": 0, "AdditionsGrThan180Days": 0, "RealizationTotalPeriod": 0, "FullRateDeprAmt": 0, "AdditionsLessThan180Days": 0, "RealizationPeriodDuringYear": 0, "HalfRateDeprAmt": 0, "DepreciationAtFullRate": 0, "DepreciationAtHalfRate": 0, "TotalDepreciation": 0, "DepDisAllowUs38_2": 0, "NetAggregateDepreciation": 0, "ProportionateAggDepreciation": 0, "ExpdrOnTrforSaleAsset": 0, "CapGainUs50": 0, "WDVLastDay": 0}}, "Rate40": {"DepreciationDetail": {"WDVFirstDay": 0, "AdditionsGrThan180Days": 0, "RealizationTotalPeriod": 0, "FullRateDeprAmt": 0, "AdditionsLessThan180Days": 0, "RealizationPeriodDuringYear": 0, "HalfRateDeprAmt": 0, "DepreciationAtFullRate": 0, "DepreciationAtHalfRate": 0, "TotalDepreciation": 0, "DepDisAllowUs38_2": 0, "NetAggregateDepreciation": 0, "ProportionateAggDepreciation": 0, "ExpdrOnTrforSaleAsset": 0, "CapGainUs50": 0, "WDVLastDay": 0}}}, "FurnitureFittings": {"Rate10": {"DepreciationDetail": {"WDVFirstDay": 0, "AdditionsGrThan180Days": 0, "RealizationTotalPeriod": 0, "FullRateDeprAmt": 0, "AdditionsLessThan180Days": 0, "RealizationPeriodDuringYear": 0, "HalfRateDeprAmt": 0, "DepreciationAtFullRate": 0, "DepreciationAtHalfRate": 0, "TotalDepreciation": 0, "DepDisAllowUs38_2": 0, "NetAggregateDepreciation": 0, "ProportionateAggDepreciation": 0, "ExpdrOnTrforSaleAsset": 0, "CapGainUs50": 0, "WDVLastDay": 0}}}, "IntangibleAssets": {"Rate25": {"DepreciationDetail": {"WDVFirstDay": 0, "AdditionsGrThan180Days": 0, "RealizationTotalPeriod": 0, "FullRateDeprAmt": 0, "AdditionsLessThan180Days": 0, "RealizationPeriodDuringYear": 0, "HalfRateDeprAmt": 0, "DepreciationAtFullRate": 0, "DepreciationAtHalfRate": 0, "TotalDepreciation": 0, "DepDisAllowUs38_2": 0, "NetAggregateDepreciation": 0, "ProportionateAggDepreciation": 0, "ExpdrOnTrforSaleAsset": 0, "CapGainUs50": 0, "WDVLastDay": 0}}}, "Ships": {"Rate20": {"DepreciationDetail": {"WDVFirstDay": 0, "AdditionsGrThan180Days": 0, "RealizationTotalPeriod": 0, "FullRateDeprAmt": 0, "AdditionsLessThan180Days": 0, "RealizationPeriodDuringYear": 0, "HalfRateDeprAmt": 0, "DepreciationAtFullRate": 0, "DepreciationAtHalfRate": 0, "TotalDepreciation": 0, "DepDisAllowUs38_2": 0, "NetAggregateDepreciation": 0, "ProportionateAggDepreciation": 0, "ExpdrOnTrforSaleAsset": 0, "CapGainUs50": 0, "WDVLastDay": 0}}}}, "ScheduleDEP": {"SummaryFromDeprSch": {"FurnitureSummary": 0, "IntangibleAssetSummary": 0, "ShipsSummary": 0, "TotalDepreciation": 0}}, "ScheduleDCG": {"SummaryFromDeprSchCG": {"FurnitureSummary": 0, "IntangibleAssetSummary": 0, "ShipsSummary": 0, "TotalDepreciation": 0}}, "ScheduleCG": {"ShortTermCapGain": {"SlumpSaleInStcg": {"FullConsideration": 0, "NetWorthOfDivision": 0, "CapgainonAssets": 0}, "EquityMFonSTT": [{"MFSectionCode": "1A", "EquityMFonSTTDtls": {"FullConsideration": 0, "DeductSec48": {"AquisitCost": 0, "ImproveCost": 0, "ExpOnTrans": 0, "TotalDedn": 0}, "BalanceCG": 0, "LossSec94of7Or94of8": 0, "CapgainonAssets": 0}}], "NRITransacSec48Dtl": {"NRItaxSTTPaid": 0, "NRItaxSTTNotPaid": 0}, "NRISecur115AD": {"FullValueConsdRecvUnqshr": 0, "FairMrktValueUnqshr": 0, "FullValueConsdSec50CA": 0, "FullValueConsdOthUnqshr": 0, "FullConsideration": 0, "DeductSec48": {"AquisitCost": 0, "ImproveCost": 0, "ExpOnTrans": 0, "TotalDedn": 0}, "BalanceCG": 0, "LossSec94of7Or94of8": 0, "CapgainonAssets": 0}, "SaleOnOtherAssets": {"FullValueConsdRecvUnqshr": 0, "FairMrktValueUnqshr": 0, "FullValueConsdSec50CA": 0, "FullValueConsdOthUnqshr": 0, "FullConsideration": 0, "DeductSec48": {"AquisitCost": 0, "ImproveCost": 0, "ExpOnTrans": 0, "TotalDedn": 0}, "BalanceCG": 0, "LossSec94of7Or94of8": 0, "DeemedSTCGDeprAsset": 0, "ExemptionOrDednUs54": {"ExemptionOrDednUs54Dtls": [], "ExemptionGrandTotal": 0}, "CapgainonAssets": 0}, "UnutilizedStcgFlag": "X", "AmtDeemedStcg": 0, "TotalAmtDeemedStcg": 0, "PassThrIncNatureSTCG": 0, "PassThrIncNatureSTCG15Per": 0, "PassThrIncNatureSTCG30Per": 0, "PassThrIncNatureSTCGAppRate": 0, "TotalAmtNotTaxUsDTAAStcg": 0, "TotalAmtTaxUsDTAAStcg": 0, "TotalSTCG": 0}, "LongTermCapGain": {"SlumpSaleInLtcg": {"FullConsideration": 0, "NetWorthOfDivision": 0, "SlumpBalance": 0, "DeductionUnderSec54": 0, "CapgainonAssets": 0}, "SaleofBondsDebntr": {"FullConsideration": 0, "DeductSec48": {"AquisitCost": 0, "ImproveCost": 0, "ExpOnTrans": 0, "TotalDedn": 0}, "BalanceCG": 0}, "Proviso112Applicable": {"Proviso112SectionCode": "22", "Proviso112Applicabledtls": {"FullConsideration": 0, "DeductSec48": {"AquisitCost": 0, "ImproveCost": 0, "ExpOnTrans": 0, "TotalDedn": 0}, "BalanceCG": 0}}, "SaleOfEquityShareUs112A": {"CapgainonAssets": 0}, "NRIProvisoSec48": {"BalanceCG": 0}, "NRIOnSec112and115": {"NRIOnSec112and115Dtls": [{"SectionCode": "21ciii", "FullValueConsdRecvUnqshr": 0, "FairMrktValueUnqshr": 0, "FullValueConsdSec50CA": 0, "FullValueConsdOthUnqshr": 0, "FullConsideration": 0, "DeductSec48": {"AquisitCost": 0, "ImproveCost": 0, "ExpOnTrans": 0, "TotalDedn": 0}, "BalanceCG": 0}]}, "NRISaleOfEquityShareUs112A": {"CapgainonAssets": 0}, "SaleofAssetNA": {"FullValueConsdRecvUnqshr": 0, "FairMrktValueUnqshr": 0, "FullValueConsdSec50CA": 0, "FullValueConsdOthUnqshr": 0, "FullConsideration": 0, "DeductSec48": {"AquisitCost": 0, "ImproveCost": 0, "ExpOnTrans": 0, "TotalDedn": 0}, "BalanceCG": 0, "ExemptionOrDednUs54": {"ExemptionGrandTotal": 0}, "CapgainonAssets": 0}, "UnutilizedLtcgFlag": "X", "AmtDeemedLtcg": 0, "TotalAmtDeemedLtcg": 0, "PassThrIncNatureLTCG": 0, "PassThrIncNatureLTCGUs112A": 0, "PassThrIncNatureLTCG10Per": 0, "PassThrIncNatureLTCG20Per": 0, "TotalAmtNotTaxUsDTAALtcg": 0, "TotalAmtTaxUsDTAALtcg": 0, "TotalLTCG": 0}, "IncChargeableHeadCapGain": 0, "DeducClaimInfo": {"TotDeductClaim": 0}, "CurrYrLosses": {"InLossSetOff": {"StclSetoff15Per": 0, "StclSetoff30Per": 0, "StclSetoffAppRate": 0, "StclSetoffDTAARate": 0, "LtclSetOff10Per": 0, "LtclSetOff20Per": 0, "LtclSetOffDTAARate": 0}, "InStcg15Per": {"CurrYearIncome": 0, "StclSetoff30Per": 0, "StclSetoffAppRate": 0, "StclSetoffDTAARate": 0, "CurrYrCapGain": 0}, "InStcg30Per": {"CurrYearIncome": 0, "StclSetoff15Per": 0, "StclSetoffAppRate": 0, "StclSetoffDTAARate": 0, "CurrYrCapGain": 0}, "InStcgAppRate": {"CurrYearIncome": 0, "StclSetoff15Per": 0, "StclSetoff30Per": 0, "StclSetoffDTAARate": 0, "CurrYrCapGain": 0}, "InStcgDTAARate": {"CurrYearIncome": 0, "StclSetoff15Per": 0, "StclSetoff30Per": 0, "StclSetoffAppRate": 0, "CurrYrCapGain": 0}, "InLtcg10Per": {"CurrYearIncome": 0, "StclSetoff15Per": 0, "StclSetoff30Per": 0, "StclSetoffAppRate": 0, "StclSetoffDTAARate": 0, "LtclSetOff20Per": 0, "LtclSetOffDTAARate": 0, "CurrYrCapGain": 0}, "InLtcg20Per": {"CurrYearIncome": 0, "StclSetoff15Per": 0, "StclSetoff30Per": 0, "StclSetoffAppRate": 0, "StclSetoffDTAARate": 0, "LtclSetOff10Per": 0, "LtclSetOffDTAARate": 0, "CurrYrCapGain": 0}, "InLtcgDTAARate": {"CurrYearIncome": 0, "StclSetoff15Per": 0, "StclSetoff30Per": 0, "StclSetoffAppRate": 0, "StclSetoffDTAARate": 0, "LtclSetOff10Per": 0, "LtclSetOff20Per": 0, "CurrYrCapGain": 0}, "TotLossSetOff": {"StclSetoff15Per": 0, "StclSetoff30Per": 0, "StclSetoffAppRate": 0, "StclSetoffDTAARate": 0, "LtclSetOff10Per": 0, "LtclSetOff20Per": 0, "LtclSetOffDTAARate": 0}, "LossRemainSetOff": {"StclSetoff15Per": 0, "StclSetoff30Per": 0, "StclSetoffAppRate": 0, "StclSetoffDTAARate": 0, "LtclSetOff10Per": 0, "LtclSetOff20Per": 0, "LtclSetOffDTAARate": 0}}, "AccruOrRecOfCG": {"ShortTermUnder15Per": {"DateRange": {"Upto15Of6": 0, "Upto15Of9": 0, "Up16Of9To15Of12": 0, "Up16Of12To15Of3": 0, "Up16Of3To31Of3": 0}}, "ShortTermUnder30Per": {"DateRange": {"Upto15Of6": 0, "Upto15Of9": 0, "Up16Of9To15Of12": 0, "Up16Of12To15Of3": 0, "Up16Of3To31Of3": 0}}, "ShortTermUnderAppRate": {"DateRange": {"Upto15Of6": 0, "Upto15Of9": 0, "Up16Of9To15Of12": 0, "Up16Of12To15Of3": 0, "Up16Of3To31Of3": 0}}, "ShortTermUnderDTAARate": {"DateRange": {"Upto15Of6": 0, "Upto15Of9": 0, "Up16Of9To15Of12": 0, "Up16Of12To15Of3": 0, "Up16Of3To31Of3": 0}}, "LongTermUnder10Per": {"DateRange": {"Upto15Of6": 0, "Upto15Of9": 0, "Up16Of9To15Of12": 0, "Up16Of12To15Of3": 0, "Up16Of3To31Of3": 0}}, "LongTermUnder20Per": {"DateRange": {"Upto15Of6": 0, "Upto15Of9": 0, "Up16Of9To15Of12": 0, "Up16Of12To15Of3": 0, "Up16Of3To31Of3": 0}}, "LongTermUnderDTAARate": {"DateRange": {"Upto15Of6": 0, "Upto15Of9": 0, "Up16Of9To15Of12": 0, "Up16Of12To15Of3": 0, "Up16Of3To31Of3": 0}}}}, "Schedule112A": {"SaleValue112A": 0, "CostAcqWithoutIndx112A": 0, "AcquisitionCost112A": 0, "LTCGBeforelowerB1B2112A": 0, "FairMktValueCapAst112A": 0, "ExpExclCnctTransfer112A": 0, "Deductions112A": 0, "Balance112A": 0}, "Schedule115AD": {"SaleValue115AD": 0, "CostAcqWithoutIndx115AD": 0, "AcquisitionCost115AD": 0, "LTCGBeforelowerB1B2115AD": 0, "FairMktValueCapAst115AD": 0, "ExpExclCnctTransfer115AD": 0, "Deductions115AD": 0, "Balance115AD": 0}, "ScheduleOS": {"IncOthThanOwnRaceHorse": {"GrossIncChrgblTaxAtAppRate": 0, "DividendGross": 0, "DividendOthThan22e": 0, "Dividend22e": 0, "InterestGross": 0, "IntrstFrmSavingBank": 0, "IntrstFrmTermDeposit": 0, "IntrstFrmIncmTaxRefund": 0, "NatofPassThrghIncome": 0, "IntrstFrmOthers": 0, "RentFromMachPlantBldgs": 0, "Tot562x": 0, "Aggrtvaluewithoutcons562x": 0, "Immovpropwithoutcons562x": 0, "Immovpropinadeqcons562x": 0, "Anyotherpropwithoutcons562x": 0, "Anyotherpropinadeqcons562x": 0, "AnyOtherIncome": 0, "IncChargeableSpecialRates": 0, "LtryPzzlChrgblUs115BB": 0, "IncChrgblUs115BBE": 0, "CashCreditsUs68": 0, "UnExplndInvstmntsUs69": 0, "UnExplndMoneyUs69A": 0, "UnDsclsdInvstmntsUs69B": 0, "UnExplndExpndtrUs69C": 0, "AmtBrwdRepaidOnHundiUs69D": 0, "OthersGross": 0, "PassThrIncOSChrgblSplRate": 0, "IncChargblSplRateOS": {"TotalAmtTaxUsDTAASchOs": 0}, "Deductions": {"Expenses": 0, "UsrIntExp57": 0, "IntExp57": 0, "Depreciation": 0, "TotDeductions": 0}, "AmtNotDeductibleUs58": 0, "ProfitChargTaxUs59": 0, "BalanceNoRaceHorse": 0}, "TotOthSrcNoRaceHorse": 0, "IncFromOwnHorse": {"Receipts": 0, "DeductSec57": 0, "AmtNotDeductibleUs58": 0, "ProfitChargTaxUs59": 0, "BalanceOwnRaceHorse": 0}, "IncChargeableFrmOthSrc": 0, "DividendIncUs115BBDA": {"DateRange": {"Upto15Of6": 0, "Up16Of6To15Of9": 0, "Up16Of9To15Of12": 0, "Up16Of12To15Of3": 0, "Up16Of3To31Of3": 0}}, "IncFrmLottery": {"DateRange": {"Upto15Of6": 0, "Up16Of6To15Of9": 0, "Up16Of9To15Of12": 0, "Up16Of12To15Of3": 0, "Up16Of3To31Of3": 0}}, "DividendDTAA": {"DateRange": {"Upto15Of6": 0, "Up16Of6To15Of9": 0, "Up16Of9To15Of12": 0, "Up16Of12To15Of3": 0, "Up16Of3To31Of3": 0}}}, "ScheduleCYLA": {"HP": {"IncCYLA": {"IncOfCurYrUnderThatHead": 0, "BusLossSetoff": 0, "OthSrcLossNoRaceHorseSetoff": 0, "IncOfCurYrAfterSetOff": 0}}, "BusProfExclSpecProf": {"IncCYLA": {"IncOfCurYrUnderThatHead": 12890, "HPlossCurYrSetoff": 0, "OthSrcLossNoRaceHorseSetoff": 0, "IncOfCurYrAfterSetOff": 12890}}, "SpeculationIncome": {"IncCYLA": {"IncOfCurYrUnderThatHead": 0, "HPlossCurYrSetoff": 0, "OthSrcLossNoRaceHorseSetoff": 0, "IncOfCurYrAfterSetOff": 0}}, "SpecifiedBusIncome": {"IncCYLA": {"IncOfCurYrUnderThatHead": 0, "HPlossCurYrSetoff": 0, "OthSrcLossNoRaceHorseSetoff": 0, "IncOfCurYrAfterSetOff": 0}}, "STCG15Per": {"IncCYLA": {"IncOfCurYrUnderThatHead": 0, "HPlossCurYrSetoff": 0, "OthSrcLossNoRaceHorseSetoff": 0, "BusLossSetoff": 0, "IncOfCurYrAfterSetOff": 0}}, "STCG30Per": {"IncCYLA": {"IncOfCurYrUnderThatHead": 0, "HPlossCurYrSetoff": 0, "OthSrcLossNoRaceHorseSetoff": 0, "BusLossSetoff": 0, "IncOfCurYrAfterSetOff": 0}}, "STCGAppRate": {"IncCYLA": {"IncOfCurYrUnderThatHead": 0, "HPlossCurYrSetoff": 0, "OthSrcLossNoRaceHorseSetoff": 0, "BusLossSetoff": 0, "IncOfCurYrAfterSetOff": 0}}, "STCGDTAARate": {"IncCYLA": {"IncOfCurYrUnderThatHead": 0, "HPlossCurYrSetoff": 0, "OthSrcLossNoRaceHorseSetoff": 0, "BusLossSetoff": 0, "IncOfCurYrAfterSetOff": 0}}, "LTCG10Per": {"IncCYLA": {"IncOfCurYrUnderThatHead": 0, "HPlossCurYrSetoff": 0, "OthSrcLossNoRaceHorseSetoff": 0, "BusLossSetoff": 0, "IncOfCurYrAfterSetOff": 0}}, "LTCG20Per": {"IncCYLA": {"IncOfCurYrUnderThatHead": 0, "HPlossCurYrSetoff": 0, "OthSrcLossNoRaceHorseSetoff": 0, "BusLossSetoff": 0, "IncOfCurYrAfterSetOff": 0}}, "LTCGDTAARate": {"IncCYLA": {"IncOfCurYrUnderThatHead": 0, "HPlossCurYrSetoff": 0, "OthSrcLossNoRaceHorseSetoff": 0, "BusLossSetoff": 0, "IncOfCurYrAfterSetOff": 0}}, "OthSrcExclRaceHorseLottery": {"IncCYLA": {"IncOfCurYrUnderThatHead": 0, "HPlossCurYrSetoff": 0, "BusLossSetoff": 0, "IncOfCurYrAfterSetOff": 0}}, "ProfitFrmRaceHorse": {"IncCYLA": {"IncOfCurYrUnderThatHead": 0, "HPlossCurYrSetoff": 0, "OthSrcLossNoRaceHorseSetoff": 0, "BusLossSetoff": 0, "IncOfCurYrAfterSetOff": 0}}, "IncOSDTAA": {"IncCYLA": {"IncOfCurYrUnderThatHead": 0, "HPlossCurYrSetoff": 0, "OthSrcLossNoRaceHorseSetoff": 0, "BusLossSetoff": 0, "IncOfCurYrAfterSetOff": 0}}, "TotalCurYr": {"TotHPlossCurYr": 0, "TotBusLoss": 0, "TotOthSrcLossNoRaceHorse": 0}, "TotalLossSetOff": {"TotHPlossCurYrSetoff": 0, "TotBusLossSetoff": 0, "TotOthSrcLossNoRaceHorseSetoff": 0}, "LossRemAftSetOff": {"BalBusLossAftSetoff": 0, "BalHPlossCurYrAftSetoff": 0, "BalOthSrcLossNoRaceHorseAftSetoff": 0}}, "ScheduleBFLA": {"HP": {"IncBFLA": {"IncOfCurYrUndHeadFromCYLA": 0, "BFAllUs35Cl4Setoff": 0, "BFlossPrevYrUndSameHeadSetoff": 0, "BFUnabsorbedDeprSetoff": 0, "IncOfCurYrAfterSetOffBFLosses": 0}}, "BusProfExclSpecProf": {"IncBFLA": {"IncOfCurYrUndHeadFromCYLA": 12890, "BFAllUs35Cl4Setoff": 0, "BFlossPrevYrUndSameHeadSetoff": 0, "BFUnabsorbedDeprSetoff": 0, "IncOfCurYrAfterSetOffBFLosses": 12890}}, "SpeculationIncome": {"IncBFLA": {"IncOfCurYrUndHeadFromCYLA": 0, "BFAllUs35Cl4Setoff": 0, "BFlossPrevYrUndSameHeadSetoff": 0, "BFUnabsorbedDeprSetoff": 0, "IncOfCurYrAfterSetOffBFLosses": 0}}, "SpecifiedBusIncome": {"IncBFLA": {"IncOfCurYrUndHeadFromCYLA": 0, "BFAllUs35Cl4Setoff": 0, "BFlossPrevYrUndSameHeadSetoff": 0, "BFUnabsorbedDeprSetoff": 0, "IncOfCurYrAfterSetOffBFLosses": 0}}, "STCG15Per": {"IncBFLA": {"IncOfCurYrUndHeadFromCYLA": 0, "BFAllUs35Cl4Setoff": 0, "BFlossPrevYrUndSameHeadSetoff": 0, "BFUnabsorbedDeprSetoff": 0, "IncOfCurYrAfterSetOffBFLosses": 0}}, "STCG30Per": {"IncBFLA": {"IncOfCurYrUndHeadFromCYLA": 0, "BFAllUs35Cl4Setoff": 0, "BFlossPrevYrUndSameHeadSetoff": 0, "BFUnabsorbedDeprSetoff": 0, "IncOfCurYrAfterSetOffBFLosses": 0}}, "STCGAppRate": {"IncBFLA": {"IncOfCurYrUndHeadFromCYLA": 0, "BFAllUs35Cl4Setoff": 0, "BFlossPrevYrUndSameHeadSetoff": 0, "BFUnabsorbedDeprSetoff": 0, "IncOfCurYrAfterSetOffBFLosses": 0}}, "STCGDTAARate": {"IncBFLA": {"IncOfCurYrUndHeadFromCYLA": 0, "BFAllUs35Cl4Setoff": 0, "BFlossPrevYrUndSameHeadSetoff": 0, "BFUnabsorbedDeprSetoff": 0, "IncOfCurYrAfterSetOffBFLosses": 0}}, "LTCG10Per": {"IncBFLA": {"IncOfCurYrUndHeadFromCYLA": 0, "BFAllUs35Cl4Setoff": 0, "BFlossPrevYrUndSameHeadSetoff": 0, "BFUnabsorbedDeprSetoff": 0, "IncOfCurYrAfterSetOffBFLosses": 0}}, "LTCG20Per": {"IncBFLA": {"IncOfCurYrUndHeadFromCYLA": 0, "BFAllUs35Cl4Setoff": 0, "BFlossPrevYrUndSameHeadSetoff": 0, "BFUnabsorbedDeprSetoff": 0, "IncOfCurYrAfterSetOffBFLosses": 0}}, "LTCGDTAARate": {"IncBFLA": {"IncOfCurYrUndHeadFromCYLA": 0, "BFAllUs35Cl4Setoff": 0, "BFlossPrevYrUndSameHeadSetoff": 0, "BFUnabsorbedDeprSetoff": 0, "IncOfCurYrAfterSetOffBFLosses": 0}}, "OthSrcExclRaceHorse": {"IncBFLA": {"IncOfCurYrUndHeadFromCYLA": 0, "BFAllUs35Cl4Setoff": 0, "BFUnabsorbedDeprSetoff": 0, "IncOfCurYrAfterSetOffBFLosses": 0}}, "ProfitFrmRaceHorse": {"IncBFLA": {"IncOfCurYrUndHeadFromCYLA": 0, "BFAllUs35Cl4Setoff": 0, "BFlossPrevYrUndSameHeadSetoff": 0, "BFUnabsorbedDeprSetoff": 0, "IncOfCurYrAfterSetOffBFLosses": 0}}, "IncOSDTAA": {"IncBFLA": {"IncOfCurYrUndHeadFromCYLA": 0, "BFAllUs35Cl4Setoff": 0, "BFUnabsorbedDeprSetoff": 0, "IncOfCurYrAfterSetOffBFLosses": 0}}, "TotalBFLossSetOff": {"TotBFLossSetoff": 0, "TotUnabsorbedDeprSetoff": 0, "TotAllUs35cl4Setoff": 0}, "IncomeOfCurrYrAftCYLABFLA": 12890}, "ScheduleCFL": {"TotalOfBFLossesEarlierYrs": {"LossSummaryDetail": {"TotalHPPTILossCF": 0, "BusLossOthThanSpecLossCF": 0, "LossFrmSpecBusCF": 0, "LossFrmSpecifiedBusCF": 0, "TotalSTCGPTILossCF": 0, "TotalLTCGPTILossCF": 0, "OthSrcLossRaceHorseCF": 0}}, "AdjTotBFLossInBFLA": {"LossSummaryDetail": {"TotalHPPTILossCF": 0, "BusLossOthThanSpecLossCF": 0, "LossFrmSpecBusCF": 0, "LossFrmSpecifiedBusCF": 0, "TotalSTCGPTILossCF": 0, "TotalLTCGPTILossCF": 0, "OthSrcLossRaceHorseCF": 0}}, "CurrentAYloss": {"LossSummaryDetail": {"TotalHPPTILossCF": 0, "BusLossOthThanSpecLossCF": 0, "LossFrmSpecBusCF": 0, "LossFrmSpecifiedBusCF": 0, "TotalSTCGPTILossCF": 0, "TotalLTCGPTILossCF": 0, "OthSrcLossRaceHorseCF": 0}}, "CurrentYearDistrUnitHolder": {"LossSummaryDetail": {"TotalHPPTILossCF": 0, "TotalSTCGPTILossCF": 0, "TotalLTCGPTILossCF": 0, "OthSrcLossRaceHorseCF": 0}}, "CurrentYearLossCF": {"LossSummaryDetail": {"TotalHPPTILossCF": 0, "BusLossOthThanSpecLossCF": 0, "LossFrmSpecBusCF": 0, "LossFrmSpecifiedBusCF": 0, "TotalSTCGPTILossCF": 0, "TotalLTCGPTILossCF": 0, "OthSrcLossRaceHorseCF": 0}}, "TotalLossCFSummary": {"LossSummaryDetail": {"TotalHPPTILossCF": 0, "BusLossOthThanSpecLossCF": 0, "LossFrmSpecBusCF": 0, "LossFrmSpecifiedBusCF": 0, "TotalSTCGPTILossCF": 0, "TotalLTCGPTILossCF": 0, "OthSrcLossRaceHorseCF": 0}}}, "Schedule80G": {"TotalDonationsUs80GCash": 0, "TotalDonationsUs80GOtherMode": 0, "TotalDonationsUs80G": 0, "TotalEligibleDonationsUs80G": 0}, "ScheduleVIA": {"UsrDeductUndChapVIA": {"Section80G": 0, "Section80GGA": 0, "Section80GGC": 0, "TotPartBchapterVIA": 0, "Section80IA": 0, "Section80IAB": 0, "Section80IAC": 0, "Section80IB": 0, "Section80IBA": 0, "Section80IC": 0, "Section80JJA": 0, "Section80JJAA": 0, "Section80LA": 0, "Section80LA_1A": 0, "Section80P": 0, "TotPartCchapterVIA": 0, "TotalChapVIADeductions": 0}, "DeductUndChapVIA": {"Section80G": 0, "Section80GGA": 0, "Section80GGC": 0, "TotPartBchapterVIA": 0, "Section80IA": 0, "Section80IAB": 0, "Section80IAC": 0, "Section80IB": 0, "Section80IBA": 0, "Section80IC": 0, "Section80JJA": 0, "Section80JJAA": 0, "Section80LA": 0, "Section80LA_1A": 0, "Section80P": 0, "TotPartCchapterVIA": 0, "TotalChapVIADeductions": 0}}, "ScheduleAMT": {"TotalIncItem13": 12890, "AdjustmentSec115JC": [{"DeductClaimSec6A": 0, "DeductClaimSec10AA": 0, "DeductClaimSec35AD": 0, "Total": 0}], "AdjustedUnderSec115JC": 12890, "TaxPayableUnderSec115JC": 0}, "ScheduleAMTC": {"TaxSection115JC": 0, "TaxOthProvisions": 4022, "AmtTaxCreditAvailable": 4022, "ScheduleAMTCDtls": [{"AssYr": "2013-14", "AmtCreditFwd": 0, "AmtCreditSetOfEy": 0, "AmtCreditBalBroughtFwd": 0, "AmtCreditUtilized": 0, "BalAmtCreditCarryFwd": 0}, {"AssYr": "2014-15", "AmtCreditFwd": 0, "AmtCreditSetOfEy": 0, "AmtCreditBalBroughtFwd": 0, "AmtCreditUtilized": 0, "BalAmtCreditCarryFwd": 0}, {"AssYr": "2015-16", "AmtCreditFwd": 0, "AmtCreditSetOfEy": 0, "AmtCreditBalBroughtFwd": 0, "AmtCreditUtilized": 0, "BalAmtCreditCarryFwd": 0}, {"AssYr": "2016-17", "AmtCreditFwd": 0, "AmtCreditSetOfEy": 0, "AmtCreditBalBroughtFwd": 0, "AmtCreditUtilized": 0, "BalAmtCreditCarryFwd": 0}, {"AssYr": "2017-18", "AmtCreditFwd": 0, "AmtCreditSetOfEy": 0, "AmtCreditBalBroughtFwd": 0, "AmtCreditUtilized": 0, "BalAmtCreditCarryFwd": 0}, {"AssYr": "2018-19", "AmtCreditFwd": 0, "AmtCreditSetOfEy": 0, "AmtCreditBalBroughtFwd": 0, "AmtCreditUtilized": 0, "BalAmtCreditCarryFwd": 0}, {"AssYr": "2019-20", "AmtCreditFwd": 0, "AmtCreditSetOfEy": 0, "AmtCreditBalBroughtFwd": 0, "AmtCreditUtilized": 0, "BalAmtCreditCarryFwd": 0}, {"AssYr": "2020-21", "AmtCreditFwd": 0, "AmtCreditSetOfEy": 0, "AmtCreditBalBroughtFwd": 0, "AmtCreditUtilized": 0, "BalAmtCreditCarryFwd": 0}], "CurrAssYr": "2021-22", "CurrYrAmtCreditFwd": 0, "CurrYrCreditBalBF": 0, "CurrYrCreditCarryFwd": 0, "TotAMTGross": 0, "TotSetOffEys": 0, "TotBalBF": 0, "TotAmtCreditUtilisedCY": 0, "TotBalAMTCreditCF": 0, "TaxSection115JD": 0, "AmtLiabilityAvailable": 0}, "ScheduleSI": {"SplCodeRateTax": [{"SecCode": "1A", "SplRatePercent": 15, "SplRateInc": 0, "SplRateIncTax": 0}, {"SecCode": "5ADii", "SplRatePercent": 30, "SplRateInc": 0, "SplRateIncTax": 0}, {"SecCode": "22", "SplRatePercent": 10, "SplRateInc": 0, "SplRateIncTax": 0}, {"SecCode": "21ciii", "SplRatePercent": 10, "SplRateInc": 0, "SplRateIncTax": 0}, {"SecCode": "5ACA1a", "SplRatePercent": 10, "SplRateInc": 0, "SplRateIncTax": 0}, {"SecCode": "21", "SplRatePercent": 20, "SplRateInc": 0, "SplRateIncTax": 0}, {"SecCode": "5BB", "SplRatePercent": 30, "SplRateInc": 0, "SplRateIncTax": 0}, {"SecCode": "5BBE", "SplRatePercent": 60, "SplRateInc": 0, "SplRateIncTax": 0}, {"SecCode": "5BBF_BP", "SplRatePercent": 10, "SplRateInc": 0, "SplRateIncTax": 0}, {"SecCode": "5BBF", "SplRatePercent": 10, "SplRateInc": 0, "SplRateIncTax": 0}, {"SecCode": "5BBG", "SplRatePercent": 10, "SplRateInc": 0, "SplRateIncTax": 0}, {"SecCode": "DTAAOS", "SplRatePercent": 1, "SplRateInc": 0, "SplRateIncTax": 0}], "TotSplRateInc": 0, "TotSplRateIncTax": 0}, "ScheduleEI": {"InterestInc": 0, "GrossAgriRecpt": 0, "ExpIncAgri": 0, "UnabAgriLossPrev8": 0, "NetAgriIncRelateToRule7": 0, "NetAgriIncOrOthrIncRule7": 0, "Others": 0, "IncChrgblAsPerDTAA": 0, "PassThrIncNotChrgblTax": 0, "TotalExemptInc": 0}, "ScheduleTPSA": {"AmtPrimaryAdjUs92CE_2A": 0, "AdditionalIncTax18PercAbove": 0, "Surcharge12Perc": 0, "HealthEducationCess": 0, "TotalAdditionalTax": 0, "TaxesPaid": 0, "NetTaxPayable": 0, "TotalAmountDeposited": 0}, "ScheduleTR1": {"TotalTaxOutsideIndia": 0, "TotalTaxReliefOutsideIndia": 0, "TaxReliefOutsideIndiaDTAA": 0, "TaxReliefOutsideIndiaNotDTAA": 0, "TaxPaidOutsideIndFlg": "NO"}, "ScheduleFA": {}, "ScheduleGST": {"TurnoverGrsRcptForGSTIN": [{"GSTINNo": "08ACNFS0092D1Z3", "AmtTurnGrossRcptGSTIN": 13706244}]}, "PartB-TI": {"IncomeFromHP": 0, "ProfBusGain": {"ProfGainNoSpecBus": 12890, "ProfGainSpecBus": 0, "ProfGainSpecifiedBus": 0, "IncChrgblTaxSplRate": 0, "TotProfBusGain": 12890}, "CapGain": {"ShortTerm": {"ShortTerm15Per": 0, "ShortTerm30Per": 0, "ShortTermAppRate": 0, "ShortTermSplRateDTAA": 0, "TotalShortTerm": 0}, "LongTerm": {"LongTerm10Per": 0, "LongTerm20Per": 0, "LongTermSplRateDTAA": 0, "TotalLongTerm": 0}, "TotalCapGains": 0}, "IncFromOS": {"OtherSrcThanOwnRaceHorse": 0, "IncChargblSplRate": 0, "FromOwnRaceHorse": 0, "TotIncFromOS": 0}, "TotalTI": 12890, "CurrentYearLoss": 0, "BalanceAfterSetoffLosses": 12890, "BroughtFwdLossesSetoff": 0, "GrossTotalIncome": 12890, "IncChargeTaxSplRate111A112": 0, "DeductionsUndSchVIADtl": {"PartBchapterVIA": 0, "PartCchapterVIA": 0, "TotDeductUndSchVIA": 0}, "IncNtFrmngPartOfTotalInc": 0, "DeductionsUnder10Aor10AA": 0, "IncInvstmntFundRefrd": 0, "IncBusTrustRefrd": 0, "TotalIncome": 12890, "IncChargeableTaxSplRates": 0, "NetAgricultureIncomeOrOtherIncomeForRate": 0, "AggregateIncome": 0, "LossesOfCurrentYearCarriedFwd": 0, "DeemedTotIncSec115JC": 12890}, "PartB_TTI": {"ComputationOfTaxLiability": {"TaxPayableOnDeemedTI": {"TaxDeemedTISec115JC": 0, "Surcharge": 0, "EducationCess": 0, "TotalTax": 0}, "TaxPayableOnTI": {"TaxAtNormalRates": 3867, "TaxAtSpecialRates": 0, "RebateOnAgriInc": 0, "TaxPayableOnTotInc": 3867, "Surcharge25ofSI": 0, "Surcharge25ofSIBeforeMarginal": 0, "SurchargeOnTaxPayable": 0, "SurchargeOnTaxPayableBeforeMarginal": 0, "TotalSurcharge": 0, "EducationCess": 155, "GrossTaxLiability": 4022}, "GrossTaxPayable": 4022, "CreditUS115JD": 0, "TaxPaidUnderCredit": 4022, "TaxRelief": {"Section90": 0, "Section91": 0, "TotTaxRelief": 0}, "NetTaxLiability": 4022, "IntrstPay": {"IntrstPayUs234A": 0, "IntrstPayUs234B": 0, "IntrstPayUs234C": 0, "LateFilingFee234F": 0, "TotalIntrstPay": 0}, "AggregateTaxInterestLiability": 4022}, "TaxPaid": {"TaxesPaid": {"AdvanceTax": 0, "TDS": 15608, "TCS": 0, "SelfAssessmentTax": 0, "TotalTaxesPaid": 15608}, "BalTaxPayable": 0}, "Refund": {"RefundDue": 11590, "BankAccountDtls": {"AddtnlBankDetails": [{"IFSCCode": "ORBC0101171", "BankName": "ORIENTAL BANK OF COMMERCE", "BankAccountNo": "00701011003119", "UseForRefund": "false"}, {"IFSCCode": "PUNB0615600", "BankName": "PUNJAB NATIONAL BANK", "BankAccountNo": "6156008700000920", "UseForRefund": "true"}], "BankDtlsFlag": "Y"}}, "AssetOutsideIndiaFlg": "NO"}, "ScheduleTDS2": {"TDSOthThanSalaryDtls": [{"TDSCreditName": "S", "TANOfDeductor": "DELD06339E", "TaxDeductCreditDtls": {"TaxDeductedOwnHands": 156, "TaxClaimedOwnHands": 156}, "GrossAmount": 3116, "HeadOfIncome": "BP", "AmtCarriedFwd": 0}, {"TDSCreditName": "S", "TANOfDeductor": "DELD06339E", "TaxDeductCreditDtls": {"TaxDeductedOwnHands": 300, "TaxClaimedOwnHands": 300}, "GrossAmount": 3000, "HeadOfIncome": "BP", "AmtCarriedFwd": 0}, {"TDSCreditName": "S", "TANOfDeductor": "DELD06339E", "TaxDeductCreditDtls": {"TaxDeductedOwnHands": 495, "TaxClaimedOwnHands": 495}, "GrossAmount": 13199, "HeadOfIncome": "BP", "AmtCarriedFwd": 0}, {"TDSCreditName": "S", "TANOfDeductor": "DELD06339E", "TaxDeductCreditDtls": {"TaxDeductedOwnHands": 225, "TaxClaimedOwnHands": 225}, "GrossAmount": 3000, "HeadOfIncome": "BP", "AmtCarriedFwd": 0}, {"TDSCreditName": "S", "TANOfDeductor": "DELD06339E", "TaxDeductCreditDtls": {"TaxDeductedOwnHands": 1175, "TaxClaimedOwnHands": 1175}, "GrossAmount": 31321, "HeadOfIncome": "BP", "AmtCarriedFwd": 0}, {"TDSCreditName": "S", "TANOfDeductor": "DELD06339E", "TaxDeductCreditDtls": {"TaxDeductedOwnHands": 225, "TaxClaimedOwnHands": 225}, "GrossAmount": 3000, "HeadOfIncome": "BP", "AmtCarriedFwd": 0}, {"TDSCreditName": "S", "TANOfDeductor": "DELD06339E", "TaxDeductCreditDtls": {"TaxDeductedOwnHands": 632, "TaxClaimedOwnHands": 632}, "GrossAmount": 16840, "HeadOfIncome": "BP", "AmtCarriedFwd": 0}, {"TDSCreditName": "S", "TANOfDeductor": "DELD06339E", "TaxDeductCreditDtls": {"TaxDeductedOwnHands": 225, "TaxClaimedOwnHands": 225}, "GrossAmount": 3000, "HeadOfIncome": "BP", "AmtCarriedFwd": 0}, {"TDSCreditName": "S", "TANOfDeductor": "DELD06339E", "TaxDeductCreditDtls": {"TaxDeductedOwnHands": 1084, "TaxClaimedOwnHands": 1084}, "GrossAmount": 28897, "HeadOfIncome": "BP", "AmtCarriedFwd": 0}, {"TDSCreditName": "S", "TANOfDeductor": "DELD06339E", "TaxDeductCreditDtls": {"TaxDeductedOwnHands": 225, "TaxClaimedOwnHands": 225}, "GrossAmount": 3000, "HeadOfIncome": "BP", "AmtCarriedFwd": 0}, {"TDSCreditName": "S", "TANOfDeductor": "DELD06339E", "TaxDeductCreditDtls": {"TaxDeductedOwnHands": 1339, "TaxClaimedOwnHands": 1339}, "GrossAmount": 35717, "HeadOfIncome": "BP", "AmtCarriedFwd": 0}, {"TDSCreditName": "S", "TANOfDeductor": "DELD06339E", "TaxDeductCreditDtls": {"TaxDeductedOwnHands": 225, "TaxClaimedOwnHands": 225}, "GrossAmount": 3000, "HeadOfIncome": "BP", "AmtCarriedFwd": 0}, {"TDSCreditName": "S", "TANOfDeductor": "DELD06339E", "TaxDeductCreditDtls": {"TaxDeductedOwnHands": 1055, "TaxClaimedOwnHands": 1055}, "GrossAmount": 28137, "HeadOfIncome": "BP", "AmtCarriedFwd": 0}, {"TDSCreditName": "S", "TANOfDeductor": "DELD06339E", "TaxDeductCreditDtls": {"TaxDeductedOwnHands": 225, "TaxClaimedOwnHands": 225}, "GrossAmount": 3000, "HeadOfIncome": "BP", "AmtCarriedFwd": 0}, {"TDSCreditName": "S", "TANOfDeductor": "DELD06339E", "TaxDeductCreditDtls": {"TaxDeductedOwnHands": 1164, "TaxClaimedOwnHands": 1164}, "GrossAmount": 31034, "HeadOfIncome": "BP", "AmtCarriedFwd": 0}, {"TDSCreditName": "S", "TANOfDeductor": "DELD06339E", "TaxDeductCreditDtls": {"TaxDeductedOwnHands": 225, "TaxClaimedOwnHands": 225}, "GrossAmount": 3000, "HeadOfIncome": "BP", "AmtCarriedFwd": 0}, {"TDSCreditName": "S", "TANOfDeductor": "DELD06339E", "TaxDeductCreditDtls": {"TaxDeductedOwnHands": 1409, "TaxClaimedOwnHands": 1409}, "GrossAmount": 37565, "HeadOfIncome": "BP", "AmtCarriedFwd": 0}, {"TDSCreditName": "S", "TANOfDeductor": "DELD06339E", "TaxDeductCreditDtls": {"TaxDeductedOwnHands": 225, "TaxClaimedOwnHands": 225}, "GrossAmount": 3000, "HeadOfIncome": "BP", "AmtCarriedFwd": 0}, {"TDSCreditName": "S", "TANOfDeductor": "DELD06339E", "TaxDeductCreditDtls": {"TaxDeductedOwnHands": 1633, "TaxClaimedOwnHands": 1633}, "GrossAmount": 43535, "HeadOfIncome": "BP", "AmtCarriedFwd": 0}, {"TDSCreditName": "S", "TANOfDeductor": "DELD06339E", "TaxDeductCreditDtls": {"TaxDeductedOwnHands": 225, "TaxClaimedOwnHands": 225}, "GrossAmount": 3000, "HeadOfIncome": "BP", "AmtCarriedFwd": 0}, {"TDSCreditName": "S", "TANOfDeductor": "DELD06339E", "TaxDeductCreditDtls": {"TaxDeductedOwnHands": 1173, "TaxClaimedOwnHands": 1173}, "GrossAmount": 31286, "HeadOfIncome": "BP", "AmtCarriedFwd": 0}, {"TDSCreditName": "S", "TANOfDeductor": "DELD06339E", "TaxDeductCreditDtls": {"TaxDeductedOwnHands": 225, "TaxClaimedOwnHands": 225}, "GrossAmount": 3000, "HeadOfIncome": "BP", "AmtCarriedFwd": 0}, {"TDSCreditName": "S", "TANOfDeductor": "DELD06339E", "TaxDeductCreditDtls": {"TaxDeductedOwnHands": 1518, "TaxClaimedOwnHands": 1518}, "GrossAmount": 40486, "HeadOfIncome": "BP", "AmtCarriedFwd": 0}, {"TDSCreditName": "S", "TANOfDeductor": "DELD06339E", "TaxDeductCreditDtls": {"TaxDeductedOwnHands": 225, "TaxClaimedOwnHands": 225}, "GrossAmount": 3000, "HeadOfIncome": "BP", "AmtCarriedFwd": 0}], "TotalTDSonOthThanSals": 15608}, "Verification": {"Declaration": {"AssesseeVerName": "MANOJ BANSAL", "FatherName": "RATAN LAL BANSAL", "AssesseeVerPAN": "AKLPB4412G", "Capacity": "PA"}}}}}