{"ITR": {"ITR5": {"CreationInfo": {"SWVersionNo": "22.0", "SWCreatedBy": "SW20000026", "JSONCreatedBy": "SW20000026", "JSONCreationDate": "2022-09-28", "IntermediaryCity": "JAIPUR", "Digest": "LBWZ3bH68j7ALlzP2afTJziaQpwzfixlx9mGhJZn778="}, "Form_ITR5": {"FormName": "ITR-5", "Description": "For firms, AOPs and BOIs", "AssessmentYear": "2022", "SchemaVer": "Ver1.0", "FormVer": "Ver1.0"}, "PartA_GEN1": {"OrgFirmInfo": {"AssesseeName": {"SurNameOrOrgName": "JAG SHAAN INDUSTRIES"}, "PAN": "AABFJ9735E", "Address": {"ResidenceNo": "94", "LocalityOrArea": "Friends Colony", "CityOrTownOrDistrict": "Nagpur", "StateCode": "19", "CountryCode": "91", "PinCode": 440013, "CountryCodeMobile": 91, "MobileNo": 9422124885, "CountryCodeMobileNoSec": 91, "MobileNoSec": 9422124885, "EmailAddress": "ravisupekar20474@gmail.com", "EmailAddressSecondary": "manojsharma_ca@yahoo.com"}, "DateOFFormOrIncorp": "1994-04-11", "StatusOrCompanyType": "1", "SubStatus": "10"}, "FilingStatus": {"ReturnFileSec": {"IncomeTaxSec": 11}, "BusinessTrustFlag": "N", "InvstmntFundRefrdSec115UB": "N", "ResidentialStatus": "RES", "ForeignExchangeFlag": "N", "NRI_PE": "N", "FiiFpiFlag": "N", "AsseseeRepFlg": "N", "StartUpDPIITFlag": "N", "InterMinisterialCertFlag": "N", "PartnerInFirmFlg": "N", "HeldUnlistedEqShrPrYrFlg": "N"}}, "PartA_GEN2": {"LiableSec44AAflg": "Y", "IncDclrdUs": "N", "TotalSalesExcOneCr": "Y", "AgrOFAllAmtsRcvd": "N", "AgrOFAllPayMade": "N", "LiableSec44ABflg": "Y", "AuditedByAccountantFlg": "Y", "AuditInfo": {"AuditReportFurnishDate": "2022-09-27", "AuditorName": "Manoj Dwarkadas Sharma", "AuditorMemNo": "110013", "AudFrmName": "MANOJ D. SHARMA", "AudFrmPAN": "ASLPS9298R", "AuditDate": "2022-09-20"}, "LiableSec92Eflg": "N", "PrevYrMemPartChange": "N", "PartnerOrMemberInfo": [{"PartnerForeignCompFlg": "NO", "PartnerOrMemberName": "ROMESHCHANDRA JAGANNATH BATRA", "AddressDetailWithZipCode": {"AddrDetail": "94  KATOL ROAD FRIENDS COLONY", "CityOrTownOrDistrict": "NAGPUR", "StateCode": "19", "CountryCode": "91", "PinCode": 440013}, "SharePercentage": 33.34, "PAN": "ABRPB9034D", "Status": "INDIVIDUAL", "RateOfInterest": 0, "RemunerationPaid": 57282}, {"PartnerForeignCompFlg": "NO", "PartnerOrMemberName": "LALITA ROMESHCHANDRA BATRA", "AddressDetailWithZipCode": {"AddrDetail": "94,  Katol Road, Friends Colony,", "CityOrTownOrDistrict": "NAGPUR", "StateCode": "19", "CountryCode": "91", "PinCode": 440013}, "SharePercentage": 33.33, "PAN": "AELPB8441H", "Status": "INDIVIDUAL", "RateOfInterest": 0, "RemunerationPaid": 14320}, {"PartnerForeignCompFlg": "NO", "PartnerOrMemberName": "ANURAG ROMESHCHANDRA BATRA", "AddressDetailWithZipCode": {"AddrDetail": "94,   Friends Colony,", "CityOrTownOrDistrict": "NAGPUR", "StateCode": "19", "CountryCode": "91", "PinCode": 440013}, "SharePercentage": 33.33, "PAN": "AFTPB5469A", "Status": "INDIVIDUAL", "RateOfInterest": 0, "RemunerationPaid": 71602}], "NatOfBus": {"NatureOfBusiness": [{"Code": "04097", "TradeName1": "Jagshaan Industries ", "Description": "MANUFACTURING [Other manufacturing n.e.c.]"}]}}, "PARTA_BS": {"FundSrc": {"PartnerOrMemberFund": {"PartnerOrMemberCap": 35972195, "ResrNSurp": {"RevResr": 0, "CapResr": 0, "StatResr": 0, "OthResr": 632000, "CreditBalOfPLAccount": 0, "TotResrNSurp": 632000}, "TotPartnerOrMemberFund": 36604195}, "LoanFunds": {"SecrLoan": {"ForeignCurrLoan": 0, "RupeeLoan": {"FrmBank": 21171937, "FrmOthrs": 0, "TotRupeeLoan": 21171937}, "TotSecrLoan": 21171937}, "UnsecrLoan": {"ForeignCurrencyLoans": 0, "RupeeLoan": {"FrmBank": 0, "FrmPersonSpcfdUs40A2b": 0, "FrmOthrs": 13887293, "TotRupeeLoan": 13887293}, "TotUnSecrLoan": 13887293}, "TotLoanFund": 35059230}, "DeferredTax": 0, "Advances": {"FrmPersonSpcfdUs40A2b": 0, "FrmOthers": 0, "TotalAdvances": 0}, "TotFundSrc": 71663425}, "FundApply": {"FixedAsset": {"GrossBlock": 18167808, "Depreciation": 795406, "NetBlock": 17372402, "CapWrkProg": 0, "TotFixedAsset": 17372402}, "Investments": {"LongTermInv": {"InvInProperty": 184630, "EquityInstruments": {"ListedEquities": 0, "UnListedEquities": 0, "Total": 0}, "PreferenceShares": 0, "GovtOrTrustSecurities": 0, "DebenturesOrBonds": 0, "MutualFunds": 0, "Others": 0, "TotLongTermInv": 184630}, "ShortTermInv": {"EquityInstruments": {"ListedEquities": 0, "UnListedEquities": 0, "Total": 0}, "PreferenceShares": 0, "GovtOrTrustSecurities": 0, "DebenturesOrBonds": 0, "MutualFunds": 0, "Others": 0, "TotShortTermInv": 0}, "TotInvestments": 184630}, "CurrAssetLoanAdv": {"CurrAsset": {"Inventories": {"RawMatl": 0, "WorkInProgress": 0, "FinOrTradGood": 36014075, "StkInTrade": 0, "StoresConsumables": 0, "LooseTools": 0, "Others": 0, "TotInventries": 36014075}, "SundryDebtorDtls": {"OutstandindMorethanOneYr": 0, "Others": 21752503, "TotalSundryDebtors": 21752503}, "CashOrBankBal": {"BankBal": 0, "CashinHand": 81997, "Others": 0, "TotCashOrBankBal": 81997}, "OthCurrAsset": 0, "TotCurrAsset": 57848575}, "LoanAdv": {"AdvRecoverable": 0, "Deposits": 6058190, "BalWithRevAuth": 0, "TotLoanAdv": 6058190, "LoanAdvIncluded": {"PurposeOFBusOrProf": 0, "NotForPurposeOFBusOrProf": 0}}, "TotCurrAssetLoanAdv": 63906765, "CurrLiabilitiesProv": {"CurrLiabilities": {"SundryCreditorDtls": {"OutstandindMorethanOneYr": 0, "Others": 8773056, "TotalSundryCreditors": 8773056}, "LiabForLeasedAsset": 0, "AccrIntonLeasedAsset": 0, "AccrIntNotDue": 0, "IncRecvdInAdv": 0, "OtherPayables": 0, "TotCurrLiabilities": 8773056}, "Provisions": {"ITProvision": 0, "ELSuperAnnGratProvision": 0, "OthProvision": 1027316, "TotProvisions": 1027316}, "TotCurrLiabilitiesProvision": 9800372}, "NetCurrAsset": 54106393}, "MiscAdjust": {"MiscExpndr": 0, "DefTaxAsset": 0, "AccumultedLosses": 0, "TotMiscAdjust": 0}, "TotFundApply": 71663425}, "NoBooksOfAccBS": {"TotSundryDbtAmt": 0, "TotSundryCrdAmt": 0, "TotStkInTradAmt": 0, "CashBalAmt": 0}}, "ManufacturingAccount": {"OpeningInventory": {"OpngStckRawMat": 0, "OpngStckWrkinPrgrs": 0, "OpngInvntryTotal": 0, "Purchases": 0, "DirectWages": 0, "DirectExpenses": 0, "CarriageInward": 0, "PowerAndFuel": 0, "OthDirectExpenses": 0, "IndirectWages": 0, "FactoryRentAndRates": 0, "FactoryInsurance": 0, "FactoryFuelAndPower": 0, "FactoryGeneralExpenses": 0, "DeprctnOfFactoryMachinery": 0, "TotalFactoryOverheads": 0, "TotalDebtsManfctrngAcc": 0}, "ClosingStock": {"ClsngStckRawMaterial": 0, "ClsngStckWrkInPrgrs": 0, "ClsngStckTotal": 0}, "CostOfGoodsPrdcd": 0}, "TradingAccount": {"SaleOfGoods": 75888975, "SaleOfServices": 0, "OtherOperatingRevenueDtls": [{"OperatingRevenueName": "Job receipts", "OperatingRevenueAmt": 4255193}], "OperatingRevenueTotal": 4255193, "SalesGrossReceiptsTotal": 80144168, "GrossRcptFromProfession": 0, "ExciseCustomsVAT": {"UnionExciseDuty": 0, "ServiceTax": 0, "VATorSaleTax": 0, "CentralGoodServiceTax": 0, "StateGoodServiceTax": 0, "IntegratedGoodServiceTax": 0, "UnionTerrGoodServiceTax": 0, "OthDutyTaxCess": 0, "TotExciseCustomsVAT": 0}, "TotRevenueFrmOperations": 80144168, "ClsngStckOfFinishedStcks": 36014075, "TardingAccTotCred": 116158243, "OpngStckOfFinishedStcks": 26373919, "Purchases": 69622486, "DirectExpenses": 12599964, "CarriageInward": 0, "PowerAndFuel": 0, "OtherDirectExpenses": [{"NatureOfDirectExpense": "Packaging expenses", "Amount": 3962}, {"NatureOfDirectExpense": "Cartage", "Amount": 385308}, {"NatureOfDirectExpense": "Crane charges", "Amount": 135719}, {"NatureOfDirectExpense": "Freight", "Amount": 3102344}, {"NatureOfDirectExpense": "Power and electricity", "Amount": 3552400}, {"NatureOfDirectExpense": "Water charges", "Amount": 44721}, {"NatureOfDirectExpense": "Samples", "Amount": 7288}, {"NatureOfDirectExpense": "Jobwork expenses", "Amount": 5368221}, {"NatureOfDirectExpense": "Round off Adjustment", "Amount": 1}], "DirectExpensesTotal": 12599964, "DutyTaxPay": {"ExciseCustomsVAT": {"CustomDuty": 0, "CounterVailDuty": 0, "SplAddDuty": 0, "UnionExciseDuty": 0, "ServiceTax": 0, "VATorSaleTax": 0, "CentralGoodServiceTax": 0, "StateGoodServiceTax": 0, "IntegratedGoodServiceTax": 0, "UnionTerrGoodServiceTax": 0, "OthDutyTaxCess": 0, "TotExciseCustomsVAT": 0}}, "GoodsCostPrdcdFrmMA": 0, "GrossProfitFrmBusProf": 7561874}, "PARTA_PL": {"CreditsToPL": {"GrossProfitTrnsfFrmTrdAcc": 7561874, "OthIncome": {"RentInc": 0, "Comissions": 0, "Dividends": 0, "InterestInc": 0, "ProfitOnSaleFixedAsset": 0, "ProfitOnInvChrSTT": 0, "ProfitOnOthInv": 0, "ProfitOnCurrFluct": 0, "ProfitOnCnvInvntryToCapAsst": 0, "ProfitOnAgriIncome": 0, "OtherIncDtls": [{"NatureOfIncome": "Interest on FD", "Amount": 32406}], "MiscOthIncome": 32406, "TotOthIncome": 32406}, "TotCreditsToPL": 7594280}, "DebitsToPL": {"DebitPlAcnt": {"Freight": 0, "ConsumptionOfStores": 0, "PowerFuel": 0, "RentExpdr": 0, "RepairsBldg": 0, "RepairMach": 700379, "EmployeeComp": {"SalsWages": 1252449, "Bonus": 114499, "MedExpReimb": 0, "LeaveEncash": 0, "LeaveTravelBenft": 0, "ContToSuperAnnFund": 0, "ContToPF": 0, "ContToGratFund": 0, "ContToOthFund": 0, "OthEmpBenftExpdr": 0, "TotEmployeeComp": 1366948, "AnyCompPaidToNonRes": "N", "AmtPaidToNonRes": 0}, "Insurances": {"MedInsur": 0, "LifeInsur": 0, "KeyManInsur": 0, "OthInsur": 63654, "TotInsurances": 63654}, "StaffWelfareExp": 0, "Entertainment": 12545, "Hospitality": 0, "Conference": 0, "SalePromoExp": 21129, "Advertisement": 0, "CommissionExpdrDtls": {"NonResOtherCompany": 0, "Others": 367013, "Total": 367013}, "RoyalityDtls": {"NonResOtherCompany": 0, "Others": 0, "Total": 0}, "ProfessionalConstDtls": {"NonResOtherCompany": 0, "Others": 0, "Total": 0}, "HotelBoardLodge": 0, "TravelExp": 61333, "ForeignTravelExp": 0, "ConveyanceExp": 159335, "TelephoneExp": 63854, "GuestHouseExp": 0, "ClubExp": 0, "FestivalCelebExp": 0, "Scholarship": 0, "Gift": 0, "Donation": 0, "RatesTaxesPays": {"ExciseCustomsVAT": {"UnionExciseDuty": 0, "ServiceTax": 0, "VATorSaleTax": 0, "Cess": 0, "CentralGoodServiceTax": 0, "StateGoodServiceTax": 0, "IntegratedGoodServiceTax": 0, "UnionTerrGoodServiceTax": 0, "OthDutyTaxCess": 0, "TotExciseCustomsVAT": 0}}, "AuditFee": 68880, "SalRemuneration": 143204, "OtherExpensesDtls": [{"ExpenseNature": "Retainership charges", "Amount": 268775}, {"ExpenseNature": "Office expenses", "Amount": 24526}, {"ExpenseNature": "Labour Welfare  and Fund", "Amount": 69679}, {"ExpenseNature": "Stationary", "Amount": 13604}, {"ExpenseNature": "Postage", "Amount": 4107}, {"ExpenseNature": "Subscription", "Amount": 41438}, {"ExpenseNature": "ESIC", "Amount": 63137}, {"ExpenseNature": "Consultancy Charges", "Amount": 25500}, {"ExpenseNature": "Computer expenses", "Amount": 21856}, {"ExpenseNature": "Miscellaneous expenses", "Amount": 20175}, {"ExpenseNature": "Bank commission and charges", "Amount": 121646}, {"ExpenseNature": "Testing charges", "Amount": 24275}, {"ExpenseNature": "Bank interest", "Amount": 2040727}, {"ExpenseNature": "Interest to Others", "Amount": 90000}, {"ExpenseNature": "Accounts W/off", "Amount": 42131}, {"ExpenseNature": "Effluent Expenses", "Amount": 37160}, {"ExpenseNature": "Round off Adjustment", "Amount": 1}], "OtherExpenses": 2908737, "BadDebtDtls": {"BadDebtAmtDtls": [], "BadDebtAmtDtlsTotal": 0, "OthersPANNotAvlblDtl": [], "OthersPANNotAvlblDtlTotal": 0, "OthersAmtLt1Lakh": 0, "BadDebt": 0}, "ProvForBadDoubtDebt": 0, "OthProvisionsExpdr": 0, "PBIDTA": 1657269, "InterestExpdrtDtls": {"NonResOtherCompany": 0, "Others": 0, "ResPartners": 861863, "ResOthers": 0, "InterestExpdr": 861863}, "DepreciationAmort": 795406, "PBT": 0}, "TaxProvAppr": {"ProvForCurrTax": 0, "ProvDefTax": 0, "ProfitAfterTax": 0, "BalBFPrevYr": 0, "AmtAvlAppr": 0, "Appropriations": {"TrfToReserves": 0}, "PartnerAccBalTrf": 0}}, "NatOfBus44AD": [], "PersumptiveInc44AD": {"GrsTrnOverOrReceipt": 0, "GrsTrnOverBank": 0, "GrsTrnOverAnyOthMode": 0, "TotPersumptiveInc44AD": 0, "PersumptiveInc44AD6Per": 0, "PersumptiveInc44AD8Per": 0}, "NatOfBus44ADA": [], "PersumptiveInc44ADA": {"GrsReceipt": 0, "TotPersumptiveInc44ADA": 0}, "NatOfBus44AE": [], "GoodsDtlsUs44AE": [], "TotalNumOfMonths": 0, "TotalPrsumptvIncUs44EGoods": 0, "TotalPrsumptvIncGCUs44E": 0, "SalRemrtnToPartnerFirm": 0, "TotalPrsumptvIncUs44E": 0, "NoBooksOfAccPL": {"GrossReceipt": 0, "GrsRcptAccPayeeOrBankMode": 0, "GrsRcptOtherMode": 0, "GrossProfit": 0, "Expenses": 0, "NetProfit": 0, "GrossReceiptPrf": 0, "GrsRcptAccPayeeOrBankModePrf": 0, "GrsRcptOtherModePrf": 0, "GrossProfitPrf": 0, "ExpensesPrf": 0, "NetProfitPrf": 0, "TotBusinessProfession": 0}, "TurnverFrmSpecActivity": 0, "GrossProfit": 0, "Expenditure": 0, "NetIncomeFrmSpecActivity": 0}, "PARTA_OI": {"MethodOfAcct": "MERC", "ChangeInAcctMethFlg": "N", "ProfDeviatDueAcctMeth": 0, "DecProOrIncLossUs145_2": 0, "MethodOfValClgStk": {"ValRawMaterial": "1", "ValFinishedGoods": "1", "ChngStockValMetFlg": "N", "EffectOnPL": 0, "DecProOrIncLossUs145_A": 0}, "NoCredToPLAmt": {"Section28Items": 0, "ProformaCreditsDue": 0, "PrevYrEscalClaim": 0, "OthItemInc": 0, "CapReceipt": 0, "TotNoCredToPLAmt": 0}, "AmtDisallUs36": {"StkInsurPrem": 0, "EmpHealthInsurPrem": 0, "EmpBonusCommSum": 0, "IntOnBorrCap": 0, "ZeroCoupBondDisc": 0, "RecogPFContribAmt": 0, "AppSuperAnnFundAmt": 0, "PensionSchemeSec80CCD": 0, "AppGratFundAmt": 0, "OthFundAmt": 0, "EmpContributionCredits": 0, "BadDebtDoubtAmt": 0, "BadDebtDoubtProvn": 0, "SpecResrvTranfr": 0, "FamPlanPromoExp": 0, "SecuritiesPaidAmt": 0, "MrktLossOthExpLossICDS": 0, "AnyOthDisallowance": 0, "ExpGovtApprovedSugarPrice": 0, "TotAmtDisallUs36": 0, "NoOfEmployeesEmployed": {"DeployedInIndia": 0, "DeployedOutSideIndia": 0, "Total": 0}}, "AmtDisallUs37": {"CapitalNatureExp": 0, "PersonalExp": 0, "BusOrProfessnExp": 0, "PoliticPartyExp": 0, "LawVoilatPenalExp": 0, "OthPenalFineExp": 0, "OffenceExp": 0, "ContigentLiability": 0, "OthAmtNotAllowUs37": 0, "TotAmtDisallUs37": 0}, "AmtDisallUs40": {"NonCompChapXVIIBAmt": 0, "NonComp40aiiChapXVIIBAmt": 0, "NonComp40aibChapXVIIBAmt": 0, "NonComp40aiiiChapXVIIBAmt": 0, "TaxAmtOnProfits": 0, "WTAmt": 0, "RolyatyOrServiceFee": 0, "IntSalBonPartner": 0, "AnyOthDisallowance": 0, "TotAmtDisallUs40": 0, "AnyAmtOfSec40AllowPrevYr": 0}, "AmtDisallUs40A": {"AmtPaidUs40A2b": 0, "AmtGT20kCash": 0, "ProvPmtGrat": 0, "ContToSetupTrust": 0, "AnyOthDisallowance": 0, "TotAmtDisallUs40A": 0}, "AmtDisallUs43BPyNowAll": {"AmtUs43B": {"TaxDutyCesAmt": 0, "ContToEmpPFSFGF": 0, "EmpBonusComm": 0, "IntPayaleToFI": 0, "SumPayaleLoanBrToFinComp": 0, "IntPayaleToFISchBank": 0, "LeaveEncashPayable": 0, "RailwayAsstsPyble": 0, "TotAmtUs43b": 0}}, "AmtDisall43B": {"AmtUs43B": {"TaxDutyCesAmt": 0, "ContToEmpPFSFGF": 0, "EmpBonusComm": 0, "IntPayaleToFI": 0, "SumPayaleLoanBrToFinComp": 0, "IntPayaleToFISchBank": 0, "LeaveEncashPayable": 0, "RailwayAsstsPyble": 0, "TotAmtUs43b": 0}}, "AmtExciseCustomsVATOutstanding": {"ExciseCustomsVAT": {"UnionExciseDuty": 0, "ServiceTax": 0, "VATorSaleTax": 0, "CentralGoodServiceTax": 0, "StateGoodServiceTax": 0, "IntegratedGoodServiceTax": 0, "UnionTerrGoodServiceTax": 0, "OthDutyTaxCess": 0, "TotExciseCustomsVAT": 0}}, "DeemedProfUs33ABs": 0, "DeemedProfUs33AB": 0, "DeemedProfUs33ABA": 0, "ProfTaxAmtUs41": 0, "PriorAmtIncCrDrPL": 0, "AmountOfExpDisAllwUs14A": 0, "DeemedProfUs33AC": 0, "ScheduleTPSAFlg": "N"}, "ScheduleHP": {"PropertyDetails": [], "PassThroghIncome": 0, "TotalIncomeChargeableUnHP": 0}, "CorpScheduleBP": {"BusinessIncOthThanSpec": {"ProfBfrTaxPL": 0, "NetPLFromSpecBus": 0, "NetProfLossSpecifiedBus": 0, "IncRecCredPLOthHeadDtls": {"HouseProperty": 0, "CapitalGains": 0, "OtherSources": 0, "Dividend": 0, "OtherThanDividend": 0, "UnderSec115BBG": 0, "UnderSec115BBF": 0}, "PLUs44sChapXIIGOthrUs115B": 0, "ProfitLossInclRefrdSec": {"ProfitLossUs44AD": 0, "ProfitLossUs44ADA": 0, "ProfitLossUs44AE": 0, "ProfitLossUs44B": 0, "ProfitLossUs44BB": 0, "ProfitLossUs44BBA": 0, "ProfitLossUs44DA": 0, "FirstSchITActOthr115B": 0}, "TotalProfitFrmActCvrd": 0, "ProfitFrmActCvrd": {"ProfitFrmActCvrdUndrRule7": 0, "ProfitFrmActCvrdUndrRule7A": 0, "ProfitFrmActCvrdUndrRule7B1": 0, "ProfitFrmActCvrdUndrRule7B1A": 0, "ProfitFrmActCvrdUndrRule8": 0}, "IncCredPL": {"FirmShareInc": 0, "AOPBOISharInc": 0, "OthExempInc": 0, "TotExempInc": 0}, "BalancePLOthThanSpecBus": 0, "ExpDebToPLOthHeadDtls": {"HouseProperty": 0, "CapitalGains": 0, "OtherSources": 0, "UnderSec115BBG": 0, "UnderSec115BBF": 0}, "ExpDebToPLExemptInc": 0, "ExpDebToPLExemptIncDisAllwUs14A": 0, "TotExpDebPL": 0, "AdjustedPLOthThanSpecBus": 0, "DepreciationDebPLCosAct": 795406, "DepreciationAllowITAct32": {"DepreciationAllowUs32_1_ii": 1160164, "DepreciationAllowUs32_1_i": 0, "TotDeprAllowITAct": 1160164}, "AdjustPLAfterDeprOthSpecInc": -364758, "AmtDebPLDisallowUs36": 0, "AmtDebPLDisallowUs37": 0, "AmtDebPLDisallowUs40": 0, "AmtDebPLDisallowUs40A": 0, "AmtDebPLDisallowUs43B": 0, "InterestDisAllowUs23SMEAct": 0, "DeemIncUs41": 0, "DeemIncUs3380HHD80IA": 0, "DeemIncUs32AC": 0, "DeemIncUs32AD": 0, "DeemIncUs33AB": 0, "DeemIncUs33ABA": 0, "DeemIncUs35ABA": 0, "DeemIncUs35ABB": 0, "DeemIncUs35AC": 0, "DeemIncUs40A3A": 0, "DeemIncUs33AC": 0, "DeemIncUs72A": 0, "DeemIncUs80HHD": 0, "DeemIncUs80IA": 0, "DeemIncUs43CA": 0, "OthItemDisallowUs28To44DB": 0, "AnyOthIncNotInclInExpDisallowPL": 0, "SalaryExpDisallowPL": 0, "BonusExpDisallowPL": 0, "CommissionExpDisallowPL": 0, "InterestExpDisallowPL": 0, "OthersExpDisallowPL": 0, "IncProfDecLossAccICDSAdj": 0, "TotAfterAddToPLDeprOthSpecInc": 0, "DeductUs32_1_iii": 0, "DebPLUs35ExcessAmt": 0, "AmtDisallUs40NowAllow": 0, "AmtDisallUs43BNowAllow": 0, "AnyOthAmtAllDeduct": 0, "DecProfIncLossAccICDSAdj": 0, "TotDeductionAmts": 0, "PLAftAdjDedBusOthThanSpec": -364758, "DeemedProfitBusUs": {"Section44AD": 0, "Section44ADA": 0, "Section44AE": 0, "Section44B": 0, "Section44BB": 0, "Section44BBA": 0, "Section44DA": 0, "FirstSchTActOther": 0, "TotDeemedProfitBusUs": 0}, "NetPLAftAdjBusOthThanSpec": -364758, "NetPLBusOthThanSpec7A7B7C": -364758, "ChrgblIncUndrRule7": 0, "DeemedChrgblIncUndrRule7A": 0, "DeemedChrgblIncUndrRule7B1": 0, "DeemedChrgblIncUndrRule7B1A": 0, "DeemedChrgblIncUndrRule8": 0, "IncomeOtherThanRule": -364758, "BalIncDeemedFrmAgri": 0}, "SpecBusinessInc": {"NetPLFrmSpecBus": 0, "AdditionUs28to44DB": 0, "DeductUs28to44DB": 0, "AdjustedPLFrmSpecuBus": 0}, "IncSpecifiedBusiness": {"NetPLFrmSpecifiedBus": 0, "AddSec28to44DB": 0, "DedSec28to44DBOTDedSec35AD": 0, "ProfitLossSpecifiedBusiness": 0, "DedSec35AD": 0, "ProfitLossSpecifiedBusFinal": 0}, "IncChrgUnHdProftGain": -364758, "BusSetoffCurrYr": {"LossSetOffOnBusLoss": 364758, "SpeculativeInc": {"IncOfCurYrUnderThatHead": 0, "BusLossSetoff": 0, "IncOfCurYrAfterSetOff": 0}, "SpecifiedInc": {"IncOfCurYrUnderThatHead": 0, "BusLossSetoff": 0, "IncOfCurYrAfterSetOff": 0}, "TotLossSetOffOnBus": 0, "LossRemainSetOffOnBus": 364758}}, "ScheduleDPM": {"PlantMachinery": {"Rate15": {"DepreciationDetail": {"WDVFirstDay": 6042100, "AdditionsGrThan180Days": 238969, "RealizationTotalPeriod": 0, "FullRateDeprAmt": 6281069, "AdditionsLessThan180Days": 290473, "RealizationPeriodDuringYear": 0, "HalfRateDeprAmt": 290473, "DepreciationAtFullRate": 942161, "DepreciationAtHalfRate": 21785, "AddlnDeprOnGT180DayAdditions": 0, "AddlnDeprDuringYearAdditions": 0, "AddlnDeprOnLessThan180DayAdditions": 0, "TotalDepreciation": 963946, "DepDisAllowUs38_2": 0, "NetAggregateDepreciation": 963946, "ProportionateAggDepreciation": 0, "ExpdrOnTrforSaleAsset": 0, "CapGainUs50": 0, "WDVLastDay": 5607596}}, "Rate30": {"DepreciationDetail": {"WDVFirstDay": 0, "AdditionsGrThan180Days": 0, "RealizationTotalPeriod": 0, "FullRateDeprAmt": 0, "AdditionsLessThan180Days": 0, "RealizationPeriodDuringYear": 0, "HalfRateDeprAmt": 0, "DepreciationAtFullRate": 0, "DepreciationAtHalfRate": 0, "AddlnDeprOnGT180DayAdditions": 0, "AddlnDeprDuringYearAdditions": 0, "AddlnDeprOnLessThan180DayAdditions": 0, "TotalDepreciation": 0, "DepDisAllowUs38_2": 0, "NetAggregateDepreciation": 0, "ProportionateAggDepreciation": 0, "ExpdrOnTrforSaleAsset": 0, "CapGainUs50": 0, "WDVLastDay": 0}}, "Rate40": {"DepreciationDetail": {"WDVFirstDay": 29941, "AdditionsGrThan180Days": 0, "RealizationTotalPeriod": 0, "FullRateDeprAmt": 29941, "AdditionsLessThan180Days": 0, "RealizationPeriodDuringYear": 0, "HalfRateDeprAmt": 0, "DepreciationAtFullRate": 11976, "DepreciationAtHalfRate": 0, "AddlnDeprOnGT180DayAdditions": 0, "AddlnDeprDuringYearAdditions": 0, "AddlnDeprOnLessThan180DayAdditions": 0, "TotalDepreciation": 11976, "DepDisAllowUs38_2": 0, "NetAggregateDepreciation": 11976, "ProportionateAggDepreciation": 0, "ExpdrOnTrforSaleAsset": 0, "CapGainUs50": 0, "WDVLastDay": 17965}}, "Rate45": {"DepreciationDetail": {"WDVFirstDay": 0, "RealizationTotalPeriod": 0, "FullRateDeprAmt": 0, "DepreciationAtFullRate": 0, "TotalDepreciation": 0, "DepDisAllowUs38_2": 0, "NetAggregateDepreciation": 0, "ProportionateAggDepreciation": 0, "ExpdrOnTrforSaleAsset": 0, "CapGainUs50": 0, "WDVLastDay": 0}}}}, "ScheduleDOA": {"Building": {"Rate5": {"DepreciationDetail": {"WDVFirstDay": 0, "AdditionsGrThan180Days": 0, "RealizationTotalPeriod": 0, "FullRateDeprAmt": 0, "AdditionsLessThan180Days": 0, "RealizationPeriodDuringYear": 0, "HalfRateDeprAmt": 0, "DepreciationAtFullRate": 0, "DepreciationAtHalfRate": 0, "TotalDepreciation": 0, "DepDisAllowUs38_2": 0, "NetAggregateDepreciation": 0, "ProportionateAggDepreciation": 0, "ExpdrOnTrforSaleAsset": 0, "CapGainUs50": 0, "WDVLastDay": 0}}, "Rate10": {"DepreciationDetail": {"WDVFirstDay": 1513633, "AdditionsGrThan180Days": 0, "RealizationTotalPeriod": 0, "FullRateDeprAmt": 1513633, "AdditionsLessThan180Days": 0, "RealizationPeriodDuringYear": 0, "HalfRateDeprAmt": 0, "DepreciationAtFullRate": 151363, "DepreciationAtHalfRate": 0, "TotalDepreciation": 151363, "DepDisAllowUs38_2": 0, "NetAggregateDepreciation": 151363, "ProportionateAggDepreciation": 0, "ExpdrOnTrforSaleAsset": 0, "CapGainUs50": 0, "WDVLastDay": 1362270}}, "Rate40": {"DepreciationDetail": {"WDVFirstDay": 0, "AdditionsGrThan180Days": 0, "RealizationTotalPeriod": 0, "FullRateDeprAmt": 0, "AdditionsLessThan180Days": 0, "RealizationPeriodDuringYear": 0, "HalfRateDeprAmt": 0, "DepreciationAtFullRate": 0, "DepreciationAtHalfRate": 0, "TotalDepreciation": 0, "DepDisAllowUs38_2": 0, "NetAggregateDepreciation": 0, "ProportionateAggDepreciation": 0, "ExpdrOnTrforSaleAsset": 0, "CapGainUs50": 0, "WDVLastDay": 0}}}, "FurnitureFittings": {"Rate10": {"DepreciationDetail": {"WDVFirstDay": 328781, "AdditionsGrThan180Days": 0, "RealizationTotalPeriod": 0, "FullRateDeprAmt": 328781, "AdditionsLessThan180Days": 0, "RealizationPeriodDuringYear": 0, "HalfRateDeprAmt": 0, "DepreciationAtFullRate": 32879, "DepreciationAtHalfRate": 0, "TotalDepreciation": 32879, "DepDisAllowUs38_2": 0, "NetAggregateDepreciation": 32879, "ProportionateAggDepreciation": 0, "ExpdrOnTrforSaleAsset": 0, "CapGainUs50": 0, "WDVLastDay": 295902}}}, "IntangibleAssets": {"Rate25": {"DepreciationDetail": {"WDVFirstDay": 0, "AdditionsGrThan180Days": 0, "RealizationTotalPeriod": 0, "FullRateDeprAmt": 0, "AdditionsLessThan180Days": 0, "RealizationPeriodDuringYear": 0, "HalfRateDeprAmt": 0, "DepreciationAtFullRate": 0, "DepreciationAtHalfRate": 0, "TotalDepreciation": 0, "DepDisAllowUs38_2": 0, "NetAggregateDepreciation": 0, "ProportionateAggDepreciation": 0, "ExpdrOnTrforSaleAsset": 0, "CapGainUs50": 0, "WDVLastDay": 0}}}, "Ships": {"Rate20": {"DepreciationDetail": {"WDVFirstDay": 0, "AdditionsGrThan180Days": 0, "RealizationTotalPeriod": 0, "FullRateDeprAmt": 0, "AdditionsLessThan180Days": 0, "RealizationPeriodDuringYear": 0, "HalfRateDeprAmt": 0, "DepreciationAtFullRate": 0, "DepreciationAtHalfRate": 0, "TotalDepreciation": 0, "DepDisAllowUs38_2": 0, "NetAggregateDepreciation": 0, "ProportionateAggDepreciation": 0, "ExpdrOnTrforSaleAsset": 0, "CapGainUs50": 0, "WDVLastDay": 0}}}}, "ScheduleDEP": {"SummaryFromDeprSch": {"PlantMachinerySummary": {"DeprBlockTot15Percent": 963946, "DeprBlockTot30Percent": 0, "DeprBlockTot40Percent": 11976, "DeprBlockTot45Percent": 0, "TotPlntMach": 975922}, "BuildingSummary": {"DeprBlockTot5Percent": 0, "DeprBlockTot10Percent": 151363, "DeprBlockTot40Percent": 0, "TotBuildng": 151363}, "FurnitureSummary": 32879, "IntangibleAssetSummary": 0, "ShipsSummary": 0, "TotalDepreciation": 1160164}}, "ScheduleDCG": {"SummaryFromDeprSchCG": {"FurnitureSummary": 0, "IntangibleAssetSummary": 0, "ShipsSummary": 0, "TotalDepreciation": 0}}, "ScheduleCG": {"ShortTermCapGain": {"SlumpSaleInStcg": {"FMV11UAEii": 0, "FMV11UAEiii": 0, "FullConsideration": 0, "NetWorthOfDivision": 0, "CapgainonAssets": 0}, "EquityMFonSTT": [{"MFSectionCode": "1A", "EquityMFonSTTDtls": {"FullConsideration": 0, "DeductSec48": {"Reduction48iii": 0, "AquisitCost": 0, "ImproveCost": 0, "ExpOnTrans": 0, "TotalDedn": 0}, "BalanceCG": 0, "LossSec94of7Or94of8": 0, "CapgainonAssets": 0}}], "NRITransacSec48Dtl": {"NRItaxSTTPaid": 0, "NRItaxSTTNotPaid": 0}, "NRISecur115AD": {"FullValueConsdRecvUnqshr": 0, "FairMrktValueUnqshr": 0, "FullValueConsdSec50CA": 0, "FullValueConsdOthUnqshr": 0, "FullConsideration": 0, "DeductSec48": {"Reduction48iii": 0, "AquisitCost": 0, "ImproveCost": 0, "ExpOnTrans": 0, "TotalDedn": 0}, "BalanceCG": 0, "LossSec94of7Or94of8": 0, "CapgainonAssets": 0}, "SaleOnOtherAssets": {"FullValueConsdRecvUnqshr": 0, "FairMrktValueUnqshr": 0, "FullValueConsdSec50CA": 0, "FullValueConsdOthUnqshr": 0, "FullConsideration": 0, "DeductSec48": {"Reduction48iii": 0, "AquisitCost": 0, "ImproveCost": 0, "ExpOnTrans": 0, "TotalDedn": 0}, "BalanceCG": 0, "LossSec94of7Or94of8": 0, "DeemedSTCGDeprAsset": 0, "ExemptionOrDednUs54": {"ExemptionOrDednUs54Dtls": [], "ExemptionGrandTotal": 0}, "CapgainonAssets": 0}, "UnutilizedStcgFlag": "X", "AmtDeemedStcg45iv": 0, "AmtDeemedStcg": 0, "TotalAmtDeemedStcg": 0, "PassThrIncNatureSTCG": 0, "PassThrIncNatureSTCG15Per": 0, "PassThrIncNatureSTCG30Per": 0, "PassThrIncNatureSTCGAppRate": 0, "TotalAmtNotTaxUsDTAAStcg": 0, "TotalAmtTaxUsDTAAStcg": 0, "TotalSTCG": 0}, "LongTermCapGain": {"SlumpSaleInLtcg": {"FMV11UAEii": 0, "FMV11UAEiii": 0, "FullConsideration": 0, "NetWorthOfDivision": 0, "SlumpBalance": 0, "DeductionUnderSec54": 0, "CapgainonAssets": 0}, "SaleofBondsDebntr": {"FullConsideration": 0, "DeductSec48": {"Reduction48iii": 0, "AquisitCost": 0, "ImproveCost": 0, "ExpOnTrans": 0, "TotalDedn": 0}, "BalanceCG": 0}, "Proviso112Applicable": {"Proviso112SectionCode": "22", "Proviso112Applicabledtls": {"FullConsideration": 0, "DeductSec48": {"Reduction48iii": 0, "AquisitCost": 0, "ImproveCost": 0, "ExpOnTrans": 0, "TotalDedn": 0}, "BalanceCG": 0}}, "SaleOfEquityShareUs112A": {"CapgainonAssets": 0}, "NRIProvisoSec48": {"BalanceCG": 0}, "NRIOnSec112and115": {"NRIOnSec112and115Dtls": [{"SectionCode": "21ciii", "FullValueConsdRecvUnqshr": 0, "FairMrktValueUnqshr": 0, "FullValueConsdSec50CA": 0, "FullValueConsdOthUnqshr": 0, "FullConsideration": 0, "DeductSec48": {"Reduction48iii": 0, "AquisitCost": 0, "ImproveCost": 0, "ExpOnTrans": 0, "TotalDedn": 0}, "BalanceCG": 0}]}, "NRISaleOfEquityShareUs112A": {"CapgainonAssets": 0}, "SaleofAssetNA": {"FullValueConsdRecvUnqshr": 0, "FairMrktValueUnqshr": 0, "FullValueConsdSec50CA": 0, "FullValueConsdOthUnqshr": 0, "FullConsideration": 0, "DeductSec48": {"Reduction48iii": 0, "AquisitCost": 0, "ImproveCost": 0, "ExpOnTrans": 0, "TotalDedn": 0}, "BalanceCG": 0, "ExemptionOrDednUs54": {"ExemptionGrandTotal": 0}, "CapgainonAssets": 0}, "UnutilizedLtcgFlag": "X", "AmtDeemedLtcg45iv": 0, "AmtDeemedLtcg": 0, "TotalAmtDeemedLtcg": 0, "PassThrIncNatureLTCG": 0, "PassThrIncNatureLTCGUs112A": 0, "PassThrIncNatureLTCG10Per": 0, "PassThrIncNatureLTCG20Per": 0, "TotalAmtNotTaxUsDTAALtcg": 0, "TotalAmtTaxUsDTAALtcg": 0, "TotalLTCG": 0}, "IncChargeableHeadCapGain": 0, "DeducClaimInfo": {"TotDeductClaim": 0}, "CurrYrLosses": {"InLossSetOff": {"StclSetoff15Per": 0, "StclSetoff30Per": 0, "StclSetoffAppRate": 0, "StclSetoffDTAARate": 0, "LtclSetOff10Per": 0, "LtclSetOff20Per": 0, "LtclSetOffDTAARate": 0}, "InStcg15Per": {"CurrYearIncome": 0, "StclSetoff30Per": 0, "StclSetoffAppRate": 0, "StclSetoffDTAARate": 0, "CurrYrCapGain": 0}, "InStcg30Per": {"CurrYearIncome": 0, "StclSetoff15Per": 0, "StclSetoffAppRate": 0, "StclSetoffDTAARate": 0, "CurrYrCapGain": 0}, "InStcgAppRate": {"CurrYearIncome": 0, "StclSetoff15Per": 0, "StclSetoff30Per": 0, "StclSetoffDTAARate": 0, "CurrYrCapGain": 0}, "InStcgDTAARate": {"CurrYearIncome": 0, "StclSetoff15Per": 0, "StclSetoff30Per": 0, "StclSetoffAppRate": 0, "CurrYrCapGain": 0}, "InLtcg10Per": {"CurrYearIncome": 0, "StclSetoff15Per": 0, "StclSetoff30Per": 0, "StclSetoffAppRate": 0, "StclSetoffDTAARate": 0, "LtclSetOff20Per": 0, "LtclSetOffDTAARate": 0, "CurrYrCapGain": 0}, "InLtcg20Per": {"CurrYearIncome": 0, "StclSetoff15Per": 0, "StclSetoff30Per": 0, "StclSetoffAppRate": 0, "StclSetoffDTAARate": 0, "LtclSetOff10Per": 0, "LtclSetOffDTAARate": 0, "CurrYrCapGain": 0}, "InLtcgDTAARate": {"CurrYearIncome": 0, "StclSetoff15Per": 0, "StclSetoff30Per": 0, "StclSetoffAppRate": 0, "StclSetoffDTAARate": 0, "LtclSetOff10Per": 0, "LtclSetOff20Per": 0, "CurrYrCapGain": 0}, "TotLossSetOff": {"StclSetoff15Per": 0, "StclSetoff30Per": 0, "StclSetoffAppRate": 0, "StclSetoffDTAARate": 0, "LtclSetOff10Per": 0, "LtclSetOff20Per": 0, "LtclSetOffDTAARate": 0}, "LossRemainSetOff": {"StclSetoff15Per": 0, "StclSetoff30Per": 0, "StclSetoffAppRate": 0, "StclSetoffDTAARate": 0, "LtclSetOff10Per": 0, "LtclSetOff20Per": 0, "LtclSetOffDTAARate": 0}}, "AccruOrRecOfCG": {"ShortTermUnder15Per": {"DateRange": {"Upto15Of6": 0, "Upto15Of9": 0, "Up16Of9To15Of12": 0, "Up16Of12To15Of3": 0, "Up16Of3To31Of3": 0}}, "ShortTermUnder30Per": {"DateRange": {"Upto15Of6": 0, "Upto15Of9": 0, "Up16Of9To15Of12": 0, "Up16Of12To15Of3": 0, "Up16Of3To31Of3": 0}}, "ShortTermUnderAppRate": {"DateRange": {"Upto15Of6": 0, "Upto15Of9": 0, "Up16Of9To15Of12": 0, "Up16Of12To15Of3": 0, "Up16Of3To31Of3": 0}}, "ShortTermUnderDTAARate": {"DateRange": {"Upto15Of6": 0, "Upto15Of9": 0, "Up16Of9To15Of12": 0, "Up16Of12To15Of3": 0, "Up16Of3To31Of3": 0}}, "LongTermUnder10Per": {"DateRange": {"Upto15Of6": 0, "Upto15Of9": 0, "Up16Of9To15Of12": 0, "Up16Of12To15Of3": 0, "Up16Of3To31Of3": 0}}, "LongTermUnder20Per": {"DateRange": {"Upto15Of6": 0, "Upto15Of9": 0, "Up16Of9To15Of12": 0, "Up16Of12To15Of3": 0, "Up16Of3To31Of3": 0}}, "LongTermUnderDTAARate": {"DateRange": {"Upto15Of6": 0, "Upto15Of9": 0, "Up16Of9To15Of12": 0, "Up16Of12To15Of3": 0, "Up16Of3To31Of3": 0}}}}, "Schedule112A": {"SaleValue112A": 0, "CostAcqWithoutIndx112A": 0, "AcquisitionCost112A": 0, "LTCGBeforelowerB1B2112A": 0, "FairMktValueCapAst112A": 0, "ExpExclCnctTransfer112A": 0, "Deductions112A": 0, "Balance112A": 0}, "Schedule115AD": {"SaleValue115AD": 0, "CostAcqWithoutIndx115AD": 0, "AcquisitionCost115AD": 0, "LTCGBeforelowerB1B2115AD": 0, "FairMktValueCapAst115AD": 0, "ExpExclCnctTransfer115AD": 0, "Deductions115AD": 0, "Balance115AD": 0}, "ScheduleOS": {"IncOthThanOwnRaceHorse": {"GrossIncChrgblTaxAtAppRate": 0, "DividendGross": 0, "DividendOthThan22e": 0, "Dividend22e": 0, "InterestGross": 0, "IntrstFrmSavingBank": 0, "IntrstFrmTermDeposit": 0, "IntrstFrmIncmTaxRefund": 0, "NatofPassThrghIncome": 0, "IntrstFrmOthers": 0, "RentFromMachPlantBldgs": 0, "Tot562x": 0, "Aggrtvaluewithoutcons562x": 0, "Immovpropwithoutcons562x": 0, "Immovpropinadeqcons562x": 0, "Anyotherpropwithoutcons562x": 0, "Anyotherpropinadeqcons562x": 0, "AnyOtherIncome": 0, "IncChargeableSpecialRates": 0, "LtryPzzlChrgblUs115BB": 0, "IncChrgblUs115BBE": 0, "CashCreditsUs68": 0, "UnExplndInvstmntsUs69": 0, "UnExplndMoneyUs69A": 0, "UnDsclsdInvstmntsUs69B": 0, "UnExplndExpndtrUs69C": 0, "AmtBrwdRepaidOnHundiUs69D": 0, "OthersGross": 0, "PassThrIncOSChrgblSplRate": 0, "IncChargblSplRateOS": {"TotalAmtTaxUsDTAASchOs": 0}, "Deductions": {"Expenses": 0, "UsrIntExp57": 0, "IntExp57": 0, "Depreciation": 0, "TotDeductions": 0}, "AmtNotDeductibleUs58": 0, "ProfitChargTaxUs59": 0, "BalanceNoRaceHorse": 0}, "TotOthSrcNoRaceHorse": 0, "IncFromOwnHorse": {"Receipts": 0, "DeductSec57": 0, "AmtNotDeductibleUs58": 0, "ProfitChargTaxUs59": 0, "BalanceOwnRaceHorse": 0}, "IncChargeableFrmOthSrc": 0, "IncFrmLottery": {"DateRange": {"Upto15Of6": 0, "Up16Of6To15Of9": 0, "Up16Of9To15Of12": 0, "Up16Of12To15Of3": 0, "Up16Of3To31Of3": 0}}, "DividendIncUs115BBDA": {"DateRange": {"Upto15Of6": 0, "Up16Of6To15Of9": 0, "Up16Of9To15Of12": 0, "Up16Of12To15Of3": 0, "Up16Of3To31Of3": 0}}, "DividendIncUs115A1ai": {"DateRange": {"Upto15Of6": 0, "Up16Of6To15Of9": 0, "Up16Of9To15Of12": 0, "Up16Of12To15Of3": 0, "Up16Of3To31Of3": 0}}, "DividendIncUs115AC": {"DateRange": {"Upto15Of6": 0, "Up16Of6To15Of9": 0, "Up16Of9To15Of12": 0, "Up16Of12To15Of3": 0, "Up16Of3To31Of3": 0}}, "DividendIncUs115AD1iDiv": {"DateRange": {"Upto15Of6": 0, "Up16Of6To15Of9": 0, "Up16Of9To15Of12": 0, "Up16Of12To15Of3": 0, "Up16Of3To31Of3": 0}}, "DividendIncUs115AD1IBd": {"DateRange": {"Upto15Of6": 0, "Up16Of6To15Of9": 0, "Up16Of9To15Of12": 0, "Up16Of12To15Of3": 0, "Up16Of3To31Of3": 0}}, "DividendDTAA": {"DateRange": {"Upto15Of6": 0, "Up16Of6To15Of9": 0, "Up16Of9To15Of12": 0, "Up16Of12To15Of3": 0, "Up16Of3To31Of3": 0}}}, "ScheduleCYLA": {"HP": {"IncCYLA": {"IncOfCurYrUnderThatHead": 0, "BusLossSetoff": 0, "OthSrcLossNoRaceHorseSetoff": 0, "IncOfCurYrAfterSetOff": 0}}, "BusProfExclSpecProf": {"IncCYLA": {"IncOfCurYrUnderThatHead": 0, "HPlossCurYrSetoff": 0, "OthSrcLossNoRaceHorseSetoff": 0, "IncOfCurYrAfterSetOff": 0}}, "SpeculationIncome": {"IncCYLA": {"IncOfCurYrUnderThatHead": 0, "HPlossCurYrSetoff": 0, "OthSrcLossNoRaceHorseSetoff": 0, "IncOfCurYrAfterSetOff": 0}}, "SpecifiedBusIncome": {"IncCYLA": {"IncOfCurYrUnderThatHead": 0, "HPlossCurYrSetoff": 0, "OthSrcLossNoRaceHorseSetoff": 0, "IncOfCurYrAfterSetOff": 0}}, "STCG15Per": {"IncCYLA": {"IncOfCurYrUnderThatHead": 0, "HPlossCurYrSetoff": 0, "OthSrcLossNoRaceHorseSetoff": 0, "BusLossSetoff": 0, "IncOfCurYrAfterSetOff": 0}}, "STCG30Per": {"IncCYLA": {"IncOfCurYrUnderThatHead": 0, "HPlossCurYrSetoff": 0, "OthSrcLossNoRaceHorseSetoff": 0, "BusLossSetoff": 0, "IncOfCurYrAfterSetOff": 0}}, "STCGAppRate": {"IncCYLA": {"IncOfCurYrUnderThatHead": 0, "HPlossCurYrSetoff": 0, "OthSrcLossNoRaceHorseSetoff": 0, "BusLossSetoff": 0, "IncOfCurYrAfterSetOff": 0}}, "STCGDTAARate": {"IncCYLA": {"IncOfCurYrUnderThatHead": 0, "HPlossCurYrSetoff": 0, "OthSrcLossNoRaceHorseSetoff": 0, "BusLossSetoff": 0, "IncOfCurYrAfterSetOff": 0}}, "LTCG10Per": {"IncCYLA": {"IncOfCurYrUnderThatHead": 0, "HPlossCurYrSetoff": 0, "OthSrcLossNoRaceHorseSetoff": 0, "BusLossSetoff": 0, "IncOfCurYrAfterSetOff": 0}}, "LTCG20Per": {"IncCYLA": {"IncOfCurYrUnderThatHead": 0, "HPlossCurYrSetoff": 0, "OthSrcLossNoRaceHorseSetoff": 0, "BusLossSetoff": 0, "IncOfCurYrAfterSetOff": 0}}, "LTCGDTAARate": {"IncCYLA": {"IncOfCurYrUnderThatHead": 0, "HPlossCurYrSetoff": 0, "OthSrcLossNoRaceHorseSetoff": 0, "BusLossSetoff": 0, "IncOfCurYrAfterSetOff": 0}}, "OthSrcExclRaceHorseLottery": {"IncCYLA": {"IncOfCurYrUnderThatHead": 0, "HPlossCurYrSetoff": 0, "BusLossSetoff": 0, "IncOfCurYrAfterSetOff": 0}}, "ProfitFrmRaceHorse": {"IncCYLA": {"IncOfCurYrUnderThatHead": 0, "HPlossCurYrSetoff": 0, "OthSrcLossNoRaceHorseSetoff": 0, "BusLossSetoff": 0, "IncOfCurYrAfterSetOff": 0}}, "IncOSDTAA": {"IncCYLA": {"IncOfCurYrUnderThatHead": 0, "HPlossCurYrSetoff": 0, "OthSrcLossNoRaceHorseSetoff": 0, "BusLossSetoff": 0, "IncOfCurYrAfterSetOff": 0}}, "TotalCurYr": {"TotHPlossCurYr": 0, "TotBusLoss": 364758, "TotOthSrcLossNoRaceHorse": 0}, "TotalLossSetOff": {"TotHPlossCurYrSetoff": 0, "TotBusLossSetoff": 0, "TotOthSrcLossNoRaceHorseSetoff": 0}, "LossRemAftSetOff": {"BalBusLossAftSetoff": 364758, "BalHPlossCurYrAftSetoff": 0, "BalOthSrcLossNoRaceHorseAftSetoff": 0}}, "ScheduleBFLA": {"HP": {"IncBFLA": {"IncOfCurYrUndHeadFromCYLA": 0, "BFAllUs35Cl4Setoff": 0, "BFlossPrevYrUndSameHeadSetoff": 0, "BFUnabsorbedDeprSetoff": 0, "IncOfCurYrAfterSetOffBFLosses": 0}}, "BusProfExclSpecProf": {"IncBFLA": {"IncOfCurYrUndHeadFromCYLA": 0, "BFAllUs35Cl4Setoff": 0, "BFlossPrevYrUndSameHeadSetoff": 0, "BFUnabsorbedDeprSetoff": 0, "IncOfCurYrAfterSetOffBFLosses": 0}}, "SpeculationIncome": {"IncBFLA": {"IncOfCurYrUndHeadFromCYLA": 0, "BFAllUs35Cl4Setoff": 0, "BFlossPrevYrUndSameHeadSetoff": 0, "BFUnabsorbedDeprSetoff": 0, "IncOfCurYrAfterSetOffBFLosses": 0}}, "SpecifiedBusIncome": {"IncBFLA": {"IncOfCurYrUndHeadFromCYLA": 0, "BFAllUs35Cl4Setoff": 0, "BFlossPrevYrUndSameHeadSetoff": 0, "BFUnabsorbedDeprSetoff": 0, "IncOfCurYrAfterSetOffBFLosses": 0}}, "STCG15Per": {"IncBFLA": {"IncOfCurYrUndHeadFromCYLA": 0, "BFAllUs35Cl4Setoff": 0, "BFlossPrevYrUndSameHeadSetoff": 0, "BFUnabsorbedDeprSetoff": 0, "IncOfCurYrAfterSetOffBFLosses": 0}}, "STCG30Per": {"IncBFLA": {"IncOfCurYrUndHeadFromCYLA": 0, "BFAllUs35Cl4Setoff": 0, "BFlossPrevYrUndSameHeadSetoff": 0, "BFUnabsorbedDeprSetoff": 0, "IncOfCurYrAfterSetOffBFLosses": 0}}, "STCGAppRate": {"IncBFLA": {"IncOfCurYrUndHeadFromCYLA": 0, "BFAllUs35Cl4Setoff": 0, "BFlossPrevYrUndSameHeadSetoff": 0, "BFUnabsorbedDeprSetoff": 0, "IncOfCurYrAfterSetOffBFLosses": 0}}, "STCGDTAARate": {"IncBFLA": {"IncOfCurYrUndHeadFromCYLA": 0, "BFAllUs35Cl4Setoff": 0, "BFlossPrevYrUndSameHeadSetoff": 0, "BFUnabsorbedDeprSetoff": 0, "IncOfCurYrAfterSetOffBFLosses": 0}}, "LTCG10Per": {"IncBFLA": {"IncOfCurYrUndHeadFromCYLA": 0, "BFAllUs35Cl4Setoff": 0, "BFlossPrevYrUndSameHeadSetoff": 0, "BFUnabsorbedDeprSetoff": 0, "IncOfCurYrAfterSetOffBFLosses": 0}}, "LTCG20Per": {"IncBFLA": {"IncOfCurYrUndHeadFromCYLA": 0, "BFAllUs35Cl4Setoff": 0, "BFlossPrevYrUndSameHeadSetoff": 0, "BFUnabsorbedDeprSetoff": 0, "IncOfCurYrAfterSetOffBFLosses": 0}}, "LTCGDTAARate": {"IncBFLA": {"IncOfCurYrUndHeadFromCYLA": 0, "BFAllUs35Cl4Setoff": 0, "BFlossPrevYrUndSameHeadSetoff": 0, "BFUnabsorbedDeprSetoff": 0, "IncOfCurYrAfterSetOffBFLosses": 0}}, "OthSrcExclRaceHorse": {"IncBFLA": {"IncOfCurYrUndHeadFromCYLA": 0, "BFAllUs35Cl4Setoff": 0, "BFUnabsorbedDeprSetoff": 0, "IncOfCurYrAfterSetOffBFLosses": 0}}, "ProfitFrmRaceHorse": {"IncBFLA": {"IncOfCurYrUndHeadFromCYLA": 0, "BFAllUs35Cl4Setoff": 0, "BFlossPrevYrUndSameHeadSetoff": 0, "BFUnabsorbedDeprSetoff": 0, "IncOfCurYrAfterSetOffBFLosses": 0}}, "IncOSDTAA": {"IncBFLA": {"IncOfCurYrUndHeadFromCYLA": 0, "BFAllUs35Cl4Setoff": 0, "BFUnabsorbedDeprSetoff": 0, "IncOfCurYrAfterSetOffBFLosses": 0}}, "TotalBFLossSetOff": {"TotBFLossSetoff": 0, "TotUnabsorbedDeprSetoff": 0, "TotAllUs35cl4Setoff": 0}, "IncomeOfCurrYrAftCYLABFLA": 0}, "ScheduleCFL": {"TotalOfBFLossesEarlierYrs": {"LossSummaryDetail": {"TotalHPPTILossCF": 0, "BusLossOthThanSpecLossCF": 0, "LossFrmSpecBusCF": 0, "LossFrmSpecifiedBusCF": 0, "TotalSTCGPTILossCF": 0, "TotalLTCGPTILossCF": 0, "OthSrcLossRaceHorseCF": 0}}, "AdjTotBFLossInBFLA": {"LossSummaryDetail": {"TotalHPPTILossCF": 0, "BusLossOthThanSpecLossCF": 0, "LossFrmSpecBusCF": 0, "LossFrmSpecifiedBusCF": 0, "TotalSTCGPTILossCF": 0, "TotalLTCGPTILossCF": 0, "OthSrcLossRaceHorseCF": 0}}, "CurrentAYloss": {"LossSummaryDetail": {"TotalHPPTILossCF": 0, "BusLossOthThanSpecLossCF": 364758, "LossFrmSpecBusCF": 0, "LossFrmSpecifiedBusCF": 0, "TotalSTCGPTILossCF": 0, "TotalLTCGPTILossCF": 0, "OthSrcLossRaceHorseCF": 0}}, "CurrentYearDistrUnitHolder": {"LossSummaryDetail": {"TotalHPPTILossCF": 0, "TotalSTCGPTILossCF": 0, "TotalLTCGPTILossCF": 0, "OthSrcLossRaceHorseCF": 0}}, "CurrentYearLossCF": {"LossSummaryDetail": {"TotalHPPTILossCF": 0, "BusLossOthThanSpecLossCF": 364758, "LossFrmSpecBusCF": 0, "LossFrmSpecifiedBusCF": 0, "TotalSTCGPTILossCF": 0, "TotalLTCGPTILossCF": 0, "OthSrcLossRaceHorseCF": 0}}, "TotalLossCFSummary": {"LossSummaryDetail": {"TotalHPPTILossCF": 0, "BusLossOthThanSpecLossCF": 364758, "LossFrmSpecBusCF": 0, "LossFrmSpecifiedBusCF": 0, "TotalSTCGPTILossCF": 0, "TotalLTCGPTILossCF": 0, "OthSrcLossRaceHorseCF": 0}}}, "ITRScheduleUD": {"CurrAssYr": "2022-23", "CurBalCFNY": 364758, "CurAllowBalCFNY": 0, "TotBFUDepritAmt": 0, "TotAdjustAccTax115BADAmt": 0, "TotCurYrdepritSetoffInc": 0, "TotDepritBalCFNY": 364758, "TotBFUAllowAmt": 0, "TotCurYrAllowSetoffInc": 0, "TotalBalCFNY": 0}, "Schedule80G": {"TotalDonationsUs80GCash": 0, "TotalDonationsUs80GOtherMode": 0, "TotalDonationsUs80G": 0, "TotalEligibleDonationsUs80G": 0}, "ScheduleVIA": {"UsrDeductUndChapVIA": {"Section80G": 0, "Section80GGA": 0, "Section80GGC": 0, "TotPartBchapterVIA": 0, "Section80IA": 0, "Section80IAB": 0, "Section80IAC": 0, "Section80IB": 0, "Section80IBA": 0, "Section80IC": 0, "Section80JJA": 0, "Section80JJAA": 0, "Section80LA": 0, "Section80LA_1A": 0, "Section80P": 0, "TotPartCchapterVIA": 0, "TotalChapVIADeductions": 0}, "DeductUndChapVIA": {"Section80G": 0, "Section80GGA": 0, "Section80GGC": 0, "TotPartBchapterVIA": 0, "Section80IA": 0, "Section80IAB": 0, "Section80IAC": 0, "Section80IB": 0, "Section80IBA": 0, "Section80IC": 0, "Section80JJA": 0, "Section80JJAA": 0, "Section80LA": 0, "Section80LA_1A": 0, "Section80P": 0, "TotPartCchapterVIA": 0, "TotalChapVIADeductions": 0}}, "ScheduleAMT": {"TotalIncItem13": 0, "AdjustmentSec115JC": [{"DeductClaimSec6A": 0, "DeductClaimSec10AA": 0, "DeductClaimSec35AD": 0, "Total": 0}], "AdjustedUnderSec115JC": 0, "AdjustedUnderSec115JCIFSC": 0, "AdjustedUnderSec115JCOther": 0, "TaxPayableUnderSec115JC": 0}, "ScheduleAMTC": {"TaxSection115JC": 0, "TaxOthProvisions": 0, "AmtTaxCreditAvailable": 0, "ScheduleAMTCDtls": [{"AssYr": "2013-14", "AmtCreditFwd": 0, "AmtCreditSetOfEy": 0, "AmtCreditBalBroughtFwd": 0, "AmtCreditUtilized": 0, "BalAmtCreditCarryFwd": 0}, {"AssYr": "2014-15", "AmtCreditFwd": 0, "AmtCreditSetOfEy": 0, "AmtCreditBalBroughtFwd": 0, "AmtCreditUtilized": 0, "BalAmtCreditCarryFwd": 0}, {"AssYr": "2015-16", "AmtCreditFwd": 0, "AmtCreditSetOfEy": 0, "AmtCreditBalBroughtFwd": 0, "AmtCreditUtilized": 0, "BalAmtCreditCarryFwd": 0}, {"AssYr": "2016-17", "AmtCreditFwd": 0, "AmtCreditSetOfEy": 0, "AmtCreditBalBroughtFwd": 0, "AmtCreditUtilized": 0, "BalAmtCreditCarryFwd": 0}, {"AssYr": "2017-18", "AmtCreditFwd": 0, "AmtCreditSetOfEy": 0, "AmtCreditBalBroughtFwd": 0, "AmtCreditUtilized": 0, "BalAmtCreditCarryFwd": 0}, {"AssYr": "2018-19", "AmtCreditFwd": 0, "AmtCreditSetOfEy": 0, "AmtCreditBalBroughtFwd": 0, "AmtCreditUtilized": 0, "BalAmtCreditCarryFwd": 0}, {"AssYr": "2019-20", "AmtCreditFwd": 0, "AmtCreditSetOfEy": 0, "AmtCreditBalBroughtFwd": 0, "AmtCreditUtilized": 0, "BalAmtCreditCarryFwd": 0}, {"AssYr": "2020-21", "AmtCreditFwd": 0, "AmtCreditSetOfEy": 0, "AmtCreditBalBroughtFwd": 0, "AmtCreditUtilized": 0, "BalAmtCreditCarryFwd": 0}, {"AssYr": "2021-22", "AmtCreditFwd": 0, "AmtCreditSetOfEy": 0, "AmtCreditBalBroughtFwd": 0, "AmtCreditUtilized": 0, "BalAmtCreditCarryFwd": 0}], "CurrAssYr": "2022-23", "CurrYrAmtCreditFwd": 0, "CurrYrCreditBalBF": 0, "CurrYrCreditCarryFwd": 0, "TotAMTGross": 0, "TotSetOffEys": 0, "TotBalBF": 0, "TotAmtCreditUtilisedCY": 0, "TotBalAMTCreditCF": 0, "TaxSection115JD": 0, "AmtLiabilityAvailable": 0}, "ScheduleSI": {"SplCodeRateTax": [{"SecCode": "1A", "SplRatePercent": 15, "SplRateInc": 0, "SplRateIncTax": 0}, {"SecCode": "5ADii", "SplRatePercent": 30, "SplRateInc": 0, "SplRateIncTax": 0}, {"SecCode": "22", "SplRatePercent": 10, "SplRateInc": 0, "SplRateIncTax": 0}, {"SecCode": "21ciii", "SplRatePercent": 10, "SplRateInc": 0, "SplRateIncTax": 0}, {"SecCode": "5AC1c", "SplRatePercent": 10, "SplRateInc": 0, "SplRateIncTax": 0}, {"SecCode": "21", "SplRatePercent": 20, "SplRateInc": 0, "SplRateIncTax": 0}, {"SecCode": "5BB", "SplRatePercent": 30, "SplRateInc": 0, "SplRateIncTax": 0}, {"SecCode": "5BBE", "SplRatePercent": 60, "SplRateInc": 0, "SplRateIncTax": 0}, {"SecCode": "5BBF_BP", "SplRatePercent": 10, "SplRateInc": 0, "SplRateIncTax": 0}, {"SecCode": "5BBF", "SplRatePercent": 10, "SplRateInc": 0, "SplRateIncTax": 0}, {"SecCode": "5BBG", "SplRatePercent": 10, "SplRateInc": 0, "SplRateIncTax": 0}, {"SecCode": "DTAAOS", "SplRatePercent": 1, "SplRateInc": 0, "SplRateIncTax": 0}, {"SecCode": "DTAASTCG", "SplRatePercent": 1, "SplRateInc": 0, "SplRateIncTax": 0}, {"SecCode": "DTAALTCG", "SplRatePercent": 1, "SplRateInc": 0, "SplRateIncTax": 0}], "TotSplRateInc": 0, "TotSplRateIncTax": 0}, "ScheduleEI": {"InterestInc": 0, "GrossAgriRecpt": 0, "ExpIncAgri": 0, "UnabAgriLossPrev8": 0, "NetAgriIncRelateToRule7": 0, "NetAgriIncOrOthrIncRule7": 0, "Others": 0, "IncChrgblAsPerDTAA": 0, "PassThrIncNotChrgblTax": 0, "TotalExemptInc": 0}, "ScheduleTPSA": {"AmtPrimaryAdjUs92CE_2A": 0, "AdditionalIncTax18PercAbove": 0, "Surcharge12Perc": 0, "HealthEducationCess": 0, "TotalAdditionalTax": 0, "TaxesPaid": 0, "NetTaxPayable": 0, "TotalAmountDeposited": 0}, "ScheduleTR1": {"TotalTaxOutsideIndia": 0, "TotalTaxReliefOutsideIndia": 0, "TaxReliefOutsideIndiaDTAA": 0, "TaxReliefOutsideIndiaNotDTAA": 0, "TaxPaidOutsideIndFlg": "NO"}, "ScheduleFA": {}, "ScheduleGST": {"TurnoverGrsRcptForGSTIN": [{"GSTINNo": "27AABFJ9735E1ZA", "AmtTurnGrossRcptGSTIN": 80144167}]}, "PartB-TI": {"IncomeFromHP": 0, "ProfBusGain": {"ProfGainNoSpecBus": 0, "ProfGainSpecBus": 0, "ProfGainSpecifiedBus": 0, "IncChrgblTaxSplRate": 0, "TotProfBusGain": 0}, "CapGain": {"ShortTerm": {"ShortTerm15Per": 0, "ShortTerm30Per": 0, "ShortTermAppRate": 0, "ShortTermSplRateDTAA": 0, "TotalShortTerm": 0}, "LongTerm": {"LongTerm10Per": 0, "LongTerm20Per": 0, "LongTermSplRateDTAA": 0, "TotalLongTerm": 0}, "TotalCapGains": 0}, "IncFromOS": {"OtherSrcThanOwnRaceHorse": 0, "IncChargblSplRate": 0, "FromOwnRaceHorse": 0, "TotIncFromOS": 0}, "TotalTI": 0, "CurrentYearLoss": 0, "BalanceAfterSetoffLosses": 0, "BroughtFwdLossesSetoff": 0, "GrossTotalIncome": 0, "IncChargeTaxSplRate111A112": 0, "DeductionsUndSchVIADtl": {"PartBchapterVIA": 0, "PartCchapterVIA": 0, "TotDeductUndSchVIA": 0}, "DeductionsUnder10Aor10AA": 0, "TotalIncome": 0, "IncChargeableTaxSplRates": 0, "NetAgricultureIncomeOrOtherIncomeForRate": 0, "AggregateIncome": 0, "LossesOfCurrentYearCarriedFwd": 364758, "DeemedTotIncSec115JC": 0}, "PartB_TTI": {"ComputationOfTaxLiability": {"TaxPayableOnDeemedTI": {"TaxDeemedTISec115JC": 0, "Surcharge": 0, "EducationCess": 0, "TotalTax": 0}, "TaxPayableOnTI": {"TaxAtNormalRates": 0, "TaxAtSpecialRates": 0, "RebateOnAgriInc": 0, "TaxPayableOnTotInc": 0, "Surcharge25ofSI": 0, "Surcharge25ofSIBeforeMarginal": 0, "SurchargeOnTaxPayable": 0, "SurchargeOnTaxPayableBeforeMarginal": 0, "TotalSurcharge": 0, "EducationCess": 0, "GrossTaxLiability": 0}, "GrossTaxPayable": 0, "CreditUS115JD": 0, "TaxPaidUnderCredit": 0, "TaxRelief": {"Section90": 0, "Section91": 0, "TotTaxRelief": 0}, "NetTaxLiability": 0, "IntrstPay": {"IntrstPayUs234A": 0, "IntrstPayUs234B": 0, "IntrstPayUs234C": 0, "LateFilingFee234F": 0, "TotalIntrstPay": 0}, "AggregateTaxInterestLiability": 0}, "TaxPaid": {"TaxesPaid": {"AdvanceTax": 0, "TDS": 105296, "TCS": 13135, "SelfAssessmentTax": 0, "TotalTaxesPaid": 118431}, "BalTaxPayable": 0}, "Refund": {"RefundDue": 118430, "BankAccountDtls": {"AddtnlBankDetails": [{"IFSCCode": "SBIN0001632", "BankName": "S.B.I. ", "BankAccountNo": "10584025538", "UseForRefund": "true"}], "BankDtlsFlag": "Y"}}, "AssetOutsideIndiaFlg": "NO"}, "ScheduleTDS2": {"TDSOthThanSalaryDtls": [{"TDSCreditName": "S", "TANOfDeductor": "RCHT00095E", "TaxDeductCreditDtls": {"TaxDeductedOwnHands": 3960, "TaxClaimedOwnHands": 3960}, "GrossAmount": 198000, "HeadOfIncome": "BP", "AmtCarriedFwd": 0}, {"TDSCreditName": "S", "TANOfDeductor": "DELS60544B", "TaxDeductCreditDtls": {"TaxDeductedOwnHands": 7949, "TaxClaimedOwnHands": 7949}, "GrossAmount": 397438, "HeadOfIncome": "BP", "AmtCarriedFwd": 0}, {"TDSCreditName": "S", "TANOfDeductor": "DELS60544B", "TaxDeductCreditDtls": {"TaxDeductedOwnHands": 6648, "TaxClaimedOwnHands": 6648}, "GrossAmount": 332388, "HeadOfIncome": "BP", "AmtCarriedFwd": 0}, {"TDSCreditName": "S", "TANOfDeductor": "JBPA00946B", "TaxDeductCreditDtls": {"TaxDeductedOwnHands": 5660, "TaxClaimedOwnHands": 5660}, "GrossAmount": 283005, "HeadOfIncome": "BP", "AmtCarriedFwd": 0}, {"TDSCreditName": "S", "TANOfDeductor": "RCHT00095E", "TaxDeductCreditDtls": {"TaxDeductedOwnHands": 5897, "TaxClaimedOwnHands": 5897}, "GrossAmount": 294840, "HeadOfIncome": "BP", "AmtCarriedFwd": 0}, {"TDSCreditName": "S", "TANOfDeductor": "RCHT00095E", "TaxDeductCreditDtls": {"TaxDeductedOwnHands": 5940, "TaxClaimedOwnHands": 5940}, "GrossAmount": 297000, "HeadOfIncome": "BP", "AmtCarriedFwd": 0}, {"TDSCreditName": "S", "TANOfDeductor": "DELS60544B", "TaxDeductCreditDtls": {"TaxDeductedOwnHands": 12106, "TaxClaimedOwnHands": 12106}, "GrossAmount": 605303, "HeadOfIncome": "BP", "AmtCarriedFwd": 0}, {"TDSCreditName": "S", "TANOfDeductor": "MUMD04479G", "TaxDeductCreditDtls": {"TaxDeductedOwnHands": 1837, "TaxClaimedOwnHands": 1837}, "GrossAmount": 1835848, "HeadOfIncome": "BP", "AmtCarriedFwd": 0}, {"TDSCreditName": "S", "TANOfDeductor": "JBPA00946B", "TaxDeductCreditDtls": {"TaxDeductedOwnHands": 2196, "TaxClaimedOwnHands": 2196}, "GrossAmount": 109800, "HeadOfIncome": "BP", "AmtCarriedFwd": 0}, {"TDSCreditName": "S", "TANOfDeductor": "JBPA00946B", "TaxDeductCreditDtls": {"TaxDeductedOwnHands": 3056, "TaxClaimedOwnHands": 3056}, "GrossAmount": 152805, "HeadOfIncome": "BP", "AmtCarriedFwd": 0}, {"TDSCreditName": "S", "TANOfDeductor": "JBPA00946B", "TaxDeductCreditDtls": {"TaxDeductedOwnHands": 3248, "TaxClaimedOwnHands": 3248}, "GrossAmount": 162413, "HeadOfIncome": "BP", "AmtCarriedFwd": 0}, {"TDSCreditName": "S", "TANOfDeductor": "MUMD04479G", "TaxDeductCreditDtls": {"TaxDeductedOwnHands": 583, "TaxClaimedOwnHands": 583}, "GrossAmount": 582660, "HeadOfIncome": "BP", "AmtCarriedFwd": 0}, {"TDSCreditName": "S", "TANOfDeductor": "PNEZ01938G", "TaxDeductCreditDtls": {"TaxDeductedOwnHands": 815, "TaxClaimedOwnHands": 815}, "GrossAmount": 815000, "HeadOfIncome": "BP", "AmtCarriedFwd": 0}, {"TDSCreditName": "S", "TANOfDeductor": "JBPA00946B", "TaxDeductCreditDtls": {"TaxDeductedOwnHands": 4419, "TaxClaimedOwnHands": 4419}, "GrossAmount": 220973, "HeadOfIncome": "BP", "AmtCarriedFwd": 0}, {"TDSCreditName": "S", "TANOfDeductor": "MUMD04479G", "TaxDeductCreditDtls": {"TaxDeductedOwnHands": 668, "TaxClaimedOwnHands": 668}, "GrossAmount": 667213, "HeadOfIncome": "BP", "AmtCarriedFwd": 0}, {"TDSCreditName": "S", "TANOfDeductor": "PNEZ01938G", "TaxDeductCreditDtls": {"TaxDeductedOwnHands": 424, "TaxClaimedOwnHands": 424}, "GrossAmount": 424000, "HeadOfIncome": "BP", "AmtCarriedFwd": 0}, {"TDSCreditName": "S", "TANOfDeductor": "JBPA00946B", "TaxDeductCreditDtls": {"TaxDeductedOwnHands": 3, "TaxClaimedOwnHands": 3}, "GrossAmount": 153, "HeadOfIncome": "BP", "AmtCarriedFwd": 0}, {"TDSCreditName": "S", "TANOfDeductor": "JBPA00946B", "TaxDeductCreditDtls": {"TaxDeductedOwnHands": 1125, "TaxClaimedOwnHands": 1125}, "GrossAmount": 56273, "HeadOfIncome": "BP", "AmtCarriedFwd": 0}, {"TDSCreditName": "S", "TANOfDeductor": "MUMD04479G", "TaxDeductCreditDtls": {"TaxDeductedOwnHands": 750, "TaxClaimedOwnHands": 750}, "GrossAmount": 749610, "HeadOfIncome": "BP", "AmtCarriedFwd": 0}, {"TDSCreditName": "S", "TANOfDeductor": "PNEZ01938G", "TaxDeductCreditDtls": {"TaxDeductedOwnHands": 424, "TaxClaimedOwnHands": 424}, "GrossAmount": 424000, "HeadOfIncome": "BP", "AmtCarriedFwd": 0}, {"TDSCreditName": "S", "TANOfDeductor": "PNET00017D", "TaxDeductCreditDtls": {"TaxDeductedOwnHands": 0, "TaxClaimedOwnHands": 0}, "GrossAmount": 144255, "HeadOfIncome": "BP", "AmtCarriedFwd": 0}, {"TDSCreditName": "S", "TANOfDeductor": "JBPA00946B", "TaxDeductCreditDtls": {"TaxDeductedOwnHands": 2394, "TaxClaimedOwnHands": 2394}, "GrossAmount": 119700, "HeadOfIncome": "BP", "AmtCarriedFwd": 0}, {"TDSCreditName": "S", "TANOfDeductor": "JBPA00946B", "TaxDeductCreditDtls": {"TaxDeductedOwnHands": 1528, "TaxClaimedOwnHands": 1528}, "GrossAmount": 76403, "HeadOfIncome": "BP", "AmtCarriedFwd": 0}, {"TDSCreditName": "S", "TANOfDeductor": "MUMD04479G", "TaxDeductCreditDtls": {"TaxDeductedOwnHands": 621, "TaxClaimedOwnHands": 621}, "GrossAmount": 621412, "HeadOfIncome": "BP", "AmtCarriedFwd": 0}, {"TDSCreditName": "S", "TANOfDeductor": "PNEZ01938G", "TaxDeductCreditDtls": {"TaxDeductedOwnHands": 620, "TaxClaimedOwnHands": 620}, "GrossAmount": 619500, "HeadOfIncome": "BP", "AmtCarriedFwd": 0}, {"TDSCreditName": "S", "TANOfDeductor": "PNEZ01938G", "TaxDeductCreditDtls": {"TaxDeductedOwnHands": 95, "TaxClaimedOwnHands": 95}, "GrossAmount": 94500, "HeadOfIncome": "BP", "AmtCarriedFwd": 0}, {"TDSCreditName": "S", "TANOfDeductor": "MUMD04479G", "TaxDeductCreditDtls": {"TaxDeductedOwnHands": 1047, "TaxClaimedOwnHands": 1047}, "GrossAmount": 1046205, "HeadOfIncome": "BP", "AmtCarriedFwd": 0}, {"TDSCreditName": "S", "TANOfDeductor": "MUMT16206B", "TaxDeductCreditDtls": {"TaxDeductedOwnHands": 0, "TaxClaimedOwnHands": 0}, "GrossAmount": 50490, "HeadOfIncome": "BP", "AmtCarriedFwd": 0}, {"TDSCreditName": "S", "TANOfDeductor": "MUMT16206B", "TaxDeductCreditDtls": {"TaxDeductedOwnHands": 0, "TaxClaimedOwnHands": 0}, "GrossAmount": 49005, "HeadOfIncome": "BP", "AmtCarriedFwd": 0}, {"TDSCreditName": "S", "TANOfDeductor": "DELS60544B", "TaxDeductCreditDtls": {"TaxDeductedOwnHands": 6391, "TaxClaimedOwnHands": 6391}, "GrossAmount": 319574, "HeadOfIncome": "BP", "AmtCarriedFwd": 0}, {"TDSCreditName": "S", "TANOfDeductor": "MUMD04479G", "TaxDeductCreditDtls": {"TaxDeductedOwnHands": 813, "TaxClaimedOwnHands": 813}, "GrossAmount": 813061, "HeadOfIncome": "BP", "AmtCarriedFwd": 0}, {"TDSCreditName": "S", "TANOfDeductor": "MUMT16206B", "TaxDeductCreditDtls": {"TaxDeductedOwnHands": 0, "TaxClaimedOwnHands": 0}, "GrossAmount": 87750, "HeadOfIncome": "BP", "AmtCarriedFwd": 0}, {"TDSCreditName": "S", "TANOfDeductor": "MUMD04479G", "TaxDeductCreditDtls": {"TaxDeductedOwnHands": 640, "TaxClaimedOwnHands": 640}, "GrossAmount": 639045, "HeadOfIncome": "BP", "AmtCarriedFwd": 0}, {"TDSCreditName": "S", "TANOfDeductor": "MUMT16206B", "TaxDeductCreditDtls": {"TaxDeductedOwnHands": 98, "TaxClaimedOwnHands": 98}, "GrossAmount": 98010, "HeadOfIncome": "BP", "AmtCarriedFwd": 0}, {"TDSCreditName": "S", "TANOfDeductor": "JBPB03908C", "TaxDeductCreditDtls": {"TaxDeductedOwnHands": 210, "TaxClaimedOwnHands": 210}, "GrossAmount": 210000, "HeadOfIncome": "BP", "AmtCarriedFwd": 0}, {"TDSCreditName": "S", "TANOfDeductor": "JBPB03908C", "TaxDeductCreditDtls": {"TaxDeductedOwnHands": 169, "TaxClaimedOwnHands": 169}, "GrossAmount": 169000, "HeadOfIncome": "BP", "AmtCarriedFwd": 0}, {"TDSCreditName": "S", "TANOfDeductor": "JBPB03908C", "TaxDeductCreditDtls": {"TaxDeductedOwnHands": 169, "TaxClaimedOwnHands": 169}, "GrossAmount": 169000, "HeadOfIncome": "BP", "AmtCarriedFwd": 0}, {"TDSCreditName": "S", "TANOfDeductor": "JBPB03908C", "TaxDeductCreditDtls": {"TaxDeductedOwnHands": 39, "TaxClaimedOwnHands": 39}, "GrossAmount": 39000, "HeadOfIncome": "BP", "AmtCarriedFwd": 0}, {"TDSCreditName": "S", "TANOfDeductor": "JBPB03908C", "TaxDeductCreditDtls": {"TaxDeductedOwnHands": 203, "TaxClaimedOwnHands": 203}, "GrossAmount": 203000, "HeadOfIncome": "BP", "AmtCarriedFwd": 0}, {"TDSCreditName": "S", "TANOfDeductor": "JBPB03908C", "TaxDeductCreditDtls": {"TaxDeductedOwnHands": 49, "TaxClaimedOwnHands": 49}, "GrossAmount": 49000, "HeadOfIncome": "BP", "AmtCarriedFwd": 0}, {"TDSCreditName": "S", "TANOfDeductor": "JBPB03908C", "TaxDeductCreditDtls": {"TaxDeductedOwnHands": 153, "TaxClaimedOwnHands": 153}, "GrossAmount": 153000, "HeadOfIncome": "BP", "AmtCarriedFwd": 0}, {"TDSCreditName": "S", "TANOfDeductor": "JBPB03908C", "TaxDeductCreditDtls": {"TaxDeductedOwnHands": 82, "TaxClaimedOwnHands": 82}, "GrossAmount": 82000, "HeadOfIncome": "BP", "AmtCarriedFwd": 0}, {"TDSCreditName": "S", "TANOfDeductor": "MUMD04479G", "TaxDeductCreditDtls": {"TaxDeductedOwnHands": 1998, "TaxClaimedOwnHands": 1998}, "GrossAmount": 1998259, "HeadOfIncome": "BP", "AmtCarriedFwd": 0}, {"TDSCreditName": "S", "TANOfDeductor": "JBPB03908C", "TaxDeductCreditDtls": {"TaxDeductedOwnHands": 301, "TaxClaimedOwnHands": 301}, "GrossAmount": 301000, "HeadOfIncome": "BP", "AmtCarriedFwd": 0}, {"TDSCreditName": "S", "TANOfDeductor": "PNEK08922E", "TaxDeductCreditDtls": {"TaxDeductedOwnHands": 326, "TaxClaimedOwnHands": 326}, "GrossAmount": 326000, "HeadOfIncome": "BP", "AmtCarriedFwd": 0}, {"TDSCreditName": "S", "TANOfDeductor": "JBPB03908C", "TaxDeductCreditDtls": {"TaxDeductedOwnHands": 350, "TaxClaimedOwnHands": 350}, "GrossAmount": 350000, "HeadOfIncome": "BP", "AmtCarriedFwd": 0}, {"TDSCreditName": "S", "TANOfDeductor": "JBPB03908C", "TaxDeductCreditDtls": {"TaxDeductedOwnHands": 473, "TaxClaimedOwnHands": 473}, "GrossAmount": 473000, "HeadOfIncome": "BP", "AmtCarriedFwd": 0}, {"TDSCreditName": "S", "TANOfDeductor": "DELS60544B", "TaxDeductCreditDtls": {"TaxDeductedOwnHands": 2612, "TaxClaimedOwnHands": 2612}, "GrossAmount": 130591, "HeadOfIncome": "BP", "AmtCarriedFwd": 0}, {"TDSCreditName": "S", "TANOfDeductor": "DELS60544B", "TaxDeductCreditDtls": {"TaxDeductedOwnHands": 4568, "TaxClaimedOwnHands": 4568}, "GrossAmount": 228407, "HeadOfIncome": "BP", "AmtCarriedFwd": 0}, {"TDSCreditName": "S", "TANOfDeductor": "PNEK08922E", "TaxDeductCreditDtls": {"TaxDeductedOwnHands": 446, "TaxClaimedOwnHands": 446}, "GrossAmount": 446243, "HeadOfIncome": "BP", "AmtCarriedFwd": 0}, {"TDSCreditName": "S", "TANOfDeductor": "HYDM00022B", "TaxDeductCreditDtls": {"TaxDeductedOwnHands": 6635, "TaxClaimedOwnHands": 6635}, "GrossAmount": 331735, "HeadOfIncome": "BP", "AmtCarriedFwd": 0}, {"TDSCreditName": "S", "TANOfDeductor": "HYDM00022B", "TaxDeductCreditDtls": {"TaxDeductedOwnHands": 2096, "TaxClaimedOwnHands": 2096}, "GrossAmount": 104780, "HeadOfIncome": "BP", "AmtCarriedFwd": 0}, {"TDSCreditName": "S", "TANOfDeductor": "JBPB03908C", "TaxDeductCreditDtls": {"TaxDeductedOwnHands": 283, "TaxClaimedOwnHands": 283}, "GrossAmount": 283000, "HeadOfIncome": "BP", "AmtCarriedFwd": 0}, {"TDSCreditName": "S", "TANOfDeductor": "JBPB03908C", "TaxDeductCreditDtls": {"TaxDeductedOwnHands": 284, "TaxClaimedOwnHands": 284}, "GrossAmount": 284000, "HeadOfIncome": "BP", "AmtCarriedFwd": 0}, {"TDSCreditName": "S", "TANOfDeductor": "MUMD04479G", "TaxDeductCreditDtls": {"TaxDeductedOwnHands": 1895, "TaxClaimedOwnHands": 1895}, "GrossAmount": 1894985, "HeadOfIncome": "BP", "AmtCarriedFwd": 0}], "TotalTDSonOthThanSals": 105296}, "ScheduleTCS": {"TCSDetails": [{"EmployerOrDeductorOrCollectDetl": {"TAN": "JBPJ00355F", "EmployerOrDeductorOrCollecterName": "JAYASWAL NECO INDUSTRIES LIMITED"}, "TotalTCS": 489, "AmtTCSClaimedThisYear": 489, "AmtCarriedFwd": 0}, {"EmployerOrDeductorOrCollectDetl": {"TAN": "JBPJ00355F", "EmployerOrDeductorOrCollecterName": "JAYASWAL NECO INDUSTRIES LIMITED"}, "TotalTCS": 612, "AmtTCSClaimedThisYear": 612, "AmtCarriedFwd": 0}, {"EmployerOrDeductorOrCollectDetl": {"TAN": "JBPR05191E", "EmployerOrDeductorOrCollecterName": "REAL ISPAT AND POWER LIMITED"}, "TotalTCS": 140, "AmtTCSClaimedThisYear": 140, "AmtCarriedFwd": 0}, {"EmployerOrDeductorOrCollectDetl": {"TAN": "JBPR05191E", "EmployerOrDeductorOrCollecterName": "REAL ISPAT AND POWER LIMITED"}, "TotalTCS": 197, "AmtTCSClaimedThisYear": 197, "AmtCarriedFwd": 0}, {"EmployerOrDeductorOrCollectDetl": {"TAN": "JBPR05191E", "EmployerOrDeductorOrCollecterName": "REAL ISPAT AND POWER LIMITED"}, "TotalTCS": 74, "AmtTCSClaimedThisYear": 74, "AmtCarriedFwd": 0}, {"EmployerOrDeductorOrCollectDetl": {"TAN": "MUMA25894B", "EmployerOrDeductorOrCollecterName": "ATUL RASIKLAL CHITALIA"}, "TotalTCS": 387, "AmtTCSClaimedThisYear": 387, "AmtCarriedFwd": 0}, {"EmployerOrDeductorOrCollectDetl": {"TAN": "NGPD02860E", "EmployerOrDeductorOrCollecterName": "DINESH KUMAR JAGNNATH PRA SAD KHANDELWAL"}, "TotalTCS": 14, "AmtTCSClaimedThisYear": 14, "AmtCarriedFwd": 0}, {"EmployerOrDeductorOrCollectDetl": {"TAN": "NGPJ01068E", "EmployerOrDeductorOrCollecterName": "JAGANNATH PRASAD DINESH K UMAR KHANDELWAL (HUF)"}, "TotalTCS": 4, "AmtTCSClaimedThisYear": 4, "AmtCarriedFwd": 0}, {"EmployerOrDeductorOrCollectDetl": {"TAN": "NGPP00621F", "EmployerOrDeductorOrCollecterName": "PRECISION DRAWELL PRIVATE LIMITED"}, "TotalTCS": 553, "AmtTCSClaimedThisYear": 553, "AmtCarriedFwd": 0}, {"EmployerOrDeductorOrCollectDetl": {"TAN": "NGPP00621F", "EmployerOrDeductorOrCollecterName": "PRECISION DRAWELL PRIVATE LIMITED"}, "TotalTCS": 523, "AmtTCSClaimedThisYear": 523, "AmtCarriedFwd": 0}, {"EmployerOrDeductorOrCollectDetl": {"TAN": "JBPJ00355F", "EmployerOrDeductorOrCollecterName": "JAYASWAL NECO INDUSTRIES LIMITED"}, "TotalTCS": 341, "AmtTCSClaimedThisYear": 341, "AmtCarriedFwd": 0}, {"EmployerOrDeductorOrCollectDetl": {"TAN": "NGPP00621F", "EmployerOrDeductorOrCollecterName": "PRECISION DRAWELL PRIVATE LIMITED"}, "TotalTCS": 541, "AmtTCSClaimedThisYear": 541, "AmtCarriedFwd": 0}, {"EmployerOrDeductorOrCollectDetl": {"TAN": "NGPP00621F", "EmployerOrDeductorOrCollecterName": "PRECISION DRAWELL PRIVATE LIMITED"}, "TotalTCS": 735, "AmtTCSClaimedThisYear": 735, "AmtCarriedFwd": 0}, {"EmployerOrDeductorOrCollectDetl": {"TAN": "NGPP00621F", "EmployerOrDeductorOrCollecterName": "PRECISION DRAWELL PRIVATE LIMITED"}, "TotalTCS": 541, "AmtTCSClaimedThisYear": 541, "AmtCarriedFwd": 0}, {"EmployerOrDeductorOrCollectDetl": {"TAN": "NGPP00621F", "EmployerOrDeductorOrCollecterName": "PRECISION DRAWELL PRIVATE LIMITED"}, "TotalTCS": 179, "AmtTCSClaimedThisYear": 179, "AmtCarriedFwd": 0}, {"EmployerOrDeductorOrCollectDetl": {"TAN": "NGPP00621F", "EmployerOrDeductorOrCollecterName": "PRECISION DRAWELL PRIVATE LIMITED"}, "TotalTCS": 153, "AmtTCSClaimedThisYear": 153, "AmtCarriedFwd": 0}, {"EmployerOrDeductorOrCollectDetl": {"TAN": "NGPP00621F", "EmployerOrDeductorOrCollecterName": "PRECISION DRAWELL PRIVATE LIMITED"}, "TotalTCS": 158, "AmtTCSClaimedThisYear": 158, "AmtCarriedFwd": 0}, {"EmployerOrDeductorOrCollectDetl": {"TAN": "NGPP00621F", "EmployerOrDeductorOrCollecterName": "PRECISION DRAWELL PRIVATE LIMITED"}, "TotalTCS": 332, "AmtTCSClaimedThisYear": 332, "AmtCarriedFwd": 0}, {"EmployerOrDeductorOrCollectDetl": {"TAN": "NGPP00621F", "EmployerOrDeductorOrCollecterName": "PRECISION DRAWELL PRIVATE LIMITED"}, "TotalTCS": 108, "AmtTCSClaimedThisYear": 108, "AmtCarriedFwd": 0}, {"EmployerOrDeductorOrCollectDetl": {"TAN": "NGPS05467A", "EmployerOrDeductorOrCollecterName": "SALASAR ALLOY & STEEL INDUSTRIES PRIVATE LTD"}, "TotalTCS": 513, "AmtTCSClaimedThisYear": 513, "AmtCarriedFwd": 0}, {"EmployerOrDeductorOrCollectDetl": {"TAN": "NGPS05467A", "EmployerOrDeductorOrCollecterName": "SALASAR ALLOY & STEEL INDUSTRIES PRIVATE LTD"}, "TotalTCS": 682, "AmtTCSClaimedThisYear": 682, "AmtCarriedFwd": 0}, {"EmployerOrDeductorOrCollectDetl": {"TAN": "NGPS05467A", "EmployerOrDeductorOrCollecterName": "SALASAR ALLOY & STEEL INDUSTRIES PRIVATE LTD"}, "TotalTCS": 502, "AmtTCSClaimedThisYear": 502, "AmtCarriedFwd": 0}, {"EmployerOrDeductorOrCollectDetl": {"TAN": "NGPS05467A", "EmployerOrDeductorOrCollecterName": "SALASAR ALLOY & STEEL INDUSTRIES PRIVATE LTD"}, "TotalTCS": 494, "AmtTCSClaimedThisYear": 494, "AmtCarriedFwd": 0}, {"EmployerOrDeductorOrCollectDetl": {"TAN": "NGPS05467A", "EmployerOrDeductorOrCollecterName": "SALASAR ALLOY & STEEL INDUSTRIES PRIVATE LTD"}, "TotalTCS": 585, "AmtTCSClaimedThisYear": 585, "AmtCarriedFwd": 0}, {"EmployerOrDeductorOrCollectDetl": {"TAN": "NGPS05467A", "EmployerOrDeductorOrCollecterName": "SALASAR ALLOY & STEEL INDUSTRIES PRIVATE LTD"}, "TotalTCS": 521, "AmtTCSClaimedThisYear": 521, "AmtCarriedFwd": 0}, {"EmployerOrDeductorOrCollectDetl": {"TAN": "NGPS05467A", "EmployerOrDeductorOrCollecterName": "SALASAR ALLOY & STEEL INDUSTRIES PRIVATE LTD"}, "TotalTCS": 484, "AmtTCSClaimedThisYear": 484, "AmtCarriedFwd": 0}, {"EmployerOrDeductorOrCollectDetl": {"TAN": "NGPS05467A", "EmployerOrDeductorOrCollecterName": "SALASAR ALLOY & STEEL INDUSTRIES PRIVATE LTD"}, "TotalTCS": 121, "AmtTCSClaimedThisYear": 121, "AmtCarriedFwd": 0}, {"EmployerOrDeductorOrCollectDetl": {"TAN": "NGPS05467A", "EmployerOrDeductorOrCollecterName": "SALASAR ALLOY & STEEL INDUSTRIES PRIVATE LTD"}, "TotalTCS": 490, "AmtTCSClaimedThisYear": 490, "AmtCarriedFwd": 0}, {"EmployerOrDeductorOrCollectDetl": {"TAN": "NGPS05467A", "EmployerOrDeductorOrCollecterName": "SALASAR ALLOY & STEEL INDUSTRIES PRIVATE LTD"}, "TotalTCS": 496, "AmtTCSClaimedThisYear": 496, "AmtCarriedFwd": 0}, {"EmployerOrDeductorOrCollectDetl": {"TAN": "RCHT00095E", "EmployerOrDeductorOrCollecterName": "THE INDIAN STEEL & WIRE PRODUCTS LIMITED"}, "TotalTCS": 1090, "AmtTCSClaimedThisYear": 1090, "AmtCarriedFwd": 0}, {"EmployerOrDeductorOrCollectDetl": {"TAN": "RCHT00095E", "EmployerOrDeductorOrCollecterName": "THE INDIAN STEEL & WIRE PRODUCTS LIMITED"}, "TotalTCS": 1076, "AmtTCSClaimedThisYear": 1076, "AmtCarriedFwd": 0}], "TotalSchTCS": 13135}, "Verification": {"Declaration": {"AssesseeVerName": "ANURAG ROMESH CHANDRA BATRA", "FatherName": "ROMESH CHANDRA BATRA", "AssesseeVerPAN": "AFTPB5469A", "Capacity": "PA"}}}}}