{"ITR": {"ITR3": {"CreationInfo": {"SWVersionNo": "R1", "SWCreatedBy": "SW10012223", "JSONCreatedBy": "SW10012223", "JSONCreationDate": "2022-10-07", "Digest": "2wOcsyj6asWJwO62rpplQH99BiL1D0n/3yS3mkJuLMU=", "IntermediaryCity": "Delhi"}, "Form_ITR3": {"FormName": "ITR-3", "Description": "Indls, HUFs having income from profits and gains of business or profession", "AssessmentYear": "2022", "SchemaVer": "Ver1.0", "FormVer": "Ver1.0"}, "PartA_GEN1": {"PersonalInfo": {"AssesseeName": {"FirstName": "DEBARATI", "SurNameOrOrgName": "DAS"}, "Address": {"ResidenceNo": "C/O SUDIPTO DAS", "ResidenceName": "ARABINDAPALLY", "RoadOrStreet": "Barasat H.O", "LocalityOrArea": "Barasat - I", "CityOrTownOrDistrict": "NORTH 24 PARGANAS", "StateCode": "32", "CountryCode": "91", "PinCode": 700124, "CountryCodeMobile": 91, "MobileNo": 8697066272, "CountryCodeMobileNoSec": 91, "EmailAddress": "SKHEALTHCARE15@GMAIL.COM"}, "PAN": "BBCPD3398A", "DOB": "1978-08-23", "Status": "I", "AadhaarCardNo": "966905167804"}, "FilingStatus": {"ReturnFileSec": 11, "NewTaxRegime": "N", "OptingNewTaxRegime": 2, "SeventhProvisio139": "N", "DepAmtAggAmtExcd1CrPrYrFlg": "N", "IncrExpAggAmt2LkTrvFrgnCntryFlg": "N", "IncrExpAggAmt1LkElctrctyPrYrFlg": "N", "clauseiv7provisio139i": "N", "ResidentialStatus": "RES", "ConditionsResStatus": "1", "BenefitUs115HFlg": "N", "PortugeseCC5A": "N", "AsseseeRepFlg": "N", "CompDirectorPrvYrFlg": "N", "PartnerInFirmFlg": "N", "HeldUnlistedEqShrPrYrFlg": "N", "NriSEPinIndia": "N", "ForeignExchangeFlag": "N"}}, "PartA_GEN2": {"AuditInfo": {"AuditDetails": [{"OthAuditDtls": "N"}], "AuditReportDetails": [{"OtherITActFlag": "N"}], "LiableSec44AAflg": "N", "IncDclrdUs": "N", "TotalSalesExcOneCr": "Y", "AgrOFAllAmtsRcvd": "Y", "AgrOFAllPayMade": "Y", "LiableSec44ABflg": "Y", "AuditAccountantFlg": "Y", "AuditReportFurnishDate": "2022-09-12", "AuditorName": "SAMRAT GHOSH", "AuditorMemNo": "067398", "AudFrmName": "M/s Soumen & Associates, Chartered Accountants", "AudFrmRegNo": "0323348E", "AudFrmPAN": "ADKFS2868M", "AuditDate": "2022-09-12", "LiableSec92Eflg": "N", "AccountAuditFlag": "N"}, "NatOfBus": {"NatureOfBusiness": [{"Code": "09027", "TradeName1": "S K Health Care"}]}}, "PARTA_BS": {"FundSrc": {"PropFund": {"ResrNSurp": {"RevResr": 0, "CapResr": 0, "StatResr": 0, "OthResr": 0, "TotResrNSurp": 0}, "PropCap": 2673467, "TotPropFund": 2673467}, "LoanFunds": {"SecrLoan": {"RupeeLoan": {"FrmBank": 3128578, "FrmOthrs": 359000, "TotRupeeLoan": 3487578}, "ForeignCurrLoan": 0, "TotSecrLoan": 3487578}, "UnsecrLoan": {"FrmBank": 0, "FrmOthrs": 503542, "TotUnSecrLoan": 503542}, "TotLoanFund": 3991120}, "DeferredTax": 0, "TotFundSrc": 6664587}, "FundApply": {"FixedAsset": {"GrossBlock": 64075, "Depreciation": 16766, "NetBlock": 47309, "CapWrkProg": 0, "TotFixedAsset": 47309}, "Investments": {"LongTermInv": {"GovtOthSecQuoted": 1167803, "GovOthSecUnQoted": 0, "TotLongTermInv": 1167803}, "TradeInv": {"EquityShares": 0, "PreferShares": 0, "Debenture": 0, "TotTradeInv": 0}, "TotInvestments": 1167803}, "CurrAssetLoanAdv": {"CurrAsset": {"Inventories": {"StoresConsumables": 0, "RawMatl": 0, "StkInProcess": 0, "FinOrTradGood": 8983463, "TotInventries": 8983463}, "CashOrBankBal": {"CashinHand": 469489, "BankBal": 0, "TotCashOrBankBal": 469489}, "SndryDebtors": 0, "OthCurrAsset": 0, "TotCurrAsset": 9452952}, "LoanAdv": {"AdvRecoverable": 700346, "Deposits": 0, "BalWithRevAuth": 915682, "TotLoanAdv": 1616028}, "CurrLiabilitiesProv": {"CurrLiabilities": {"SundryCred": 5619505, "LiabForLeasedAsset": 0, "AccrIntonLeasedAsset": 0, "AccrIntNotDue": 0, "TotCurrLiabilities": 5619505}, "Provisions": {"ITProvision": 0, "ELSuperAnnGratProvision": 0, "OthProvision": 0, "TotProvisions": 0}, "TotCurrLiabilitiesProvision": 5619505}, "TotCurrAssetLoanAdv": 11068980, "NetCurrAsset": 5449475}, "MiscAdjust": {"MiscExpndr": 0, "DefTaxAsset": 0, "AccumaltedLosses": 0, "TotMiscAdjust": 0}, "TotFundApply": 6664587}}, "ManufacturingAccount": {"OpeningInventory": {"OpngInvntryTotal": 0, "DirectExpenses": 0, "TotalFactoryOverheads": 0, "TotalDebtsManfctrngAcc": 0}, "ClosingStock": {"ClsngStckTotal": 0}, "CostOfGoodsPrdcd": 0}, "TradingAccount": {"ExciseCustomsVAT": {"TotExciseCustomsVAT": 0}, "OtherIncDtls": [{"NatureOfIncome": "Comprehensive maintenance", "Amount": 173322}, {"NatureOfIncome": "Supply of distribution service", "Amount": 3451}], "DutyTaxPay": {"ExciseCustomsVAT": {"TotExciseCustomsVAT": 0}}, "SaleOfGoods": 24345258, "OperatingRevenueTotal": 0, "SalesGrossReceiptsTotal": 24345258, "TotRevenueFrmOperations": 24345258, "ClsngStckOfFinishedStcks": 8983463, "TardingAccTotCred": 33328721, "OpngStckOfFinishedStcks": 2736007, "Purchases": 27747808, "DirectExpenses": 176773, "CarriageInward": 0, "PowerAndFuel": 0, "DirectExpensesTotal": 176773, "GoodsCostPrdcdFrmMA": 0, "GrossProfitFrmBusProf": 2668133}, "PARTA_PL": {"CreditsToPL": {"OthIncome": {"RentInc": 0, "Comissions": 0, "Dividends": 0, "InterestInc": 0, "ProfitOnSaleFixedAsset": 0, "ProfitOnInvChrSTT": 0, "ProfitOnOthInv": 0, "ProfitOnCurrFluct": 0, "ProfitOnCnvInvntryToCapAsst": 0, "ProfitOnAgriIncome": 0, "MiscOthIncome": 0, "TotOthIncome": 0}, "GrossProfitTrnsfFrmTrdAcc": 2668133, "TotCreditsToPL": 2668133}, "DebitsToPL": {"EmployeeComp": {"SalsWages": 831780, "Bonus": 28450, "MedExpReimb": 0, "LeaveEncash": 0, "LeaveTravelBenft": 0, "ContToSuperAnnFund": 0, "ContToPF": 0, "ContToGratFund": 0, "ContToOthFund": 0, "OthEmpBenftExpdr": 0, "TotEmployeeComp": 860230, "AnyCompPaidToNonRes": "N"}, "Insurances": {"MedInsur": 0, "LifeInsur": 0, "KeyManInsur": 0, "OthInsur": 32095, "TotInsurances": 32095}, "CommissionExpdrDtls": {"NonResOtherCompany": 0, "Others": 0, "Total": 0}, "RoyalityDtls": {"NonResOtherCompany": 0, "Others": 0, "Total": 0}, "ProfessionalConstDtls": {"NonResOtherCompany": 0, "Others": 51000, "Total": 51000}, "RatesTaxesPays": {"ExciseCustomsVAT": {"UnionExciseDuty": 0, "ServiceTax": 0, "VATorSaleTax": 0, "Cess": 0, "CentralGoodServiceTax": 0, "StateGoodServiceTax": 0, "IntegratedGoodServiceTax": 0, "UnionTerrGoodServiceTax": 0, "OthDutyTaxCess": 5526, "TotExciseCustomsVAT": 5526}}, "OtherExpensesDtls": [{"ExpenseNature": "Bank  Charges", "Amount": 363315}, {"ExpenseNature": "Quality Checking Charges", "Amount": 16850}, {"ExpenseNature": "Printing & Stationary", "Amount": 13425}, {"ExpenseNature": "Office maintenance", "Amount": 4505}, {"ExpenseNature": "Other Exp", "Amount": 50}], "BadDebtDtls": {"BadDebtAmtDtlsTotal": 0, "OthersPANNotAvlblDtlTotal": 0, "OthersAmtLt1Lakh": 0, "BadDebt": 0}, "InterestExpdrtDtls": {"NonResOtherCompany": 0, "Others": 149753, "InterestExpdr": 149753}, "Freight": 77740, "ConsumptionOfStores": 0, "PowerFuel": 0, "RentExpdr": 60000, "RepairsBldg": 0, "RepairMach": 14414, "StaffWelfareExp": 5120, "Entertainment": 0, "Hospitality": 0, "Conference": 0, "SalePromoExp": 100000, "Advertisement": 1020, "HotelBoardLodge": 0, "TravelExp": 79528, "ForeignTravelExp": 0, "ConveyanceExp": 177381, "TelephoneExp": 10500, "GuestHouseExp": 0, "ClubExp": 0, "FestivalCelebExp": 0, "Scholarship": 0, "Gift": 0, "Donation": 0, "AuditFee": 15000, "OtherExpenses": 398145, "ProvForBadDoubtDebt": 0, "OthProvisionsExpdr": 0, "PBIDTA": 780434, "DepreciationAmort": 16766, "PBT": 613915}, "TaxProvAppr": {"ProvForCurrTax": 0, "ProvDefTax": 0, "ProfitAfterTax": 613915, "BalBFPrevYr": 0, "AmtAvlAppr": 613915, "TrfToReserves": 0, "ProprietorAccBalTrf": 613915}, "PersumptiveInc44AD": {"GrsTrnOverOrReceipt": 0, "TotPersumptiveInc44AD": 0}, "NoBooksOfAccPL": {"GrossReceipt": 0, "GrsRcptAccPayeeOrBankMode": 0, "GrsRcptOtherMode": 0, "GrossProfit": 0, "Expenses": 0, "NetProfit": 0, "GrossReceiptPrf": 0, "GrsRcptAccPayeeOrBankModePrf": 0, "GrsRcptOtherModePrf": 0, "GrossProfitPrf": 0, "ExpensesPrf": 0, "NetProfitPrf": 0, "TotBusinessProfession": 0}, "TotalNumOfMonths": 0, "TotalPrsumptvIncUs44EGoods": 0, "TotalPrsumptvIncUs44E": 0, "TurnverFrmSpecActivity": 0, "NetIncomeFrmSpecActivity": 0}, "PARTA_OI": {"MethodOfValClgStk": {"ValRawMaterial": "1", "ValFinishedGoods": "1", "ChngStockValMetFlg": "N", "EffectOnPL": 0, "DecProOrIncLossUs145_A": 0}, "NoCredToPLAmt": {"Section28Items": 0, "ProformaCreditsDue": 0, "PrevYrEscalClaim": 0, "OthItemInc": 0, "CapReceipt": 0, "TotNoCredToPLAmt": 0}, "AmtDisallUs36": {"StkInsurPrem": 0, "EmpHealthInsurPrem": 0, "EmpBonusCommSum": 0, "IntOnBorrCap": 0, "ZeroCoupBondDisc": 0, "RecogPFContribAmt": 0, "AppSuperAnnFundAmt": 0, "PensionSchemeSec80CCD": 0, "AppGratFundAmt": 0, "OthFundAmt": 0, "EmpContributionCredits": 0, "BadDebtDoubtAmt": 0, "BadDebtDoubtProvn": 0, "SpecResrvTranfr": 0, "FamPlanPromoExp": 0, "SecuritiesPaidAmt": 0, "MrktLossOthExpLossICDS": 0, "OthDisallowances": 0, "TotAmtDisallUs36": 0}, "AmtDisallUs37": {"CapitalNatureExp": 0, "PersonalExp": 0, "BusOrProfessnExp": 0, "PoliticPartyExp": 0, "LawVoilatPenalExp": 0, "OthPenalFineExp": 0, "OffenceExp": 0, "ContigentLiability": 0, "OthAmtNotAllowUs37": 0, "TotAmtDisallUs37": 0}, "AmtDisallUs40": {"NonCompChapXVIIBAmt": 0, "NonComp40aiiChapXVIIBAmt": 0, "NonComp40aibChapXVIIBAmt": 0, "NonComp40aiiiChapXVIIBAmt": 0, "TaxAmtOnProfits": 0, "WTAmt": 0, "RolyatyOrServiceFee": 0, "IntSalBonPartner": 0, "OthDisallow": 0, "TotAmtDisallUs40": 0, "AmtDisallUs40PyNowAll": 0}, "AmtDisallUs40A": {"AmtPaidUs40A2b": 0, "AmtGT20kCash": 0, "ProvPmtGrat": 0, "ContToSetupTrust": 0, "OthDisallow": 0, "TotAmtDisallUs40A": 0}, "AmtDisallUs43BPyNowAll": {"AmtUs43B": {"TaxDutyCesAmt": 0, "ContToEmpPFSFGF": 0, "EmpBonusComm": 0, "IntPayaleToFI": 0, "SumPayaleLoanBrToFinComp": 0, "IntPayaleToFISchBank": 0, "LeaveEncashPayable": 0, "RailwayAssetsPayable": 0, "TotAmtUs43b": 0}}, "AmtDisall43B": {"AmtUs43B": {"TaxDutyCesAmt": 0, "ContToEmpPFSFGF": 0, "EmpBonusComm": 0, "IntPayaleToFI": 0, "SumPayaleLoanBrToFinComp": 0, "IntPayaleToFISchBank": 0, "LeaveEncashPayable": 0, "RailwayAssetsPayable": 0, "TotAmtUs43b": 0}}, "AmtExciseCustomsVATOutstanding": {"ExciseCustomsVAT": {"UnionExciseDuty": 0, "ServiceTax": 0, "VATorSaleTax": 0, "CentralGoodServiceTax": 0, "StateGoodServiceTax": 0, "IntegratedGoodServiceTax": 0, "UnionTerrGoodServiceTax": 0, "OthDutyTaxCess": 0, "TotExciseCustomsVAT": 0}}, "MethodOfAcct": "MERC", "ChangeInAcctMethFlg": "N", "ProfDeviatDueAcctMeth": 0, "DecProOrIncLossUs145_2": 0, "DeemedProfUs33ABs": 0, "DeemedProfUs33AB": 0, "DeemedProfUs33ABA": 0, "ProfTaxAmtUs41": 0, "PriorAmtIncCrDrPL": 0, "AmountOfExpDisAllwUs14A": 0, "ScheduleTPSAFlg": "N"}, "PARTA_QD": {"TradingConcern": {"QuantitDet": [{"ItemName": "Accessories", "UnitOfMeasure": "107", "OpeningStock": 62, "PurchaseQty": 1306, "SaleQty": 973, "ClgStock": 395, "AnyShortExces": 0}, {"ItemName": "CP", "UnitOfMeasure": "107", "OpeningStock": 8, "PurchaseQty": 43, "SaleQty": 40, "ClgStock": 11, "AnyShortExces": 0}, {"ItemName": "Euipment", "UnitOfMeasure": "107", "OpeningStock": 43, "PurchaseQty": 78, "SaleQty": 86, "ClgStock": 27, "AnyShortExces": 0}]}}, "ITR3ScheduleBP": {"BusinessIncOthThanSpec": {"IncRecCredPLOthHeadDtls": {"Salary": 0, "HouseProperty": 0, "CapitalGains": 0, "OtherSources": 0, "Dividend": 0, "OtherThanDividend": 0, "Us115BBF": 0, "Us115BBG": 0}, "ProfitLossInclRefrdSec": {"ProfitLossUs44AD": 0, "ProfitLossUs44ADA": 0, "ProfitLossUs44AE": 0, "ProfitLossUs44B": 0, "ProfitLossUs44BB": 0, "ProfitLossUs44BBA": 0, "ProfitLossUs44DA": 0}, "ProfitFrmActCvrd": {"ProfitFrmActCvrdUndrRule7": 0, "ProfitFrmActCvrdUndrRule7A": 0, "ProfitFrmActCvrdUndrRule7B1": 0, "ProfitFrmActCvrdUndrRule7B1A": 0, "ProfitFrmActCvrdUndrRule8": 0}, "IncCredPL": {"FirmShareInc": 0, "AOPBOISharInc": 0, "OthExempInc": 0, "TotExempIncPL": 0}, "ExpDebToPLOthHeadDtls": {"Salary": 0, "HouseProperty": 0, "CapitalGains": 0, "OtherSources": 0, "Us115BBF": 0, "Us115BBG": 0}, "DepreciationAllowITAct32": {"DepreciationAllowUs32_1_ii": 16766, "DepreciationAllowUs32_1_i": 0, "TotDeprAllowITAct": 16766}, "DeemedProfitBusUs": {"Section44AD": 0, "Section44ADA": 0, "Section44AE": 0, "Section44B": 0, "Section44BB": 0, "Section44BBA": 0, "Section44DA": 0, "TotDeemedProfitBusUs": 0}, "ProfBfrTaxPL": 613915, "NetPLFromSpecBus": 0, "NetPLFromSpecifiedBus": 0, "PLUs44sChapXIIG": 0, "TotalProfitFrmActCvrd": 0, "BalancePLOthThanSpecBus": 613915, "ExpDebToPLExemptInc": 0, "ExpDebToPLExemptIncDisAllwUs14A": 0, "TotExpDebPL": 0, "AdjustedPLOthThanSpecBus": 613915, "DepreciationDebPLCosAct": 16766, "AdjustPLAfterDeprOthSpecInc": 613915, "AmtDebPLDisallowUs36": 0, "AmtDebPLDisallowUs37": 0, "AmtDebPLDisallowUs40": 0, "AmtDebPLDisallowUs40A": 0, "AmtDebPLDisallowUs43B": 0, "InterestDisAllowUs23SMEAct": 0, "DeemIncUs41": 0, "DeemIncUs3380HHD80IA": 0, "DeemIncUs32AD": 0, "DeemIncUs33AB": 0, "DeemIncUs33ABA": 0, "DeemIncUs35ABB": 0, "DeemIncUs40A3A": 0, "DeemIncUs72A": 0, "DeemIncUs80HHD": 0, "DeemIncUs80IA": 0, "DeemIncUs43CA": 0, "OthItemDisallowUs28To44DA": 0, "AnyOthIncNotInclInExpDisallowPL": 0, "AnyOthIncNotInclInSalary": 0, "AnyOthIncNotInclInBonus": 0, "AnyOthIncNotInclInCommission": 0, "AnyOthIncNotInclInInterest": 0, "AnyOthIncNotInclInOthers": 0, "IncProfDecLossAccICDSAdj": 0, "TotAfterAddToPLDeprOthSpecInc": 0, "DeductUs32_1_iii": 0, "DebPLUs35ExcessAmt": 0, "AmtDisallUs40NowAllow": 0, "AmtDisallUs43BNowAllow": 0, "AnyOthAmtAllDeduct": 0, "DecProfIncLossAccICDSAdj": 0, "TotDeductionAmts": 0, "PLAftAdjDedBusOthThanSpec": 613915, "NetPLAftAdjBusOthThanSpec": 613915, "NetPLBusOthThanSpec7A7B7C": 613915, "ChrgblIncUndrRule7": 0, "DeemedChrgblIncUndrRule7A": 0, "DeemedChrgblIncUndrRule7B1": 0, "DeemedChrgblIncUndrRule7B1A": 0, "DeemedChrgblIncUndrRule8": 0, "IncomeOtherThanRule": 613915, "BalIncDeemedFrmAgri": 0}, "SpecBusinessInc": {"NetPLFrmSpecBus": 0, "AdditionUs28to44DA": 0, "DeductUs28to44DA": 0, "AdjustedPLFrmSpecuBus": 0}, "SpecifiedBusinessInc": {"NetPLFrmSpecifiedBus": 0, "AddSec28to44DA": 0, "DedSec28to44DAOTDedSec35AD": 0, "ProfitLossSpecifiedBusiness": 0, "DeductionUs35AD": 0, "PLFrmSpecifiedBus": 0}, "BusSetoffCurrYr": {"SpeculativeInc": {"IncOfCurYrUnderThatHead": 0, "BusLossSetoff": 0, "IncOfCurYrAfterSetOff": 0}, "SpecifiedInc": {"IncOfCurYrUnderThatHead": 0, "BusLossSetoff": 0, "IncOfCurYrAfterSetOff": 0}, "LossSetOffOnBusLoss": 0, "TotLossSetOffOnBus": 0, "LossRemainSetOffOnBus": 0}, "IncChrgUnHdProftGain": 613915}, "ScheduleDPM": {"PlantMachinery": {"Rate15": {"DepreciationDetail": {"WDVFirstDay": 0, "AdditionsGrThan180Days": 0, "RealizationTotalPeriod": 0, "FullRateDeprAmt": 0, "AdditionsLessThan180Days": 0, "RealizationPeriodLessThan180days": 0, "HalfRateDeprAmt": 0, "DepreciationAtFullRate": 0, "DepreciationAtHalfRate": 0, "TotalDepreciation": 0, "DepDisAllowUs38_2": 0, "NetAggregateDepreciation": 0, "ProportionateAggDepreciation": 0, "ExpdrOnTrforSaleAsset": 0, "CapGainUs50": 0, "WDVLastDay": 0}}, "Rate30": {"DepreciationDetail": {"WDVFirstDay": 0, "AdditionsGrThan180Days": 0, "RealizationTotalPeriod": 0, "FullRateDeprAmt": 0, "AdditionsLessThan180Days": 0, "RealizationPeriodLessThan180days": 0, "HalfRateDeprAmt": 0, "DepreciationAtFullRate": 0, "DepreciationAtHalfRate": 0, "TotalDepreciation": 0, "DepDisAllowUs38_2": 0, "NetAggregateDepreciation": 0, "ProportionateAggDepreciation": 0, "ExpdrOnTrforSaleAsset": 0, "CapGainUs50": 0, "WDVLastDay": 0}}, "Rate40": {"DepreciationDetail": {"WDVFirstDay": 34528, "AdditionsGrThan180Days": 0, "RealizationTotalPeriod": 0, "FullRateDeprAmt": 34528, "AdditionsLessThan180Days": 0, "RealizationPeriodLessThan180days": 0, "HalfRateDeprAmt": 0, "DepreciationAtFullRate": 13811, "DepreciationAtHalfRate": 0, "TotalDepreciation": 13811, "DepDisAllowUs38_2": 0, "NetAggregateDepreciation": 13811, "ProportionateAggDepreciation": 0, "ExpdrOnTrforSaleAsset": 0, "CapGainUs50": 0, "WDVLastDay": 20717}}, "Rate45": {"DepreciationDetail": {"WDVFirstDay": 0, "RealizationTotalPeriod": 0, "FullRateDeprAmt": 0, "DepreciationAtFullRate": 0, "TotalDepreciation": 0, "DepDisAllowUs38_2": 0, "NetAggregateDepreciation": 0, "ProportionateAggDepreciation": 0, "ExpdrOnTrforSaleAsset": 0, "CapGainUs50": 0, "WDVLastDay": 0}}}}, "ScheduleDOA": {"Land": {"DepreciationDetail": {"WDVFirstDay": 0, "WDVLastDay": 0}}, "Building": {"Rate5": {"DepreciationDetail": {"WDVFirstDay": 0, "AdditionsGrThan180Days": 0, "RealizationTotalPeriod": 0, "FullRateDeprAmt": 0, "AdditionsLessThan180Days": 0, "RealizationPeriodLessThan180days": 0, "HalfRateDeprAmt": 0, "DepreciationAtFullRate": 0, "DepreciationAtHalfRate": 0, "TotalDepreciation": 0, "DepDisAllowUs38_2": 0, "NetAggregateDepreciation": 0, "ProportionateAggDepreciation": 0, "ExpdrOnTrforSaleAsset": 0, "CapGainUs50": 0, "WDVLastDay": 0}}, "Rate10": {"DepreciationDetail": {"WDVFirstDay": 0, "AdditionsGrThan180Days": 0, "RealizationTotalPeriod": 0, "FullRateDeprAmt": 0, "AdditionsLessThan180Days": 0, "RealizationPeriodLessThan180days": 0, "HalfRateDeprAmt": 0, "DepreciationAtFullRate": 0, "DepreciationAtHalfRate": 0, "TotalDepreciation": 0, "DepDisAllowUs38_2": 0, "NetAggregateDepreciation": 0, "ProportionateAggDepreciation": 0, "ExpdrOnTrforSaleAsset": 0, "CapGainUs50": 0, "WDVLastDay": 0}}, "Rate40": {"DepreciationDetail": {"WDVFirstDay": 0, "AdditionsGrThan180Days": 0, "RealizationTotalPeriod": 0, "FullRateDeprAmt": 0, "AdditionsLessThan180Days": 0, "RealizationPeriodLessThan180days": 0, "HalfRateDeprAmt": 0, "DepreciationAtFullRate": 0, "DepreciationAtHalfRate": 0, "TotalDepreciation": 0, "DepDisAllowUs38_2": 0, "NetAggregateDepreciation": 0, "ProportionateAggDepreciation": 0, "ExpdrOnTrforSaleAsset": 0, "CapGainUs50": 0, "WDVLastDay": 0}}}, "FurnitureFittings": {"Rate10": {"DepreciationDetail": {"WDVFirstDay": 29547, "AdditionsGrThan180Days": 0, "RealizationTotalPeriod": 0, "FullRateDeprAmt": 29547, "AdditionsLessThan180Days": 0, "RealizationPeriodLessThan180days": 0, "HalfRateDeprAmt": 0, "DepreciationAtFullRate": 2955, "DepreciationAtHalfRate": 0, "TotalDepreciation": 2955, "DepDisAllowUs38_2": 0, "NetAggregateDepreciation": 2955, "ProportionateAggDepreciation": 0, "ExpdrOnTrforSaleAsset": 0, "CapGainUs50": 0, "WDVLastDay": 26592}}}, "IntangibleAssets": {"Rate25": {"DepreciationDetail": {"WDVFirstDay": 0, "AdditionsGrThan180Days": 0, "RealizationTotalPeriod": 0, "FullRateDeprAmt": 0, "AdditionsLessThan180Days": 0, "RealizationPeriodLessThan180days": 0, "HalfRateDeprAmt": 0, "DepreciationAtFullRate": 0, "DepreciationAtHalfRate": 0, "TotalDepreciation": 0, "DepDisAllowUs38_2": 0, "NetAggregateDepreciation": 0, "ProportionateAggDepreciation": 0, "ExpdrOnTrforSaleAsset": 0, "CapGainUs50": 0, "WDVLastDay": 0}}}, "Ships": {"Rate20": {"DepreciationDetail": {"WDVFirstDay": 0, "AdditionsGrThan180Days": 0, "RealizationTotalPeriod": 0, "FullRateDeprAmt": 0, "AdditionsLessThan180Days": 0, "RealizationPeriodLessThan180days": 0, "HalfRateDeprAmt": 0, "DepreciationAtFullRate": 0, "DepreciationAtHalfRate": 0, "TotalDepreciation": 0, "DepDisAllowUs38_2": 0, "NetAggregateDepreciation": 0, "ProportionateAggDepreciation": 0, "ExpdrOnTrforSaleAsset": 0, "CapGainUs50": 0, "WDVLastDay": 0}}}}, "ScheduleDEP": {"SummaryFromDeprSch": {"PlantMachinerySummary": {"DeprBlockTot15Percent": 0, "DeprBlockTot30Percent": 0, "DeprBlockTot40Percent": 13811, "DeprBlockTot45Percent": 0, "TotPlntMach": 13811}, "BuildingSummary": {"DeprBlockTot5Percent": 0, "DeprBlockTot10Percent": 0, "DeprBlockTot40Percent": 0, "TotBuildng": 0}, "FurnitureSummary": 2955, "IntangibleAssetSummary": 0, "ShipsSummary": 0, "TotalDepreciation": 16766}}, "ScheduleDCG": {"SummaryFromDeprSchCG": {"PlantMachinerySummaryCG": {"DeprBlockTot15Percent": 0, "DeprBlockTot30Percent": 0, "DeprBlockTot40Percent": 0, "DeprBlockTot45Percent": 0, "TotPlntMach": 0}, "BuildingSummaryCG": {"DeprBlockTot5Percent": 0, "DeprBlockTot10Percent": 0, "DeprBlockTot40Percent": 0, "TotBuildng": 0}, "FurnitureSummary": 0, "IntangibleAssetSummary": 0, "ShipsSummary": 0, "TotalDepreciation": 0}}, "ScheduleCGFor23": {"ShortTermCapGainFor23": {"SlumpSaleInStcg": {"FMV11UAEii": 0, "FMV11UAEiii": 0, "FullConsideration": 0, "NetWorthOfDivision": 0, "CapgainonAssets": 0}, "NRITransacSec48Dtl": {"NRItaxSTTPaid": 0, "NRItaxSTTNotPaid": 0}, "NRISecur115AD": {"DeductSec48": {"AquisitCost": 0, "ImproveCost": 0, "ExpOnTrans": 0, "TotalDedn": 0}, "FullValueConsdRecvUnqshr": 0, "FairMrktValueUnqshr": 0, "FullValueConsdSec50CA": 0, "FullValueConsdOthUnqshr": 0, "FullConsideration": 0, "BalanceCG": 0, "LossSec94of7Or94of8": 0, "CapgainonAssets": 0}, "SaleOnOtherAssets": {"DeductSec48": {"AquisitCost": 0, "ImproveCost": 0, "ExpOnTrans": 0, "TotalDedn": 0}, "ExemptionOrDednUs54": {"ExemptionGrandTotal": 0}, "FullValueConsdRecvUnqshr": 0, "FairMrktValueUnqshr": 0, "FullValueConsdSec50CA": 0, "FullValueConsdOthUnqshr": 0, "FullConsideration": 0, "BalanceCG": 0, "LossSec94of7Or94of8": 0, "DeemedStcgOnAssets": 0, "CapgainonAssets": 0}, "TotalAmtDeemedStcg": 0, "PassThrIncNatureSTCG": 0, "TotalAmtNotTaxUsDTAAStcg": 0, "TotalAmtTaxUsDTAAStcg": 0, "TotalSTCG": 0}, "LongTermCapGain23": {"SlumpSaleInLtcg": {"ExemptionOrDednUs54": {"ExemptionGrandTotal": 0}, "FMV11UAEii": 0, "FMV11UAEiii": 0, "FullConsideration": 0, "NetWorthOfDivision": 0, "SlumpBalance": 0, "CapgainonAssets": 0}, "SaleofBondsDebntr": {"DeductSec48": {"AquisitCost": 0, "ImproveCost": 0, "ExpOnTrans": 0, "TotalDedn": 0}, "FullConsideration": 0, "BalanceCG": 0, "DeductionUs54F": 0, "CapgainonAssets": 0}, "SaleOfEquityShareUs112A": {"BalanceCG": 0, "DeductionUs54F": 0, "CapgainonAssets": 0}, "NRISaleOfEquityShareUs112A": {"BalanceCG": 0, "DeductionUs54F": 0, "CapgainonAssets": 0}, "NRISaleofForeignAsset": {"SaleonSpecAsset": 0, "DednSpecAssetus115": 0, "BalonSpeciAsset": 0, "SaleOtherSpecAsset": 0, "DednOtherSpecAssetus115": 0, "BalOtherthanSpecAsset": 0}, "SaleofAssetNA": {"DeductSec48": {"AquisitCost": 0, "ImproveCost": 0, "ExpOnTrans": 0, "TotalDedn": 0}, "ExemptionOrDednUs54": {"ExemptionGrandTotal": 0}, "FullValueConsdRecvUnqshr": 0, "FairMrktValueUnqshr": 0, "FullValueConsdSec50CA": 0, "FullValueConsdOthUnqshr": 0, "FullConsideration": 0, "BalanceCG": 0, "CapgainonAssets": 0}, "TotalAmtDeemedLtcg": 0, "PassThrIncNatureLTCG": 0, "PassThrIncNatureLTCGUs112A": 0, "TotalAmtNotTaxUsDTAALtcg": 0, "TotalAmtTaxUsDTAALtcg": 0, "TotalLTCG": 0}, "CurrYrLosses": {"InLossSetOff": {"StclSetoff15Per": 0, "StclSetoff30Per": 0, "StclSetoffAppRate": 0, "StclSetoffDTAARate": 0, "LtclSetOff10Per": 0, "LtclSetOff20Per": 0, "LtclSetOffDTAARate": 0}, "InStcg15Per": {"CurrYearIncome": 0, "StclSetoff30Per": 0, "StclSetoffAppRate": 0, "StclSetoffDTAARate": 0, "CurrYrCapGain": 0}, "InStcg30Per": {"CurrYearIncome": 0, "StclSetoff15Per": 0, "StclSetoffAppRate": 0, "StclSetoffDTAARate": 0, "CurrYrCapGain": 0}, "InStcgAppRate": {"CurrYearIncome": 0, "StclSetoff15Per": 0, "StclSetoff30Per": 0, "StclSetoffDTAARate": 0, "CurrYrCapGain": 0}, "InStcgDTAARate": {"CurrYearIncome": 0, "StclSetoff15Per": 0, "StclSetoff30Per": 0, "StclSetoffAppRate": 0, "CurrYrCapGain": 0}, "InLtcg10Per": {"CurrYearIncome": 0, "StclSetoff15Per": 0, "StclSetoff30Per": 0, "StclSetoffAppRate": 0, "StclSetoffDTAARate": 0, "LtclSetOff20Per": 0, "LtclSetOffDTAARate": 0, "CurrYrCapGain": 0}, "InLtcg20Per": {"CurrYearIncome": 0, "StclSetoff15Per": 0, "StclSetoff30Per": 0, "StclSetoffAppRate": 0, "StclSetoffDTAARate": 0, "LtclSetOff10Per": 0, "LtclSetOffDTAARate": 0, "CurrYrCapGain": 0}, "InLtcgDTAARate": {"CurrYearIncome": 0, "StclSetoff15Per": 0, "StclSetoff30Per": 0, "StclSetoffAppRate": 0, "StclSetoffDTAARate": 0, "LtclSetOff10Per": 0, "LtclSetOff20Per": 0, "CurrYrCapGain": 0}, "TotLossSetOff": {"StclSetoff15Per": 0, "StclSetoff30Per": 0, "StclSetoffAppRate": 0, "StclSetoffDTAARate": 0, "LtclSetOff10Per": 0, "LtclSetOff20Per": 0, "LtclSetOffDTAARate": 0}, "LossRemainSetOff": {"StclSetoff15Per": 0, "StclSetoff30Per": 0, "StclSetoffAppRate": 0, "StclSetoffDTAARate": 0, "LtclSetOff10Per": 0, "LtclSetOff20Per": 0, "LtclSetOffDTAARate": 0}}, "AccruOrRecOfCG": {"ShortTermUnder15Per": {"DateRange": {"Upto15Of6": 0, "Upto15Of9": 0, "Up16Of9To15Of12": 0, "Up16Of12To15Of3": 0, "Up16Of3To31Of3": 0}}, "ShortTermUnder30Per": {"DateRange": {"Upto15Of6": 0, "Upto15Of9": 0, "Up16Of9To15Of12": 0, "Up16Of12To15Of3": 0, "Up16Of3To31Of3": 0}}, "ShortTermUnderAppRate": {"DateRange": {"Upto15Of6": 0, "Upto15Of9": 0, "Up16Of9To15Of12": 0, "Up16Of12To15Of3": 0, "Up16Of3To31Of3": 0}}, "ShortTermUnderDTAARate": {"DateRange": {"Upto15Of6": 0, "Upto15Of9": 0, "Up16Of9To15Of12": 0, "Up16Of12To15Of3": 0, "Up16Of3To31Of3": 0}}, "LongTermUnder10Per": {"DateRange": {"Upto15Of6": 0, "Upto15Of9": 0, "Up16Of9To15Of12": 0, "Up16Of12To15Of3": 0, "Up16Of3To31Of3": 0}}, "LongTermUnder20Per": {"DateRange": {"Upto15Of6": 0, "Upto15Of9": 0, "Up16Of9To15Of12": 0, "Up16Of12To15Of3": 0, "Up16Of3To31Of3": 0}}, "LongTermUnderDTAARate": {"DateRange": {"Upto15Of6": 0, "Upto15Of9": 0, "Up16Of9To15Of12": 0, "Up16Of12To15Of3": 0, "Up16Of3To31Of3": 0}}}, "TotScheduleCGFor23": 0}, "ScheduleOS": {"IncOthThanOwnRaceHorse": {"TaxAccumulatedBalRecPF": {"TotalIncomeBenefit": 0, "TotalTaxBenefit": 0}, "IncChargblSplRateOS": {"TotalAmtTaxUsDTAASchOs": 0}, "Deductions": {"UsrIntExp57": 0, "IntExp57": 0, "DeductionUs57iia": 0, "Depreciation": 0, "TotDeductions": 0}, "GrossIncChrgblTaxAtAppRate": 52857, "DividendGross": 0, "DividendOthThan22e": 0, "Dividend22e": 0, "InterestGross": 52857, "IntrstFrmSavingBank": 4462, "IntrstFrmTermDeposit": 48395, "IntrstFrmIncmTaxRefund": 0, "NatofPassThrghIncome": 0, "IntrstFrmOthers": 0, "RentFromMachPlantBldgs": 0, "Tot562x": 0, "Aggrtvaluewithoutcons562x": 0, "Immovpropwithoutcons562x": 0, "Immovpropinadeqcons562x": 0, "Anyotherpropwithoutcons562x": 0, "Anyotherpropinadeqcons562x": 0, "FamilyPension": 0, "IncomeNotified89AOS": 0, "AnyOtherIncome": 0, "IncChargeableSpecialRates": 0, "LtryPzzlChrgblUs115BB": 0, "IncChrgblUs115BBE": 0, "CashCreditsUs68": 0, "UnExplndInvstmntsUs69": 0, "UnExplndMoneyUs69A": 0, "UnDsclsdInvstmntsUs69B": 0, "UnExplndExpndtrUs69C": 0, "AmtBrwdRepaidOnHundiUs69D": 0, "OthersGross": 0, "PassThrIncOSChrgblSplRate": 0, "BalanceNoRaceHorse": 52857}, "IncFromOwnHorse": {"Receipts": 0, "DeductSec57": 0, "BalanceOwnRaceHorse": 0}, "IncFrmLottery": {"DateRange": {"Upto15Of6": 0, "Up16Of6To15Of9": 0, "Up16Of9To15Of12": 0, "Up16Of12To15Of3": 0, "Up16Of3To31Of3": 0}}, "DividendIncUs115BBDA": {"DateRange": {"Upto15Of6": 0, "Up16Of6To15Of9": 0, "Up16Of9To15Of12": 0, "Up16Of12To15Of3": 0, "Up16Of3To31Of3": 0}}, "DividendIncUs115A1ai": {"DateRange": {"Upto15Of6": 0, "Up16Of6To15Of9": 0, "Up16Of9To15Of12": 0, "Up16Of12To15Of3": 0, "Up16Of3To31Of3": 0}}, "DividendIncUs115AC": {"DateRange": {"Upto15Of6": 0, "Up16Of6To15Of9": 0, "Up16Of9To15Of12": 0, "Up16Of12To15Of3": 0, "Up16Of3To31Of3": 0}}, "DividendIncUs115ACA": {"DateRange": {"Upto15Of6": 0, "Up16Of6To15Of9": 0, "Up16Of9To15Of12": 0, "Up16Of12To15Of3": 0, "Up16Of3To31Of3": 0}}, "DividendIncUs115AD1i": {"DateRange": {"Upto15Of6": 0, "Up16Of6To15Of9": 0, "Up16Of9To15Of12": 0, "Up16Of12To15Of3": 0, "Up16Of3To31Of3": 0}}, "NOT89A": {"DateRange": {"Upto15Of6": 0, "Up16Of6To15Of9": 0, "Up16Of9To15Of12": 0, "Up16Of12To15Of3": 0, "Up16Of3To31Of3": 0}}, "DividendDTAA": {"DateRange": {"Upto15Of6": 0, "Up16Of6To15Of9": 0, "Up16Of9To15Of12": 0, "Up16Of12To15Of3": 0, "Up16Of3To31Of3": 0}}, "TotOthSrcNoRaceHorse": 52857, "IncChargeable": 52857}, "ScheduleCYLA": {"Salary": {"IncCYLA": {"IncOfCurYrUnderThatHead": 0, "HPlossCurYrSetoff": 0, "OthSrcLossNoRaceHorseSetoff": 0, "IncOfCurYrAfterSetOff": 0}}, "HP": {"IncCYLA": {"IncOfCurYrUnderThatHead": 0, "BusLossSetoff": 0, "OthSrcLossNoRaceHorseSetoff": 0, "IncOfCurYrAfterSetOff": 0}}, "BusProfExclSpecProf": {"IncCYLA": {"IncOfCurYrUnderThatHead": 613915, "HPlossCurYrSetoff": 0, "OthSrcLossNoRaceHorseSetoff": 0, "IncOfCurYrAfterSetOff": 613915}}, "SpeculativeInc": {"IncCYLA": {"IncOfCurYrUnderThatHead": 0, "HPlossCurYrSetoff": 0, "OthSrcLossNoRaceHorseSetoff": 0, "IncOfCurYrAfterSetOff": 0}}, "SpecifiedInc": {"IncCYLA": {"IncOfCurYrUnderThatHead": 0, "HPlossCurYrSetoff": 0, "OthSrcLossNoRaceHorseSetoff": 0, "IncOfCurYrAfterSetOff": 0}}, "STCG15Per": {"IncCYLA": {"IncOfCurYrUnderThatHead": 0, "HPlossCurYrSetoff": 0, "BusLossSetoff": 0, "OthSrcLossNoRaceHorseSetoff": 0, "IncOfCurYrAfterSetOff": 0}}, "STCG30Per": {"IncCYLA": {"IncOfCurYrUnderThatHead": 0, "HPlossCurYrSetoff": 0, "BusLossSetoff": 0, "OthSrcLossNoRaceHorseSetoff": 0, "IncOfCurYrAfterSetOff": 0}}, "STCGAppRate": {"IncCYLA": {"IncOfCurYrUnderThatHead": 0, "HPlossCurYrSetoff": 0, "BusLossSetoff": 0, "OthSrcLossNoRaceHorseSetoff": 0, "IncOfCurYrAfterSetOff": 0}}, "STCGDTAARate": {"IncCYLA": {"IncOfCurYrUnderThatHead": 0, "HPlossCurYrSetoff": 0, "BusLossSetoff": 0, "OthSrcLossNoRaceHorseSetoff": 0, "IncOfCurYrAfterSetOff": 0}}, "LTCG10Per": {"IncCYLA": {"IncOfCurYrUnderThatHead": 0, "HPlossCurYrSetoff": 0, "BusLossSetoff": 0, "OthSrcLossNoRaceHorseSetoff": 0, "IncOfCurYrAfterSetOff": 0}}, "LTCG20Per": {"IncCYLA": {"IncOfCurYrUnderThatHead": 0, "HPlossCurYrSetoff": 0, "BusLossSetoff": 0, "OthSrcLossNoRaceHorseSetoff": 0, "IncOfCurYrAfterSetOff": 0}}, "LTCGDTAARate": {"IncCYLA": {"IncOfCurYrUnderThatHead": 0, "HPlossCurYrSetoff": 0, "BusLossSetoff": 0, "OthSrcLossNoRaceHorseSetoff": 0, "IncOfCurYrAfterSetOff": 0}}, "OthSrcExclRaceHorse": {"IncCYLA": {"IncOfCurYrUnderThatHead": 52857, "HPlossCurYrSetoff": 0, "BusLossSetoff": 0, "IncOfCurYrAfterSetOff": 52857}}, "OthSrcRaceHorse": {"IncCYLA": {"IncOfCurYrUnderThatHead": 0, "HPlossCurYrSetoff": 0, "BusLossSetoff": 0, "OthSrcLossNoRaceHorseSetoff": 0, "IncOfCurYrAfterSetOff": 0}}, "IncOSDTAA": {"IncCYLA": {"IncOfCurYrUnderThatHead": 0, "HPlossCurYrSetoff": 0, "BusLossSetoff": 0, "OthSrcLossNoRaceHorseSetoff": 0, "IncOfCurYrAfterSetOff": 0}}, "TotalCurYr": {"TotHPlossCurYr": 0, "TotBusLoss": 0, "TotOthSrcLossNoRaceHorse": 0}, "TotalLossSetOff": {"TotHPlossCurYrSetoff": 0, "TotBusLossSetoff": 0, "TotOthSrcLossNoRaceHorseSetoff": 0}, "LossRemAftSetOff": {"BalHPlossCurYrAftSetoff": 0, "BalBusLossAftSetoff": 0, "BalOthSrcLossNoRaceHorseAftSetoff": 0}}, "ScheduleBFLA": {"Salary": {"IncBFLA": {"IncOfCurYrUndHeadFromCYLA": 0, "IncOfCurYrAfterSetOffBFLosses": 0}}, "HP": {"IncBFLA": {"IncOfCurYrUndHeadFromCYLA": 0, "BFlossPrevYrUndSameHeadSetoff": 0, "BFUnabsorbedDeprSetoff": 0, "BFAllUs35Cl4Setoff": 0, "IncOfCurYrAfterSetOffBFLosses": 0}}, "BusProfExclSpecProf": {"IncBFLA": {"IncOfCurYrUndHeadFromCYLA": 613915, "BFlossPrevYrUndSameHeadSetoff": 541493, "BFUnabsorbedDeprSetoff": 0, "BFAllUs35Cl4Setoff": 0, "IncOfCurYrAfterSetOffBFLosses": 72422}}, "SpeculativeInc": {"IncBFLA": {"IncOfCurYrUndHeadFromCYLA": 0, "BFlossPrevYrUndSameHeadSetoff": 0, "BFUnabsorbedDeprSetoff": 0, "BFAllUs35Cl4Setoff": 0, "IncOfCurYrAfterSetOffBFLosses": 0}}, "SpecifiedInc": {"IncBFLA": {"IncOfCurYrUndHeadFromCYLA": 0, "BFlossPrevYrUndSameHeadSetoff": 0, "BFUnabsorbedDeprSetoff": 0, "BFAllUs35Cl4Setoff": 0, "IncOfCurYrAfterSetOffBFLosses": 0}}, "STCG15Per": {"IncBFLA": {"IncOfCurYrUndHeadFromCYLA": 0, "BFlossPrevYrUndSameHeadSetoff": 0, "BFUnabsorbedDeprSetoff": 0, "BFAllUs35Cl4Setoff": 0, "IncOfCurYrAfterSetOffBFLosses": 0}}, "STCG30Per": {"IncBFLA": {"IncOfCurYrUndHeadFromCYLA": 0, "BFlossPrevYrUndSameHeadSetoff": 0, "BFUnabsorbedDeprSetoff": 0, "BFAllUs35Cl4Setoff": 0, "IncOfCurYrAfterSetOffBFLosses": 0}}, "STCGAppRate": {"IncBFLA": {"IncOfCurYrUndHeadFromCYLA": 0, "BFlossPrevYrUndSameHeadSetoff": 0, "BFUnabsorbedDeprSetoff": 0, "BFAllUs35Cl4Setoff": 0, "IncOfCurYrAfterSetOffBFLosses": 0}}, "STCGDTAARate": {"IncBFLA": {"IncOfCurYrUndHeadFromCYLA": 0, "BFlossPrevYrUndSameHeadSetoff": 0, "BFUnabsorbedDeprSetoff": 0, "BFAllUs35Cl4Setoff": 0, "IncOfCurYrAfterSetOffBFLosses": 0}}, "LTCG10Per": {"IncBFLA": {"IncOfCurYrUndHeadFromCYLA": 0, "BFlossPrevYrUndSameHeadSetoff": 0, "BFUnabsorbedDeprSetoff": 0, "BFAllUs35Cl4Setoff": 0, "IncOfCurYrAfterSetOffBFLosses": 0}}, "LTCG20Per": {"IncBFLA": {"IncOfCurYrUndHeadFromCYLA": 0, "BFlossPrevYrUndSameHeadSetoff": 0, "BFUnabsorbedDeprSetoff": 0, "BFAllUs35Cl4Setoff": 0, "IncOfCurYrAfterSetOffBFLosses": 0}}, "LTCGDTAARate": {"IncBFLA": {"IncOfCurYrUndHeadFromCYLA": 0, "BFlossPrevYrUndSameHeadSetoff": 0, "BFUnabsorbedDeprSetoff": 0, "BFAllUs35Cl4Setoff": 0, "IncOfCurYrAfterSetOffBFLosses": 0}}, "OthSrcExclRaceHorse": {"IncBFLA": {"IncOfCurYrUndHeadFromCYLA": 52857, "BFUnabsorbedDeprSetoff": 0, "BFAllUs35Cl4Setoff": 0, "IncOfCurYrAfterSetOffBFLosses": 52857}}, "OthSrcRaceHorse": {"IncBFLA": {"IncOfCurYrUndHeadFromCYLA": 0, "BFlossPrevYrUndSameHeadSetoff": 0, "BFUnabsorbedDeprSetoff": 0, "BFAllUs35Cl4Setoff": 0, "IncOfCurYrAfterSetOffBFLosses": 0}}, "IncOSDTAA": {"IncBFLA": {"IncOfCurYrUndHeadFromCYLA": 0, "BFUnabsorbedDeprSetoff": 0, "BFAllUs35Cl4Setoff": 0, "IncOfCurYrAfterSetOffBFLosses": 0}}, "TotalBFLossSetOff": {"TotBFLossSetoff": 541493, "TotUnabsorbedDeprSetoff": 0, "TotAllUs35cl4Setoff": 0}, "IncomeOfCurrYrAftCYLABFLA": 125279}, "ScheduleCFL": {"LossCFCurrentAssmntYear2022": {"CarryFwdLossDetail": {"DateOfFiling": "2022-03-11", "TotalHPPTILossCF": 0, "BrtFwdBusLoss": 541493, "BusLossOthThanSpecLossCF": 541493, "LossFrmSpecBusCF": 0, "LossFrmSpecifiedBusCF": 0, "TotalSTCGPTILossCF": 0, "TotalLTCGPTILossCF": 0, "OthSrcLossRaceHorseCF": 0}}, "TotalOfBFLossesEarlierYrs": {"LossSummaryDetail": {"TotalHPPTILossCF": 0, "BusLossOthThanSpecLossCF": 541493, "LossFrmSpecBusCF": 0, "LossFrmSpecifiedBusCF": 0, "TotalSTCGPTILossCF": 0, "TotalLTCGPTILossCF": 0, "OthSrcLossRaceHorseCF": 0}}, "AdjTotBFLossInBFLA": {"LossSummaryDetail": {"TotalHPPTILossCF": 0, "BusLossOthThanSpecLossCF": 541493, "LossFrmSpecBusCF": 0, "LossFrmSpecifiedBusCF": 0, "TotalSTCGPTILossCF": 0, "TotalLTCGPTILossCF": 0, "OthSrcLossRaceHorseCF": 0}}, "CurrentAYloss": {"LossSummaryDetail": {"TotalHPPTILossCF": 0, "BusLossOthThanSpecLossCF": 0, "LossFrmSpecBusCF": 0, "LossFrmSpecifiedBusCF": 0, "TotalSTCGPTILossCF": 0, "TotalLTCGPTILossCF": 0, "OthSrcLossRaceHorseCF": 0}}, "TotalLossCFSummary": {"LossSummaryDetail": {"TotalHPPTILossCF": 0, "BusLossOthThanSpecLossCF": 0, "LossFrmSpecBusCF": 0, "LossFrmSpecifiedBusCF": 0, "TotalSTCGPTILossCF": 0, "TotalLTCGPTILossCF": 0, "OthSrcLossRaceHorseCF": 0}}}, "ITR3ScheduleUD": {"CurrAssYr": "2022-23", "CurBalCFNY": 0, "CurAllowBalCFNY": 0, "TotBFUDepritAmt": 0, "TotAdjustAccTax115BACAmt": 0, "TotCurYrdepritSetoffInc": 0, "TotDepritBalCFNY": 0, "TotBFUAllowAmt": 0, "TotCurYrAllowSetoffInc": 0, "TotalBalCFNY": 0}, "Schedule80G": {"Don100Percent": {"TotDon100PercentCash": 0, "TotDon100PercentOtherMode": 0, "TotDon100Percent": 0, "TotEligibleDon100Percent": 0}, "Don50PercentNoApprReqd": {"TotDon50PercentNoApprReqdCash": 0, "TotDon50PercentNoApprReqdOtherMode": 0, "TotDon50PercentNoApprReqd": 0, "TotEligibleDon50Percent": 0}, "Don100PercentApprReqd": {"TotDon100PercentApprReqdCash": 0, "TotDon100PercentApprReqdOtherMode": 0, "TotDon100PercentApprReqd": 0, "TotEligibleDon100PercentApprReqd": 0}, "Don50PercentApprReqd": {"TotDon50PercentApprReqdCash": 0, "TotDon50PercentApprReqdOtherMode": 0, "TotDon50PercentApprReqd": 0, "TotEligibleDon50PercentApprReqd": 0}, "TotalDonationsUs80GCash": 0, "TotalDonationsUs80GOtherMode": 0, "TotalDonationsUs80G": 0, "TotalEligibleDonationsUs80G": 0}, "ScheduleVIA": {"UsrDeductUndChapVIA": {"Section80C": 150000, "Section80D": 0, "Section80G": 0, "Section80GGA": 0, "Section80GGC": 0, "TotPartBchapterVIA": 150000, "Section80IA": 0, "Section80IB": 0, "Section80IBA": 0, "Section80IC": 0, "Section80JJA": 0, "TotPartCchapterVIA": 0, "Section80TTA": 4462, "Section80TTB": 0, "TotPartCAandDchapterVIA": 4462, "TotalChapVIADeductions": 154462}, "DeductUndChapVIA": {"Section80C": 125279, "Section80CCC": 0, "Section80CCDEmployeeOrSE": 0, "Section80CCD1B": 0, "Section80CCDEmployer": 0, "Section80D": 0, "Section80DD": 0, "Section80DDB": 0, "Section80E": 0, "Section80EE": 0, "Section80EEA": 0, "Section80EEB": 0, "Section80G": 0, "Section80GG": 0, "Section80GGA": 0, "Section80GGC": 0, "TotPartBchapterVIA": 125279, "Section80IA": 0, "Section80IAB": 0, "Section80IB": 0, "Section80IBA": 0, "Section80IC": 0, "Section80JJA": 0, "Section80JJAA": 0, "Section80QQB": 0, "Section80RRB": 0, "TotPartCchapterVIA": 0, "Section80TTA": 4462, "Section80TTB": 0, "Section80U": 0, "TotPartCAandDchapterVIA": 4462, "TotalChapVIADeductions": 125279}}, "ScheduleAMT": {"AdjustmentSec115JC": {"DeductClaimSec6A": 0, "DeductClaimSec10AA": 0, "DeductClaimSec35AD": 0, "Total": 0}, "TotalIncItem11": 0, "AdjustedUnderSec115JC": 0, "AdjustedUnderSec115JCIFSC": 0, "AdjustedUnderSec115JCOther": 0, "TaxPayableUnderSec115JC": 0}, "ScheduleAMTC": {"ScheduleAMTCDtls": [{"AssYr": "2013-14", "AmtCreditFwd": 0, "AmtCreditSetOfEy": 0, "AmtCreditBalBroughtFwd": 0, "AmtCreditUtilized": 0, "BalAmtCreditCarryFwd": 0}, {"AssYr": "2014-15", "AmtCreditFwd": 0, "AmtCreditSetOfEy": 0, "AmtCreditBalBroughtFwd": 0, "AmtCreditUtilized": 0, "BalAmtCreditCarryFwd": 0}, {"AssYr": "2015-16", "AmtCreditFwd": 0, "AmtCreditSetOfEy": 0, "AmtCreditBalBroughtFwd": 0, "AmtCreditUtilized": 0, "BalAmtCreditCarryFwd": 0}, {"AssYr": "2016-17", "AmtCreditFwd": 0, "AmtCreditSetOfEy": 0, "AmtCreditBalBroughtFwd": 0, "AmtCreditUtilized": 0, "BalAmtCreditCarryFwd": 0}, {"AssYr": "2017-18", "AmtCreditFwd": 0, "AmtCreditSetOfEy": 0, "AmtCreditBalBroughtFwd": 0, "AmtCreditUtilized": 0, "BalAmtCreditCarryFwd": 0}, {"AssYr": "2018-19", "AmtCreditFwd": 0, "AmtCreditSetOfEy": 0, "AmtCreditBalBroughtFwd": 0, "AmtCreditUtilized": 0, "BalAmtCreditCarryFwd": 0}, {"AssYr": "2019-20", "AmtCreditFwd": 0, "AmtCreditSetOfEy": 0, "AmtCreditBalBroughtFwd": 0, "AmtCreditUtilized": 0, "BalAmtCreditCarryFwd": 0}, {"AssYr": "2020-21", "AmtCreditFwd": 0, "AmtCreditSetOfEy": 0, "AmtCreditBalBroughtFwd": 0, "AmtCreditUtilized": 0, "BalAmtCreditCarryFwd": 0}, {"AssYr": "2021-22", "AmtCreditFwd": 0, "AmtCreditSetOfEy": 0, "AmtCreditBalBroughtFwd": 0, "AmtCreditUtilized": 0, "BalAmtCreditCarryFwd": 0}], "TaxSection115JC": 0, "TaxOthProvisions": 0, "AmtTaxCreditAvailable": 0, "CurrAssYr": "2022-23", "CurrYrAmtCreditFwd": 0, "CurrYrCreditCarryFwd": 0, "TotAMTGross": 0, "TotSetOffEys": 0, "TotBalBF": 0, "TotAmtCreditUtilisedCY": 0, "TotBalAMTCreditCF": 0, "TaxSection115JD": 0, "AmtLiabilityAvailable": 0}, "ScheduleEI": {"InterestInc": 14616, "AgriIncRule7and8": 0, "NetAgriIncOrOthrIncRule7": 0, "Others": 0, "IncChrgblAsPerDTAA": 0, "PassThrIncNotChrgblTax": 0, "TotalExemptInc": 14616}, "PartB-TI": {"ProfBusGain": {"ProfGainNoSpecBus": 613915, "ProfGainSpecBus": 0, "ProfGainSpecifiedBus": 0, "ProfIncome115BBF": 0, "TotProfBusGain": 613915}, "CapGain": {"ShortTerm": {"ShortTerm15Per": 0, "ShortTerm30Per": 0, "ShortTermAppRate": 0, "ShortTermSplRateDTAA": 0, "TotalShortTerm": 0}, "LongTerm": {"LongTerm10Per": 0, "LongTerm20Per": 0, "LongTermSplRateDTAA": 0, "TotalLongTerm": 0}, "TotalCapGains": 0}, "IncFromOS": {"OtherSrcThanOwnRaceHorse": 52857, "IncChargblSplRate": 0, "FromOwnRaceHorse": 0, "TotIncFromOS": 52857}, "DeductionsUndSchVIADtl": {"PartBchapterVIA": 125279, "PartCchapterVIA": 0, "TotDeductUndSchVIA": 125279}, "Salaries": 0, "IncomeFromHP": 0, "TotalTI": 666772, "CurrentYearLoss": 0, "BalanceAfterSetoffLosses": 666772, "BroughtFwdLossesSetoff": 541493, "GrossTotalIncome": 125279, "IncChargeTaxSplRate111A112": 0, "DeductionsUnder10Aor10AA": 0, "TotalIncome": 0, "IncChargeableTaxSplRates": 0, "NetAgricultureIncomeOrOtherIncomeForRate": 0, "AggregateIncome": 0, "LossesOfCurrentYearCarriedFwd": 0, "DeemedIncomeUs115JC": 0}, "PartB_TTI": {"ComputationOfTaxLiability": {"TaxPayableOnDeemedTI": {"TaxDeemedTISec115JC": 0, "SurchargeOnAboveCrore": 0, "EducationCess": 0, "TotalTax": 0}, "TaxPayableOnTI": {"TaxAtNormalRatesOnAggrInc": 0, "TaxAtSpecialRates": 0, "RebateOnAgriInc": 0, "TaxPayableOnTotInc": 0, "Rebate87A": 0, "TaxPayableOnRebate": 0, "Surcharge25ofSI": 0, "Surcharge25ofSIBeforeMarginal": 0, "SurchargeOnAboveCroreBeforeMarginal": 0, "SurchargeOnAboveCrore": 0, "TotalSurcharge": 0, "EducationCess": 0, "GrossTaxLiability": 0}, "GrossTaxPay": {"TaxInc17": 0, "TaxDeferred17": 0, "TaxDeferredPayableCY": 0}, "TaxRelief": {"Section90": 0, "Section91": 0, "TotTaxRelief": 0}, "IntrstPay": {"IntrstPayUs234A": 0, "IntrstPayUs234B": 0, "IntrstPayUs234C": 0, "LateFilingFee234F": 0, "TotalIntrstPay": 0}, "GrossTaxPayable": 0, "CreditUS115JD": 0, "TaxPayAfterCreditUs115JD": 0, "NetTaxLiability": 0, "AggregateTaxInterestLiability": 0}, "TaxPaid": {"TaxesPaid": {"AdvanceTax": 180000, "TDS": 1270, "TCS": 21236, "SelfAssessmentTax": 0, "TotalTaxesPaid": 202506}, "BalTaxPayable": 0}, "Refund": {"BankAccountDtls": {"AddtnlBankDetails": [{"IFSCCode": "UTIB0000547", "BankName": "AXIS BANK", "BankAccountNo": "547010100071008", "UseForRefund": "true"}], "BankDtlsFlag": "Y"}, "RefundDue": 202510}, "AssetOutIndiaFlag": "NO"}, "ScheduleIT": {"TaxPayment": [{"BSRCode": "0014431", "DateDep": "2022-03-12", "SrlNoOfChaln": 8160, "Amt": 100000}, {"BSRCode": "0013283", "DateDep": "2021-12-13", "SrlNoOfChaln": 6504, "Amt": 40000}, {"BSRCode": "0011349", "DateDep": "2021-09-10", "SrlNoOfChaln": 1613, "Amt": 20000}, {"BSRCode": "0014431", "DateDep": "2021-06-14", "SrlNoOfChaln": 7999, "Amt": 20000}], "TotalTaxPayments": 180000}, "ScheduleTDS1": {"TotalTDSonSalaries": 0}, "ScheduleTDS2": {"TDSOthThanSalaryDtls": [{"TaxDeductCreditDtls": {"TaxDeductedOwnHands": 1100, "TaxClaimedOwnHands": 1100}, "TDSCreditName": "S", "TANOfDeductor": "CALB12618E", "GrossAmount": 55000, "HeadOfIncome": "BP", "AmtCarriedFwd": 0}, {"TaxDeductCreditDtls": {"TaxDeductedOwnHands": 170, "TaxClaimedOwnHands": 170}, "TDSCreditName": "S", "TANOfDeductor": "CALI02354C", "GrossAmount": 16950, "HeadOfIncome": "BP", "AmtCarriedFwd": 0}], "TotalTDSonOthThanSals": 1270}, "ScheduleTDS3": {"TotalTDS3OnOthThanSal": 0}, "ScheduleTCS": {"TCS": [{"EmployerOrDeductorOrCollectDetl": {"TAN": "MUMD13546B", "EmployerOrDeductorOrCollecterName": "DRAEGER INDIA PRIVATE LIMITED"}, "DeductedYr": 2020, "BroughtFwdTDSAmt": 21336, "AmtTCSClaimedThisYear": 21236, "AmtCarriedFwd": 100}], "TotalSchTCS": 21236}, "Verification": {"Declaration": {"AssesseeVerName": "DEBARATI DAS", "FatherName": "GOURI SANKAR GHOSH", "AssesseeVerPAN": "BBCPD3398A"}, "Capacity": "S"}, "ScheduleESOP": {"ScheduleESOP2122_Type": {"TaxDeferredBFEarlierAY": 0, "BalanceTaxCF": 0}, "ScheduleESOP2223_Type": {"BalanceTaxCF": 0}, "TotalTaxAttributedAmt": 0}}}}