{"ITR": {"ITR3": {"CreationInfo": {"SWVersionNo": "1236", "SWCreatedBy": "SW20000029", "JSONCreatedBy": "SW20000029", "JSONCreationDate": "2022-01-06", "IntermediaryCity": "", "Digest": "MJzF2NrNc14oQZRNdDJElvnqCylXmumeHWHhzEssoFA="}, "Form_ITR3": {"FormName": "ITR-3", "Description": "For Individuals and HUFs having income from Business or Profession", "AssessmentYear": "2021", "SchemaVer": "Ver1.1", "FormVer": "Ver1.0"}, "PartA_GEN1": {"PersonalInfo": {"AssesseeName": {"FirstName": "AMARNATH", "SurNameOrOrgName": "DILIPKUMAR"}, "PAN": "CNTPD4693L", "Address": {"ResidenceNo": "262 B BLOCK", "RoadOrStreet": "RAGHAVANAGAR, NERALURU,", "LocalityOrArea": "ATTIBELE HOBLI, ANEKAL TALUK", "CityOrTownOrDistrict": "Bangalore", "StateCode": "15", "CountryCode": "91", "PinCode": 562107, "CountryCodeMobile": 91, "MobileNo": 9113551353, "CountryCodeMobileNoSec": 91, "MobileNoSec": 9341254638, "EmailAddress": "omshakthisales@gmail.com", "EmailAddressSec": "Reddeppa_mogili@yahoo.com"}, "DOB": "1994-07-11", "Status": "I", "AadhaarCardNo": "850915416538"}, "FilingStatus": {"ReturnFileSec": 11, "NewTaxRegime": "N", "SeventhProvisio139": "N", "ResidentialStatus": "RES", "ConditionsResStatus": "1", "BenefitUs115HFlg": "N", "PortugeseCC5A": "N", "AsseseeRepFlg": "N", "CompDirectorPrvYrFlg": "N", "PartnerInFirmFlg": "N", "HeldUnlistedEqShrPrYrFlg": "N", "ForeignExchangeFlag": "N"}}, "PartA_GEN2": {"AuditInfo": {"LiableSec44AAflg": "Y", "IncDclrdUs": "N", "TotalSalesExcOneCr": "Y", "AgrOFAllAmtsRcvd": "N", "AgrOFAllPayMade": "N", "LiableSec44ABflg": "Y", "AuditAccountantFlg": "Y", "AuditReportFurnishDate": "2022-01-06", "AuditorName": "MOGILI REDDEPPA", "AuditorMemNo": "023032", "AudFrmName": "MOGILI REDDEPPA", "AudFrmPAN": "AGTPM0400D", "AuditDate": "2022-01-05", "LiableSec92Eflg": "N", "AccountAuditFlag": "N"}, "NatOfBus": {"NatureOfBusiness": [{"Code": "09012"}]}}, "PARTA_BS": {"FundSrc": {"PropFund": {"PropCap": -161677, "ResrNSurp": {"RevResr": 0, "CapResr": 0, "StatResr": 0, "OthResr": 0, "TotResrNSurp": 0}, "TotPropFund": -161677}, "LoanFunds": {"SecrLoan": {"ForeignCurrLoan": 0, "RupeeLoan": {"FrmBank": 0, "FrmOthrs": 0, "TotRupeeLoan": 0}, "TotSecrLoan": 0}, "UnsecrLoan": {"FrmBank": 3855908, "FrmOthrs": 7614854, "TotUnSecrLoan": 11470762}, "TotLoanFund": 11470762}, "DeferredTax": 0, "TotFundSrc": 11309085}, "FundApply": {"FixedAsset": {"GrossBlock": 4616543, "Depreciation": 39036, "NetBlock": 4577507, "CapWrkProg": 0, "TotFixedAsset": 4577507}, "Investments": {"LongTermInv": {"GovtOthSecQuoted": 0, "GovOthSecUnQoted": 0, "TotLongTermInv": 0}, "TradeInv": {"EquityShares": 0, "PreferShares": 0, "Debenture": 0, "TotTradeInv": 0}, "TotInvestments": 0}, "CurrAssetLoanAdv": {"CurrAsset": {"Inventories": {"StoresConsumables": 0, "RawMatl": 0, "StkInProcess": 0, "FinOrTradGood": 3221828, "TotInventries": 3221828}, "SndryDebtors": 1432548, "CashOrBankBal": {"CashinHand": 645809, "BankBal": 972489, "TotCashOrBankBal": 1618298}, "OthCurrAsset": 150084, "TotCurrAsset": 6422758}, "LoanAdv": {"AdvRecoverable": 1513465, "Deposits": 422414, "BalWithRevAuth": 0, "TotLoanAdv": 1935879}, "TotCurrAssetLoanAdv": 8358637, "CurrLiabilitiesProv": {"CurrLiabilities": {"SundryCred": 1622886, "LiabForLeasedAsset": 0, "AccrIntonLeasedAsset": 0, "AccrIntNotDue": 0, "TotCurrLiabilities": 1622886}, "Provisions": {"ITProvision": 0, "ELSuperAnnGratProvision": 0, "OthProvision": 4173, "TotProvisions": 4173}, "TotCurrLiabilitiesProvision": 1627059}, "NetCurrAsset": 6731578}, "MiscAdjust": {"MiscExpndr": 0, "DefTaxAsset": 0, "AccumaltedLosses": 0, "TotMiscAdjust": 0}, "TotFundApply": 11309085}, "NoBooksOfAccBS": {"TotSundryDbtAmt": 0, "TotSundryCrdAmt": 0, "TotStkInTradAmt": 0, "CashBalAmt": 0}}, "TradingAccount": {"SaleOfGoods": 14667780, "OtherOperatingRevenueDtls": [{"OperatingRevenueName": "SCHEME DISCOUNT", "OperatingRevenueAmt": 804269}], "OperatingRevenueTotal": 804269, "SalesGrossReceiptsTotal": 15472049, "TotRevenueFrmOperations": 15472049, "ClsngStckOfFinishedStcks": 3221828, "TardingAccTotCred": 18693877, "OpngStckOfFinishedStcks": 2648240, "Purchases": 14368091, "GrossProfitFrmBusProf": 1677546}, "PARTA_PL": {"CreditsToPL": {"GrossProfitTrnsfFrmTrdAcc": 1677546, "OthIncome": {"RentInc": 0, "Comissions": 0, "Dividends": 0, "InterestInc": 4977, "ProfitOnSaleFixedAsset": 0, "ProfitOnInvChrSTT": 0, "ProfitOnOthInv": 0, "ProfitOnCurrFluct": 0, "ProfitOnCnvInvntryToCapAsst": 0, "ProfitOnAgriIncome": 0, "MiscOthIncome": 0, "TotOthIncome": 4977}, "TotCreditsToPL": 1682523}, "DebitsToPL": {"Freight": 0, "ConsumptionOfStores": 0, "PowerFuel": 0, "RentExpdr": 156000, "RepairsBldg": 0, "RepairMach": 68074, "EmployeeComp": {"SalsWages": 401000, "Bonus": 0, "MedExpReimb": 0, "LeaveEncash": 0, "LeaveTravelBenft": 0, "ContToSuperAnnFund": 0, "ContToPF": 0, "ContToGratFund": 0, "ContToOthFund": 0, "OthEmpBenftExpdr": 0, "TotEmployeeComp": 401000, "AnyCompPaidToNonRes": "N"}, "Insurances": {"MedInsur": 0, "LifeInsur": 0, "KeyManInsur": 0, "OthInsur": 7664, "TotInsurances": 7664}, "StaffWelfareExp": 27967, "Entertainment": 0, "Hospitality": 0, "Conference": 0, "SalePromoExp": 20514, "Advertisement": 0, "CommissionExpdrDtls": {"NonResOtherCompany": 0, "Others": 0, "Total": 0}, "RoyalityDtls": {"NonResOtherCompany": 0, "Others": 0, "Total": 0}, "ProfessionalConstDtls": {"NonResOtherCompany": 0, "Others": 0, "Total": 0}, "HotelBoardLodge": 0, "TravelExp": 0, "ForeignTravelExp": 0, "ConveyanceExp": 0, "TelephoneExp": 23727, "GuestHouseExp": 0, "ClubExp": 0, "FestivalCelebExp": 0, "Scholarship": 0, "Gift": 0, "Donation": 0, "RatesTaxesPays": {"ExciseCustomsVAT": {"UnionExciseDuty": 0, "ServiceTax": 0, "VATorSaleTax": 0, "CentralGoodServiceTax": 0, "StateGoodServiceTax": 0, "IntegratedGoodServiceTax": 0, "UnionTerrGoodServiceTax": 0, "OthDutyTaxCess": 5000, "TotExciseCustomsVAT": 5000}}, "AuditFee": 0, "OtherExpensesDtls": [{"ExpenseNature": "OFFICE EXPENCES", "Amount": 84046}, {"ExpenseNature": "HAMALICHARGES", "Amount": 10664}, {"ExpenseNature": "BANK CHARGES", "Amount": 6931}, {"ExpenseNature": "PRINTING & STATIONERY", "Amount": 15876}, {"ExpenseNature": "ROUND OFF", "Amount": 538}], "OtherExpenses": 118055, "BadDebtDtls": {"BadDebtAmtDtlsTotal": 0, "OthersPANNotAvlblDtlTotal": 0, "OthersAmtLt1Lakh": 0, "BadDebt": 0}, "ProvForBadDoubtDebt": 0, "OthProvisionsExpdr": 0, "PBIDTA": 854522, "InterestExpdrtDtls": {"NonResOtherCompany": 0, "Others": 0, "InterestExpdr": 0}, "DepreciationAmort": 39036, "PBT": 815486}, "TaxProvAppr": {"ProvForCurrTax": 0, "ProvDefTax": 0, "ProfitAfterTax": 815486, "BalBFPrevYr": 0, "AmtAvlAppr": 815486, "TrfToReserves": 0, "ProprietorAccBalTrf": 815486}, "NoBooksOfAccPL": {"GrossReceipt": 0, "GrsRcptAccPayeeOrBankMode": 0, "GrsRcptOtherMode": 0, "GrossProfit": 0, "Expenses": 0, "NetProfit": 0, "GrossReceiptPrf": 0, "GrsRcptAccPayeeOrBankModePrf": 0, "GrsRcptOtherModePrf": 0, "GrossProfitPrf": 0, "ExpensesPrf": 0, "NetProfitPrf": 0, "TotBusinessProfession": 0}, "TurnverFrmSpecActivity": 0, "NetIncomeFrmSpecActivity": 0}, "PARTA_OI": {"MethodOfAcct": "MERC", "ChangeInAcctMethFlg": "N", "ProfDeviatDueAcctMeth": 0, "DecProOrIncLossUs145_2": 0, "MethodOfValClgStk": {"ValRawMaterial": "1", "ValFinishedGoods": "1", "ChngStockValMetFlg": "N", "EffectOnPL": 0, "DecProOrIncLossUs145_A": 0}, "NoCredToPLAmt": {"Section28Items": 0, "ProformaCreditsDue": 0, "PrevYrEscalClaim": 0, "OthItemInc": 0, "CapReceipt": 0, "TotNoCredToPLAmt": 0}, "AmtDisallUs36": {"StkInsurPrem": 0, "EmpHealthInsurPrem": 0, "EmpBonusCommSum": 0, "IntOnBorrCap": 0, "ZeroCoupBondDisc": 0, "RecogPFContribAmt": 0, "AppSuperAnnFundAmt": 0, "PensionSchemeSec80CCD": 0, "AppGratFundAmt": 0, "OthFundAmt": 0, "EmpContributionCredits": 0, "BadDebtDoubtAmt": 0, "BadDebtDoubtProvn": 0, "SpecResrvTranfr": 0, "FamPlanPromoExp": 0, "SecuritiesPaidAmt": 0, "MrktLossOthExpLossICDS": 0, "OthDisallowances": 0, "TotAmtDisallUs36": 0}, "AmtDisallUs37": {"CapitalNatureExp": 0, "PersonalExp": 0, "BusOrProfessnExp": 0, "PoliticPartyExp": 0, "LawVoilatPenalExp": 0, "OthPenalFineExp": 0, "OffenceExp": 0, "ContigentLiability": 0, "OthAmtNotAllowUs37": 0, "TotAmtDisallUs37": 0}, "AmtDisallUs40": {"NonCompChapXVIIBAmt": 0, "NonComp40aiiChapXVIIBAmt": 0, "NonComp40aibChapXVIIBAmt": 0, "NonComp40aiiiChapXVIIBAmt": 0, "TaxAmtOnProfits": 0, "WTAmt": 0, "RolyatyOrServiceFee": 0, "IntSalBonPartner": 0, "OthDisallow": 0, "TotAmtDisallUs40": 0, "AmtDisallUs40PyNowAll": 0}, "AmtDisallUs40A": {"AmtPaidUs40A2b": 0, "AmtGT20kCash": 0, "ProvPmtGrat": 0, "ContToSetupTrust": 0, "OthDisallow": 0, "TotAmtDisallUs40A": 0}, "AmtDisallUs43BPyNowAll": {"AmtUs43B": {"TaxDutyCesAmt": 0, "ContToEmpPFSFGF": 0, "EmpBonusComm": 0, "IntPayaleToFI": 0, "IntPayaleToFISchBank": 0, "LeaveEncashPayable": 0, "RailwayAssetsPayable": 0, "TotAmtUs43b": 0}}, "AmtDisall43B": {"AmtUs43B": {"TaxDutyCesAmt": 0, "ContToEmpPFSFGF": 0, "EmpBonusComm": 0, "IntPayaleToFI": 0, "SumPayaleLoanBrToFinComp": 0, "IntPayaleToFISchBank": 0, "LeaveEncashPayable": 0, "RailwayAssetsPayable": 0, "TotAmtUs43b": 0}}, "AmtExciseCustomsVATOutstanding": {"ExciseCustomsVAT": {"UnionExciseDuty": 0, "ServiceTax": 0, "VATorSaleTax": 0, "CentralGoodServiceTax": 0, "StateGoodServiceTax": 0, "IntegratedGoodServiceTax": 0, "UnionTerrGoodServiceTax": 0, "OthDutyTaxCess": 0, "TotExciseCustomsVAT": 0}}, "DeemedProfUs33ABs": 0, "DeemedProfUs33AB": 0, "DeemedProfUs33ABA": 0, "ProfTaxAmtUs41": 0, "PriorAmtIncCrDrPL": 0, "AmountOfExpDisAllwUs14A": 0, "ScheduleTPSAFlg": "N"}, "ITR3ScheduleBP": {"BusinessIncOthThanSpec": {"ProfBfrTaxPL": 815486, "NetPLFromSpecBus": 0, "NetPLFromSpecifiedBus": 0, "IncRecCredPLOthHeadDtls": {"Salary": 0, "HouseProperty": 0, "CapitalGains": 0, "OtherSources": 0, "Us115BBF": 0, "Us115BBG": 0}, "PLUs44sChapXIIG": 0, "ProfitLossInclRefrdSec": {"ProfitLossUs44AD": 0, "ProfitLossUs44ADA": 0, "ProfitLossUs44AE": 0, "ProfitLossUs44B": 0, "ProfitLossUs44BB": 0, "ProfitLossUs44BBA": 0, "ProfitLossUs44DA": 0}, "TotalProfitFrmActCvrd": 0, "ProfitFrmActCvrd": {"ProfitFrmActCvrdUndrRule7": 0, "ProfitFrmActCvrdUndrRule7A": 0, "ProfitFrmActCvrdUndrRule7B1": 0, "ProfitFrmActCvrdUndrRule7B1A": 0, "ProfitFrmActCvrdUndrRule8": 0}, "IncCredPL": {"FirmShareInc": 0, "AOPBOISharInc": 0, "OthExempInc": 0, "TotExempIncPL": 0}, "BalancePLOthThanSpecBus": 815486, "ExpDebToPLOthHeadDtls": {"Salary": 0, "HouseProperty": 0, "CapitalGains": 0, "OtherSources": 0, "Us115BBF": 0, "Us115BBG": 0}, "ExpDebToPLExemptInc": 0, "ExpDebToPLExemptIncDisAllwUs14A": 0, "TotExpDebPL": 0, "AdjustedPLOthThanSpecBus": 815486, "DepreciationDebPLCosAct": 39036, "DepreciationAllowITAct32": {"DepreciationAllowUs32_1_ii": 39036, "DepreciationAllowUs32_1_i": 0, "TotDeprAllowITAct": 39036}, "AdjustPLAfterDeprOthSpecInc": 815486, "AmtDebPLDisallowUs36": 0, "AmtDebPLDisallowUs37": 0, "AmtDebPLDisallowUs40": 0, "AmtDebPLDisallowUs40A": 0, "AmtDebPLDisallowUs43B": 0, "InterestDisAllowUs23SMEAct": 0, "DeemIncUs41": 0, "DeemIncUs3380HHD80IA": 0, "DeemIncUs43CA": 0, "OthItemDisallowUs28To44DA": 0, "AnyOthIncNotInclInExpDisallowPL": 0, "AnyOthIncNotInclInSalary": 0, "AnyOthIncNotInclInBonus": 0, "AnyOthIncNotInclInCommission": 0, "AnyOthIncNotInclInInterest": 0, "AnyOthIncNotInclInOthers": 0, "IncProfDecLossAccICDSAdj": 0, "TotAfterAddToPLDeprOthSpecInc": 0, "DeductUs32_1_iii": 0, "DebPLUs35ExcessAmt": 0, "AmtDisallUs40NowAllow": 0, "AmtDisallUs43BNowAllow": 0, "AnyOthAmtAllDeduct": 0, "DecProfIncLossAccICDSAdj": 0, "TotDeductionAmts": 0, "PLAftAdjDedBusOthThanSpec": 815486, "DeemedProfitBusUs": {"Section44AD": 0, "Section44ADA": 0, "Section44AE": 0, "Section44B": 0, "Section44BB": 0, "Section44BBA": 0, "Section44DA": 0, "TotDeemedProfitBusUs": 0}, "NetPLAftAdjBusOthThanSpec": 815486, "NetPLBusOthThanSpec7A7B7C": 815486, "ChrgblIncUndrRule7": 0, "DeemedChrgblIncUndrRule7A": 0, "DeemedChrgblIncUndrRule7B1": 0, "DeemedChrgblIncUndrRule7B1A": 0, "DeemedChrgblIncUndrRule8": 0, "IncomeOtherThanRule": 815486, "BalIncDeemedFrmAgri": 0}, "SpecBusinessInc": {"NetPLFrmSpecBus": 0, "AdditionUs28to44DA": 0, "DeductUs28to44DA": 0, "AdjustedPLFrmSpecuBus": 0}, "SpecifiedBusinessInc": {"NetPLFrmSpecifiedBus": 0, "AddSec28to44DA": 0, "DedSec28to44DAOTDedSec35AD": 0, "ProfitLossSpecifiedBusiness": 0, "PLFrmSpecifiedBus": 0}, "IncChrgUnHdProftGain": 815486, "BusSetoffCurrYr": {"LossSetOffOnBusLoss": 0, "SpeculativeInc": {"IncOfCurYrUnderThatHead": 0, "BusLossSetoff": 0, "IncOfCurYrAfterSetOff": 0}, "SpecifiedInc": {"IncOfCurYrUnderThatHead": 0, "BusLossSetoff": 0, "IncOfCurYrAfterSetOff": 0}, "TotLossSetOffOnBus": 0, "LossRemainSetOffOnBus": 0}}, "ScheduleDPM": {"PlantMachinery": {"Rate15": {"DepreciationDetail": {"WDVFirstDay": 147721, "AdjustedWDVFirstDay": 147721, "AdditionsGrThan180Days": 0, "RealizationTotalPeriod": 0, "FullRateDeprAmt": 147721, "AdditionsLessThan180Days": 0, "RealizationPeriodLessThan180days": 0, "HalfRateDeprAmt": 0, "DepreciationAtFullRate": 22158, "DepreciationAtHalfRate": 0, "TotalDepreciation": 22158, "DepDisAllowUs38_2": 0, "NetAggregateDepreciation": 22158, "ProportionateAggDepreciation": 0, "ExpdrOnTrforSaleAsset": 0, "CapGainUs50": 0, "WDVLastDay": 125563}}, "Rate40": {"DepreciationDetail": {"WDVFirstDay": 42194, "AdjustedWDVFirstDay": 42194, "AdditionsGrThan180Days": 0, "RealizationTotalPeriod": 0, "FullRateDeprAmt": 42194, "AdditionsLessThan180Days": 0, "RealizationPeriodLessThan180days": 0, "HalfRateDeprAmt": 0, "DepreciationAtFullRate": 16878, "DepreciationAtHalfRate": 0, "TotalDepreciation": 16878, "DepDisAllowUs38_2": 0, "NetAggregateDepreciation": 16878, "ProportionateAggDepreciation": 0, "ExpdrOnTrforSaleAsset": 0, "CapGainUs50": 0, "WDVLastDay": 25316}}}}, "ScheduleDEP": {"SummaryFromDeprSch": {"PlantMachinerySummary": {"DeprBlockTot15Percent": 22158, "DeprBlockTot30Percent": 0, "DeprBlockTot40Percent": 16878, "DeprBlockTot45Percent": 0, "TotPlntMach": 39036}, "TotalDepreciation": 39036}}, "ScheduleCYLA": {"BusProfExclSpecProf": {"IncCYLA": {"IncOfCurYrUnderThatHead": 815486, "IncOfCurYrAfterSetOff": 815486}}, "STCG15Per": {"IncCYLA": {"IncOfCurYrUnderThatHead": 0, "IncOfCurYrAfterSetOff": 0}}, "STCG30Per": {"IncCYLA": {"IncOfCurYrUnderThatHead": 0, "IncOfCurYrAfterSetOff": 0}}, "STCGAppRate": {"IncCYLA": {"IncOfCurYrUnderThatHead": 0, "IncOfCurYrAfterSetOff": 0}}, "STCGDTAARate": {"IncCYLA": {"IncOfCurYrUnderThatHead": 0, "IncOfCurYrAfterSetOff": 0}}, "LTCG10Per": {"IncCYLA": {"IncOfCurYrUnderThatHead": 0, "IncOfCurYrAfterSetOff": 0}}, "LTCG20Per": {"IncCYLA": {"IncOfCurYrUnderThatHead": 0, "IncOfCurYrAfterSetOff": 0}}, "LTCGDTAARate": {"IncCYLA": {"IncOfCurYrUnderThatHead": 0, "IncOfCurYrAfterSetOff": 0}}, "TotalCurYr": {"TotHPlossCurYr": 0}, "LossRemAftSetOff": {"BalHPlossCurYrAftSetoff": 0}}, "ScheduleBFLA": {"Salary": {"IncBFLA": {"IncOfCurYrUndHeadFromCYLA": 0, "IncOfCurYrAfterSetOffBFLosses": 0}}, "BusProfExclSpecProf": {"IncBFLA": {"IncOfCurYrUndHeadFromCYLA": 815486, "BFUnabsorbedDeprSetoff": 0, "BFAllUs35Cl4Setoff": 0, "IncOfCurYrAfterSetOffBFLosses": 815486}}, "STCG15Per": {"IncBFLA": {"IncOfCurYrUndHeadFromCYLA": 0, "BFUnabsorbedDeprSetoff": 0, "BFAllUs35Cl4Setoff": 0, "IncOfCurYrAfterSetOffBFLosses": 0}}, "STCG30Per": {"IncBFLA": {"IncOfCurYrUndHeadFromCYLA": 0, "BFUnabsorbedDeprSetoff": 0, "BFAllUs35Cl4Setoff": 0, "IncOfCurYrAfterSetOffBFLosses": 0}}, "STCGAppRate": {"IncBFLA": {"IncOfCurYrUndHeadFromCYLA": 0, "BFUnabsorbedDeprSetoff": 0, "BFAllUs35Cl4Setoff": 0, "IncOfCurYrAfterSetOffBFLosses": 0}}, "STCGDTAARate": {"IncBFLA": {"IncOfCurYrUndHeadFromCYLA": 0, "BFUnabsorbedDeprSetoff": 0, "BFAllUs35Cl4Setoff": 0, "IncOfCurYrAfterSetOffBFLosses": 0}}, "LTCG10Per": {"IncBFLA": {"IncOfCurYrUndHeadFromCYLA": 0, "BFUnabsorbedDeprSetoff": 0, "BFAllUs35Cl4Setoff": 0, "IncOfCurYrAfterSetOffBFLosses": 0}}, "LTCG20Per": {"IncBFLA": {"IncOfCurYrUndHeadFromCYLA": 0, "BFUnabsorbedDeprSetoff": 0, "BFAllUs35Cl4Setoff": 0, "IncOfCurYrAfterSetOffBFLosses": 0}}, "LTCGDTAARate": {"IncBFLA": {"IncOfCurYrUndHeadFromCYLA": 0, "BFUnabsorbedDeprSetoff": 0, "BFAllUs35Cl4Setoff": 0, "IncOfCurYrAfterSetOffBFLosses": 0}}, "IncomeOfCurrYrAftCYLABFLA": 815486}, "ScheduleCFL": {"TotalLossCFSummary": {"LossSummaryDetail": {}}}, "ScheduleVIA": {"UsrDeductUndChapVIA": {"Section80C": 117416, "TotPartBchapterVIA": 117416, "TotPartCchapterVIA": 0, "TotPartCAandDchapterVIA": 0, "TotalChapVIADeductions": 117416}, "DeductUndChapVIA": {"Section80C": 117416, "Section80CCC": 0, "Section80CCDEmployeeOrSE": 0, "Section80CCD1B": 0, "Section80CCDEmployer": 0, "Section80D": 0, "Section80DD": 0, "Section80DDB": 0, "Section80E": 0, "Section80EE": 0, "Section80EEA": 0, "Section80EEB": 0, "Section80G": 0, "Section80GG": 0, "Section80GGC": 0, "TotPartBchapterVIA": 117416, "Section80IA": 0, "Section80IAB": 0, "Section80IB": 0, "Section80IBA": 0, "Section80IC": 0, "Section80JJA": 0, "Section80JJAA": 0, "Section80QQB": 0, "Section80RRB": 0, "TotPartCchapterVIA": 0, "Section80TTA": 0, "Section80TTB": 0, "Section80U": 0, "TotPartCAandDchapterVIA": 0, "TotalChapVIADeductions": 117416}}, "ScheduleAMT": {"TotalIncItem11": 698070, "AdjustmentSec115JC": {"DeductClaimSec6A": 0, "DeductClaimSec10AA": 0, "DeductClaimSec35AD": 0, "Total": 0}, "AdjustedUnderSec115JC": 698070, "TaxPayableUnderSec115JC": 0}, "ScheduleAMTC": {"TaxSection115JC": 0, "TaxOthProvisions": 54199, "AmtTaxCreditAvailable": 54199, "ScheduleAMTCDtls": [{"AssYr": "2013-14", "AmtCreditFwd": 0, "AmtCreditSetOfEy": 0, "AmtCreditBalBroughtFwd": 0, "AmtCreditUtilized": 0, "BalAmtCreditCarryFwd": 0}, {"AssYr": "2014-15", "AmtCreditFwd": 0, "AmtCreditSetOfEy": 0, "AmtCreditBalBroughtFwd": 0, "AmtCreditUtilized": 0, "BalAmtCreditCarryFwd": 0}, {"AssYr": "2015-16", "AmtCreditFwd": 0, "AmtCreditSetOfEy": 0, "AmtCreditBalBroughtFwd": 0, "AmtCreditUtilized": 0, "BalAmtCreditCarryFwd": 0}, {"AssYr": "2016-17", "AmtCreditFwd": 0, "AmtCreditSetOfEy": 0, "AmtCreditBalBroughtFwd": 0, "AmtCreditUtilized": 0, "BalAmtCreditCarryFwd": 0}, {"AssYr": "2017-18", "AmtCreditFwd": 0, "AmtCreditSetOfEy": 0, "AmtCreditBalBroughtFwd": 0, "AmtCreditUtilized": 0, "BalAmtCreditCarryFwd": 0}, {"AssYr": "2018-19", "AmtCreditFwd": 0, "AmtCreditSetOfEy": 0, "AmtCreditBalBroughtFwd": 0, "AmtCreditUtilized": 0, "BalAmtCreditCarryFwd": 0}, {"AssYr": "2019-20", "AmtCreditFwd": 0, "AmtCreditSetOfEy": 0, "AmtCreditBalBroughtFwd": 0, "AmtCreditUtilized": 0, "BalAmtCreditCarryFwd": 0}, {"AssYr": "2020-21", "AmtCreditFwd": 0, "AmtCreditSetOfEy": 0, "AmtCreditBalBroughtFwd": 0, "AmtCreditUtilized": 0, "BalAmtCreditCarryFwd": 0}], "CurrAssYr": "2021-22", "CurrYrAmtCreditFwd": 0, "CurrYrCreditCarryFwd": 0, "TotAMTGross": 0, "TotSetOffEys": 0, "TotBalBF": 0, "TotAmtCreditUtilisedCY": 0, "TotBalAMTCreditCF": 0, "TaxSection115JD": 0, "AmtLiabilityAvailable": 0}, "ScheduleGST": {"TurnoverGrsRcptForGSTIN": [{"GSTINNo": "29CNTPD4693L1Z2", "AmtTurnGrossRcptGSTIN": 14667780}]}, "PartB-TI": {"Salaries": 0, "IncomeFromHP": 0, "ProfBusGain": {"ProfGainNoSpecBus": 815486, "ProfGainSpecBus": 0, "ProfGainSpecifiedBus": 0, "ProfIncome115BBF": 0, "TotProfBusGain": 815486}, "CapGain": {"ShortTerm": {"ShortTerm15Per": 0, "ShortTerm30Per": 0, "ShortTermAppRate": 0, "ShortTermSplRateDTAA": 0, "TotalShortTerm": 0}, "LongTerm": {"LongTerm10Per": 0, "LongTerm20Per": 0, "LongTermSplRateDTAA": 0, "TotalLongTerm": 0}, "TotalCapGains": 0}, "IncFromOS": {"OtherSrcThanOwnRaceHorse": 0, "IncChargblSplRate": 0, "FromOwnRaceHorse": 0, "TotIncFromOS": 0}, "TotalTI": 815486, "CurrentYearLoss": 0, "BalanceAfterSetoffLosses": 815486, "BroughtFwdLossesSetoff": 0, "GrossTotalIncome": 815486, "IncChargeTaxSplRate111A112": 0, "DeductionsUndSchVIADtl": {"PartBchapterVIA": 117416, "PartCchapterVIA": 0, "TotDeductUndSchVIA": 117416}, "DeductionsUnder10Aor10AA": 0, "TotalIncome": 698070, "IncChargeableTaxSplRates": 0, "NetAgricultureIncomeOrOtherIncomeForRate": 0, "AggregateIncome": 698070, "LossesOfCurrentYearCarriedFwd": 0, "DeemedIncomeUs115JC": 698070}, "PartB_TTI": {"ComputationOfTaxLiability": {"TaxPayableOnDeemedTI": {"TaxDeemedTISec115JC": 0, "SurchargeOnAboveCrore": 0, "EducationCess": 0, "TotalTax": 0}, "TaxPayableOnTI": {"TaxAtNormalRatesOnAggrInc": 52114, "TaxAtSpecialRates": 0, "RebateOnAgriInc": 0, "TaxPayableOnTotInc": 52114, "Rebate87A": 0, "TaxPayableOnRebate": 52114, "Surcharge25ofSI": 0, "Surcharge25ofSIBeforeMarginal": 0, "SurchargeOnAboveCroreBeforeMarginal": 0, "SurchargeOnAboveCrore": 0, "TotalSurcharge": 0, "EducationCess": 2085, "GrossTaxLiability": 54199}, "GrossTaxPayable": 54199, "GrossTaxPay": {"TaxInc17": 54199, "TaxDeferred17": 0}, "CreditUS115JD": 0, "TaxPayAfterCreditUs115JD": 54199, "TaxRelief": {"Section90": 0, "Section91": 0, "TotTaxRelief": 0}, "NetTaxLiability": 54199, "IntrstPay": {"IntrstPayUs234A": 0, "IntrstPayUs234B": 0, "IntrstPayUs234C": 213, "LateFilingFee234F": 0, "TotalIntrstPay": 213}, "AggregateTaxInterestLiability": 54412}, "TaxPaid": {"TaxesPaid": {"AdvanceTax": 50000, "TDS": 0, "TCS": 6515, "SelfAssessmentTax": 0, "TotalTaxesPaid": 56515}, "BalTaxPayable": 0}, "Refund": {"RefundDue": 2100, "BankAccountDtls": {"BankDtlsFlag": "Y", "AddtnlBankDetails": [{"IFSCCode": "SBIN0007981", "BankName": "STATE BANK OF INDIA", "BankAccountNo": "20276824026", "UseForRefund": "true"}]}}, "AssetOutIndiaFlag": "NO"}, "ScheduleIT": {"TaxPayment": [{"BSRCode": "6910333", "DateDep": "2020-09-11", "SrlNoOfChaln": 11757, "Amt": 25000}, {"BSRCode": "6910333", "DateDep": "2020-12-04", "SrlNoOfChaln": 14251, "Amt": 25000}], "TotalTaxPayments": 50000}, "ScheduleTCS": {"TCS": [{"EmployerOrDeductorOrCollectDetl": {"TAN": "HYDB09502D", "EmployerOrDeductorOrCollecterName": "BRILLOCA LIMITED"}, "TotalTCS": 2837, "AmtTCSClaimedThisYear": 2837, "AmtCarriedFwd": 0}, {"EmployerOrDeductorOrCollectDetl": {"TAN": "RTKB08162A", "EmployerOrDeductorOrCollecterName": "BRILLOCA LIMITED"}, "TotalTCS": 3678, "AmtTCSClaimedThisYear": 3678, "AmtCarriedFwd": 0}], "TotalSchTCS": 6515}, "Verification": {"Declaration": {"AssesseeVerName": "AMARNATH DILIPKUMAR", "FatherName": "AMARNATH P", "AssesseeVerPAN": "CNTPD4693L"}, "Capacity": "S"}}}}