{"ITR": {"ITR6": {"CreationInfo": {"SWVersionNo": "17.0.0.0", "SWCreatedBy": "SW20000124", "JSONCreatedBy": "SW20000124", "JSONCreationDate": "2022-10-28", "IntermediaryCity": "BENGALURU", "Digest": "nGH1nq+Z6n1W5rg8EaZHfmEokzjFAR5WQ0Uuvirqo6I="}, "Form_ITR6": {"FormName": "ITR-6", "Description": "For Companies other than companies claiming exemption under section 11", "AssessmentYear": "2022", "SchemaVer": "Ver1.0", "FormVer": "Ver1.0"}, "PartA_GEN1": {"OrgFirmInfo": {"AssesseeName": {"SurNameOrOrgName": "SANKLECHA ELECTROTECH PRIVATE LIMITED"}, "PAN": "ABFCS3451G", "CINissuedByMCA": "U31909UP2021PTC140880", "Address": {"ResidenceNo": "PLOT NO 18", "LocalityOrArea": "SECTOR 140A", "CityOrTownOrDistrict": "NOIDA", "StateCode": "31", "CountryCode": "91", "PinCode": 201301, "CountryCodeMobile": 91, "MobileNo": 9891886893, "EmailAddress": "sanklechaelectro@gmail.com"}, "DateOFFormOrIncorp": "2021-01-25", "StatusOrCompanyType": "7", "DomesticCompFlg": "Y"}, "FilingStatus": {"ReturnFileSec": {"IncomeTaxSec": 11}, "ResidentialStatus": "RES", "Section115BA": "NA", "Section115CurrAY": "N", "GrossReceipt": "N", "FinancialStmtFlag": "N", "IsIfsc": "N", "UnderLiquidation": "N", "FiiFpiFlag": "N", "Sec581AFlag": "N", "AsseseeRepFlg": "N", "StartUpDPIITFlag": "N"}}, "PartA_GEN2For6": {"LiableSec44AAflg": "N", "IncDclrdUs": "N", "TotalSalesExcOneCr": "N", "LiableSec44ABflg": "N", "LiableSec92Eflg": "N", "AccountAuditFlag": "N", "HoldingStatus": {"NatOfCompFlg": "4"}, "BusOrganisation": [], "KeyPersons": [{"PersonName": "MAHAVEER JAIN", "Designation": "DIR", "AddressDetailWithZipCode": {"AddrDetail": "B 28, VIVEK VIHAR, PHASE 2", "CityOrTownOrDistrict": "DELHI", "StateCode": "09", "CountryCode": "91", "PinCode": 110095}, "DirectorIdNo": "09043211"}, {"PersonName": "MANJULA DEVI JAIN", "Designation": "DIR", "AddressDetailWithZipCode": {"AddrDetail": "B 63, VIVEK VIHAR, PHASE 2", "CityOrTownOrDistrict": "DELHI", "StateCode": "09", "CountryCode": "91", "PinCode": 110095}, "DirectorIdNo": "09043210"}, {"PersonName": "YASH ARYA", "Designation": "DIR", "AddressDetailWithZipCode": {"AddrDetail": "150, ARYA NAGAR, CHUTMALPUR", "CityOrTownOrDistrict": "SAHARANPUR", "StateCode": "31", "CountryCode": "91", "PinCode": 247662}, "KeyPerPAN": "BKPPA0625M", "DirectorIdNo": "08479338"}], "ShareHolderInfo": [{"ShareHolderInfoName": "MAHAVEER JAIN", "AddressDetailWithZipCode": {"AddrDetail": "B 28, VIVEK VIHAR, PHASE 2", "CityOrTownOrDistrict": "DELHI", "StateCode": "09", "CountryCode": "91", "PinCode": 110095}, "PercentageOfShare": 49}, {"ShareHolderInfoName": "MANJULA DEVI JAIN", "AddressDetailWithZipCode": {"AddrDetail": "B 63, VIVEK VIHAR, PHASE 2", "CityOrTownOrDistrict": "DELHI", "StateCode": "09", "CountryCode": "91", "PinCode": 110095}, "PercentageOfShare": 51}], "NatureOfComp": {"PubSectCompUs2_36AFlg": "N", "RBICompFlg": "N", "CompLes40PercSharGovRBIFlg": "N", "BankCompUs5Flg": "N", "SchedBankOfRBIActFlg": "N", "CompWithIRDARegisterFlg": "N", "NonBankFIICompFlg": "N", "CompanyUnlistedFlag": "N"}, "NatOfBus": {"NatureOfBusiness": [{"Code": "09028", "TradeName1": "SANKLECHA ELECTROTECH PRIVATE LIMITED"}]}}, "PARTA_BSFor6FrmAY13": {"EquityAndLiablities": {"ShareHolderFund": {"ShareCapital": {"Authorised": 100000, "IssuedSubsPaidUp": 100000, "SubscribedNotFullyPaid": 0, "TotShareCapital": 100000}, "ResrNSurp": {"CapResr": 0, "CapRedempResr": 0, "SecurPremResr": 0, "DebunRedResr": 0, "RevResr": 0, "ShareOptOSAmount": 0, "OtherResrvTotal": 0, "PLAccount": -96623, "TotResrNSurp": -96623}, "MoneyRecvdAgainstShares": 0, "TotShareHolderFund": 3377}, "ShareAppMoneyAllot": {"PendingLtOneYr": 0, "PendingMtOneYr": 0, "Total": 0}, "NonCurrLiabilities": {"LongTermBorrowings": {"BondsDebentures": {"ForeignCurrency": 0, "Rupee": 0, "Total": 0}, "TermLoans": {"ForeignCurrency": 0, "RupeeLoans": {"FromBanks": 500000, "FromOthers": 0, "Total": 500000}, "TotalTermLoans": 500000}, "DeferredPymtLiabilities": 0, "DepositsFrmRelatedParties": 0, "OtherDeposits": 0, "LoansAndAdv": 0, "OthersLoanAdv": 0, "LongTermMaturities": 0, "TotalLTBorrowings": 500000}, "NetDefferedTaxLiability": 2324, "OthLongTermLiablities": {"TradePayables": 0, "Others": 0, "TotalOthLtLiabilities": 0}, "LongTermProvisions": {"ProvEmpBenefits": 0, "Others": 0, "Total": 0}, "TotalNonCurrLiabilites": 502324}, "CurrentLiabilities": {"ShortTrmBorrowings": {"LoansRepaybleOnDemand": {"FromBanks": 0, "FrmNonBanking": 0, "OthFinanceInst": 0, "Others": 0, "TotLoansRepaybleOnDemand": 0}, "DepositsFrmRelatedParties": 0, "LoansAndAdv": 0, "OthLoansAndAdv": 0, "OthDeposits": 0, "TotShortTrmBorrowings": 0}, "TradePayables": {"OSMoreThanOneYr": 0, "Others": 394490, "TotalTradePayables": 394490}, "OthCurrLiabilities": {"CurrMatOnLTDebt": 0, "CurrMatFinanceOblg": 0, "AccrInterestNotDue": 0, "AccrInterest": 0, "IncRecvdAdvance": 0, "UnpaidDividend": 0, "AppMonyRecvdAllotSecurities": 0, "UnpaidMatDeposits": 0, "UnpaidMatureDebenture": 0, "OthPayables": 0, "TotOthCurrLiabilities": 0}, "ShortTermProv": {"EmpBenefitProv": 0, "ITProvision": 0, "ProposedDividend": 0, "TaxOnDividend": 0, "OthProvision": 0, "TotShortTermProvisions": 0}, "TotCurrLiabilitiesProvision": 394490}, "TotEquityAndLiabilities": 900191}, "Assets": {"NonCurrAssets": {"FixedAsset": {"Tangible": {"GrossBlock": 120000, "Depreciation": 60, "ImpairmentLosses": 0, "NetBlock": 119940}, "InTangible": {"GrossBlock": 0, "Amortization": 0, "ImpairmentLosses": 0, "NetBlock": 0}, "CapWrkProg": 0, "IntangibleAssetUnDev": 0, "TotFixedAsset": 119940}, "NonCurrInvstmnts": {"InvInProperty": 0, "EquityInstruments": {"ListedEquities": 0, "UnListedEquities": 0, "Total": 0}, "PreferenceShares": 0, "GovtOrTrustSecurities": 0, "DebenturesOrBonds": 0, "MutualFunds": 0, "InvstmntInPrtnrShipFirm": 0, "OtherInvstmnts": 0, "TotNonCurrInvstmnts": 0}, "NetDeferredTaxAssets": 0, "LongTrmLoanAdv": {"CapitalAdv": 0, "SecurityDeposits": 0, "LoanAdvRelatedParties": 0, "OthLoanAdv": 0, "TotLTLoanAdv": 0, "LTLoanAdvDtls": {"BusOrProf": 0, "NotForBusOrProf": 0, "ShareHolderUs2_22": 0}}, "OthNonCurrAssets": {"LTTradeReceivables": {"Secured": 0, "Unsecured": 0, "Doubtful": 0, "TotOthNonCurrAssets": 0}, "Others": 0, "Total": 0, "NonCurrAssetUs2_22": 0}, "TotNonCurrAssets": 119940}, "CurrentAssets": {"CurrInvstmnts": {"EquityInstruments": {"ListedEquities": 0, "UnListedEquities": 0, "Total": 0}, "PreferenceShares": 0, "GovtOrTrustSecurities": 0, "DebenturesOrBonds": 0, "MutualFunds": 0, "InvstmntInPrtnrShipFirm": 0, "OtherInvstmnts": 0, "TotCurrInvstmnts": 0}, "Inventories": {"RawMatl": 0, "WorkInProgress": 0, "FinOrTradGood": 0, "StkInTrade": 209228, "StoresConsumables": 0, "LooseTools": 0, "Others": 0, "TotInventries": 209228}, "TradeReceivables": {"OSMoreThanSixMonths": 0, "Others": 0, "TotalTradeReceivables": 0}, "CashNCashEquivalents": {"BalWithBanks": 103377, "ChequesDrafts": 0, "CashInHand": 82343, "Others": 0, "TotCashNCashEquivalents": 185720}, "TotShortTermLoanAdv": {"LoanAdv": 0, "Others": 0, "TotShrtTermLoans": 0, "STLoanAdvDtls": {"BusOrProf": 0, "NotForBusOrProf": 0, "ShareHolderUs2_22": 0}}, "OtherCurrAssets": 385303, "TotCurrAssets": 780251}}, "TotalAssets": 900191}, "PARTA_BSIndAS": {"EquityAndLiablities": {"Equity": {"EquityShareCapital": {"Authorised": 0, "IssuedSubsPaidUp": 0, "SubscribedNotFullyPaid": 0, "TotShareCapital": 0}, "OtherEquityReserv": {"CapRedempResr": 0, "DebunRedResr": 0, "ShareOptOSAmount": 0, "TotalOtherResrv": 0, "RetainedEarngs": 0, "TotResrNRetEar": 0, "TotalEquity": 0}}, "Liabilities": {"NonCurrLiabilities": {"FinancialLiabilities": {"BondsDebentures": {"ForeignCurrency": 0, "Rupee": 0, "Total": 0}, "TermLoans": {"ForeignCurrency": 0, "RupeeLoans": {"FromBanks": 0, "FromOthers": 0, "Total": 0}, "TotalTermLoans": 0}, "DeferredPymtLiabilities": 0, "Deposits": 0, "LoansReltdParties": 0, "LongTermMaturities": 0, "LiabilityComp": 0, "OtherLoans": 0, "TotalLTBorrowings": 0, "TradePayables": 0, "OtherFinancialLiab": 0}, "Provisions": {"ProvEmpBenefits": 0, "TotalProvisions": 0}, "DefrdTaxCurrLiabilites": 0, "OtherNonCurLiabilites": {"Advances": 0, "TotalOthNonCurrLiab": 0}, "TotalNonCurrLiab": 0}, "CurrentLiabilities": {"FinancialLiabBorrowings": {"LoansRepaybleOnDemand": {"FromBanks": 0, "FrmOtherParties": 0, "TotLoansRepaybleOnDemand": 0}, "LoansFrmRelatedParties": 0, "Deposits": 0, "TotalBorrowings": 0, "TradePayables": 0}, "OthFinancialLiabilities": {"CurrMatOnLTDebt": 0, "CurrMatFinanceOblg": 0, "AccrInterest": 0, "UnpaidDividend": 0, "AppMonyRecvdAllotSecurities": 0, "UnpaidMatDeposits": 0, "UnpaidMatureDebenture": 0, "TotOthFinancialLiab": 0}, "TottalFinancialLiab": 0, "OtherCuurLiabilities": {"RevenueRecvdAdvance": 0, "OthersAdvTotal": 0, "TotalOthCurrLiab": 0}, "Provosions": {"ProvosionEmpBenft": 0, "TotalProvosions": 0}, "CurrTaxLiabilities": 0, "TotalCurrentLiab": 0, "TotalEquityLiab": 0}}}, "Assets": {"NonCurrAssets": {"PropertyPlantEquip": {"GrossBlock": 0, "Depreciation": 0, "ImpairmentLosses": 0, "NetBlock": 0, "CapWrkProg": 0, "InvstPropGrossBlock": 0, "InvstPropDepreciation": 0, "InvstPropImprLosses": 0, "InvstPropNetBlock": 0, "GoodWlGrossBlock": 0, "GoodWlImprLosses": 0, "GoodWlNetBlock": 0, "OthIntAstGrossBlock": 0, "OthIntAstAmortisation": 0, "OthIntAstImprLosses": 0, "OthIntAstNetBlock": 0, "IntAstUndrDevlpmnt": 0, "BioAstGrossBlock": 0, "BioAstImprLosses": 0, "BioAstNetBlock": 0, "FinancialAssets": {"Investments": {"ListedEquities": 0, "UnListedEquities": 0, "Total": 0, "InvstPrfShares": 0, "InvstGovtTrust": 0, "InvstInDebenture": 0, "InvstInMutualFunds": 0, "InvstInPartnershpFirm": 0, "TotalNonCurrentInvst": 0}, "TradeReceivables": {"SecuredConsGoods": 0, "UnSecuredConsGoods": 0, "Doubtful": 0, "TotalTradeReceivbls": 0}, "Loans": {"SecurityDepsts": 0, "LoansRltdParties": 0, "TotalLoans": 0, "LoansBPPurpose": 0, "LoansNotBPPurpose": 0, "LoansToShrHolders": 0}, "OtherFinacialAssets": {"BankDeposits": 0, "OtherDeposits": 0, "TotalOthFinancialAsst": 0, "DefrdTaxAsst": 0}, "OtherNonCurrentAssets": {"CapitalAdvanc": 0, "AdvancOthCapital": 0, "TotalNonCurrAsst": 0, "NonCurrAsstDueShrHldr": 0}, "TotalNonCurrntAsst": 0}}}, "CurrentAssets": {"Inventories": {"RawMaterials": 0, "WorkInProgress": 0, "FinishedGoods": 0, "StockInTrade": 0, "StoresSpares": 0, "LooseTools": 0, "Others": 0, "TotalInventories": 0}, "FinancialAssets": {"Investments": {"ListedEquities": 0, "UnListedEquities": 0, "Total": 0, "InvstPrfShares": 0, "InvstGovtTrust": 0, "InvstInDebenture": 0, "InvstInMutualFunds": 0, "InvstInPartnershpFirm": 0, "OtherInvestment": 0, "TotalCurrentInvst": 0}, "TradeReceivables": {"SecuredConsGoods": 0, "UnSecuredConsGoods": 0, "Doubtful": 0, "TotalTradeReceivbls": 0}, "CashEquivalents": {"BalancesWithBanks": 0, "ChequeDraftsInHand": 0, "CashOnHand": 0, "TotalCashEquivalents": 0, "BankBalanceOther": 0}, "Loans": {"SecurityDepsts": 0, "LoansRltdParties": 0, "TotalLoans": 0, "LoansBPPurpose": 0, "LoansNotBPPurpose": 0, "LoansToShrHolders": 0}, "OtherFinancialAsst": 0, "TotalFinancialAsst": 0, "CurrentTaxAsst": 0, "OtherCurrentAssets": {"AdvancOthCapital": 0, "TotalOthCurrentAsst": 0, "TotalCurrAsst": 0}}}}, "TotalAssets": 0}, "ManufacturingAccount": {"OpeningInventory": {"OpngInvntryTotal": 0, "DirectExpenses": 0, "TotalFactoryOverheads": 0, "TotalDebtsManfctrngAcc": 0}, "ClosingStock": {"ClsngStckTotal": 0}, "CostOfGoodsPrdcd": 0}, "TradingAccount": {"OperatingRevenueTotal": 0, "SalesGrossReceiptsTotal": 0, "ExciseCustomsVAT": {"TotExciseCustomsVAT": 0}, "TotRevenueFrmOperations": 0, "ClsngStckOfFinishedStcks": 209228, "TardingAccTotCred": 209228, "Purchases": 222288, "DirectExpenses": 0, "DutyTaxPay": {"ExciseCustomsVAT": {"TotExciseCustomsVAT": 0}}, "GoodsCostPrdcdFrmMA": 0, "GrossProfitFrmBusProf": -13060}, "PARTA_PL": {"CreditsToPL": {"GrossProfitTrnsfFrmTrdAcc": -13060, "OthIncome": {"RentInc": 0, "Comissions": 0, "Dividends": 0, "InterestInc": 99, "ProfitOnSaleFixedAsset": 0, "ProfitOnInvChrSTT": 0, "ProfitOnOthInv": 0, "ProfitOnCurrFluct": 0, "ProfitOnCnvInvntryToCapAsst": 0, "ProfitOnAgriIncome": 0, "MiscOthIncome": 0, "TotOthIncome": 99}, "TotCreditsToPL": -12961}, "DebitsToPL": {"DebitPlAcnt": {"Freight": 0, "ConsumptionOfStores": 0, "PowerFuel": 0, "RentExpdr": 0, "RepairsBldg": 0, "RepairMach": 0, "EmployeeComp": {"SalsWages": 35642, "Bonus": 0, "MedExpReimb": 0, "LeaveEncash": 0, "LeaveTravelBenft": 0, "ContToSuperAnnFund": 0, "ContToPF": 0, "ContToGratFund": 0, "ContToOthFund": 0, "OthEmpBenftExpdr": 0, "TotEmployeeComp": 35642, "AnyCompPaidToNonRes": "N"}, "Insurances": {"MedInsur": 0, "LifeInsur": 0, "KeyManInsur": 0, "OthInsur": 0, "TotInsurances": 0}, "StaffWelfareExp": 0, "Entertainment": 0, "Hospitality": 0, "Conference": 0, "SalePromoExp": 0, "Advertisement": 0, "CommissionExpdrDtls": {"NonResOtherCompany": 0, "Others": 0, "Total": 0}, "RoyalityDtls": {"NonResOtherCompany": 0, "Others": 0, "Total": 0}, "ProfessionalConstDtls": {"NonResOtherCompany": 0, "Others": 0, "Total": 0}, "HotelBoardLodge": 0, "TravelExp": 0, "ForeignTravelExp": 0, "ConveyanceExp": 0, "TelephoneExp": 0, "GuestHouseExp": 0, "ClubExp": 0, "FestivalCelebExp": 0, "Scholarship": 0, "Gift": 0, "Donation": 0, "RatesTaxesPays": {"ExciseCustomsVAT": {"TotExciseCustomsVAT": 0}}, "AuditFee": 24335, "OtherExpensesDtls": [{"ExpenseNature": "BANK CHARGES", "Amount": 144}, {"ExpenseNature": "OFFICE EXPENSES", "Amount": 3500}], "OtherExpenses": 3644, "BadDebtDtls": {"BadDebtAmtDtlsTotal": 0, "OthersPANNotAvlblDtlTotal": 0, "OthersAmtLt1Lakh": 0, "BadDebt": 0}, "ProvForBadDoubtDebt": 0, "OthProvisionsExpdr": 0, "PBIDTA": -76582, "InterestExpdrtDtls": {"NonResOtherCompany": 0, "Others": 0, "InterestExpdr": 0}, "DepreciationAmort": 60, "PBT": -76642}, "TaxProvAppr": {"ProvForCurrTax": 0, "ProvDefTax": 2324, "ProfitAfterTax": -78966, "BalBFPrevYr": 0, "AmtAvlAppr": -78966, "Appropriations": {"TrfToReserves": 0}, "PartnerAccBalTrf": -78966}}, "TotalNumOfMonths": 0, "TotalPrsumptvIncUs44EGoods": 0, "TotalPrsumptvIncUs44E": 0, "NoBooksOfAccPL": {"GrossReceipt": 0}}, "ManufacturingAccountIndAS": {"OpeningInventory": {"OpngInvntryTotal": 0, "DirectExpenses": 0, "TotalFactoryOverheads": 0, "TotalDebtsManfctrngAcc": 0}, "ClosingStock": {"ClsngStckTotal": 0}, "CostOfGoodsPrdcd": 0}, "TradingAccountIndAS": {"OperatingRevenueTotal": 0, "SalesGrossReceiptsTotal": 0, "GrossRcptFromProfession": 0, "ExciseCustomsVAT": {"CentralGoodServiceTax": 0, "StateGoodServiceTax": 0, "IntegratedGoodServiceTax": 0, "UnionTerrGoodServiceTax": 0, "TotExciseCustomsVAT": 0}, "TotRevenueFrmOperations": 0, "TardingAccTotCred": 0, "OpngStckOfFinishedStcks": 0, "Purchases": 0, "DirectExpenses": 0, "CarriageInward": 0, "PowerAndFuel": 0, "TotOthDirectExpenses": 0, "DutyTaxPay": {"ExciseCustomsVAT": {"TotExciseCustomsVAT": 0}}, "GoodsCostPrdcdFrmMA": 0, "GrossProfitFrmBusProf": 0}, "PARTA_PLIndAS": {"CreditsToPL": {"GrossProfitTrnsfFrmTrdAcc": 0, "OthIncome": {"RentInc": 0, "Comissions": 0, "Dividends": 0, "InterestInc": 0, "ProfitOnSaleFixedAsset": 0, "ProfitOnInvChrSTT": 0, "ProfitOnOthInv": 0, "ProfitOnCurrFluct": 0, "ProfitOnCnvInvntryToCapAsst": 0, "ProfitOnAgriIncome": 0, "MiscOthIncome": 0, "TotOthIncome": 0}, "TotCreditsToPL": 0}, "DebitsToPL": {"DebitPlAcnt": {"Freight": 0, "ConsumptionOfStores": 0, "PowerFuel": 0, "RentExpdr": 0, "RepairsBldg": 0, "RepairMach": 0, "EmployeeComp": {"SalsWages": 0, "Bonus": 0, "MedExpReimb": 0, "LeaveEncash": 0, "LeaveTravelBenft": 0, "ContToSuperAnnFund": 0, "ContToPF": 0, "ContToGratFund": 0, "ContToOthFund": 0, "OthEmpBenftExpdr": 0, "TotEmployeeComp": 0}, "Insurances": {"MedInsur": 0, "LifeInsur": 0, "KeyManInsur": 0, "OthInsur": 0, "TotInsurances": 0}, "StaffWelfareExp": 0, "Entertainment": 0, "Hospitality": 0, "Conference": 0, "SalePromoExp": 0, "Advertisement": 0, "CommissionExpdrDtls": {"NonResOtherCompany": 0, "Others": 0, "Total": 0}, "RoyalityDtls": {"NonResOtherCompany": 0, "Others": 0, "Total": 0}, "ProfessionalConstDtls": {"NonResOtherCompany": 0, "Others": 0, "Total": 0}, "HotelBoardLodge": 0, "TravelExp": 0, "ForeignTravelExp": 0, "ConveyanceExp": 0, "TelephoneExp": 0, "GuestHouseExp": 0, "ClubExp": 0, "FestivalCelebExp": 0, "Scholarship": 0, "Gift": 0, "Donation": 0, "RatesTaxesPays": {"ExciseCustomsVAT": {"TotExciseCustomsVAT": 0}}, "AuditFee": 0, "OtherExpenses": 0, "BadDebtDtls": {"BadDebtAmtDtlsTotal": 0, "OthersPANNotAvlblDtlTotal": 0, "OthersAmtLt1Lakh": 0, "BadDebt": 0}, "ProvForBadDoubtDebt": 0, "OthProvisionsExpdr": 0, "PBIDTA": 0, "InterestExpdrtDtls": {"NonResOtherCompany": 0, "Others": 0, "InterestExpdr": 0}, "DepreciationAmort": 0, "PBT": 0}, "TaxProvAppr": {"ProvForCurrTax": 0, "ProvDefTax": 0, "ProfitAfterTax": 0, "BalBFPrevYr": 0, "AmtAvlAppr": 0, "Appropriations": {"TrfToReserves": 0}, "PartnerAccBalTrf": 0}}, "OtherComprnsvInc": {"ItemsNotReclsfdPnL": {"ChangesInSurplus": 0, "ReMesDefinedBenftPlans": 0, "EquityOCI": 0, "FairValFVTPl": 0, "ShareOfOtherComprInc": 0, "OthersTotal": 0, "IncomeTaxNotPnL": 0, "TotalNotPnL": 0}, "ItemsReclsfdPnL": {"ExchangeDiff": 0, "DebtsOCI": 0, "EffecPortionGainnLoss": 0, "ShareOCI": 0, "OthersTotal": 0, "IncomeTaxReclsPnL": 0, "TotalPnL": 0}, "TotalComprIncome": 0}}, "PARTA_OI": {"MethodOfAcct": "MERC", "ChangeInAcctMethFlg": "N", "ProfDeviatDueAcctMeth": 0, "DecProOrIncLossUs145_2": 0, "MethodOfValClgStk": {"ValRawMaterial": "1", "ValFinishedGoods": "1", "ChngStockValMetFlg": "N"}, "NoCredToPLAmt": {"Section28Items": 0, "ProformaCreditsDue": 0, "PrevYrEscalClaim": 0, "OthItemInc": 0, "CapReceipt": 0, "TotNoCredToPLAmt": 0}, "AmtDisallUs36": {"StkInsurPrem": 0, "EmpHealthInsurPrem": 0, "EmpBonusCommSum": 0, "IntOnBorrCap": 0, "ZeroCoupBondDisc": 0, "RecogPFContribAmt": 0, "AppSuperAnnFundAmt": 0, "PensionSchemeSec80CCD": 0, "AppGratFundAmt": 0, "OthFundAmt": 0, "EmpContributionCredits": 0, "BadDebtDoubtAmt": 0, "BadDebtDoubtProvn": 0, "SpecResrvTranfr": 0, "FamPlanPromoExp": 0, "SecuritiesPaidAmt": 0, "MrktLossOthExpLossICDS": 0, "AnyOthDisallowance": 0, "TotAmtDisallUs36": 0, "NoOfEmployeesEmployed": {"DeployedInIndia": 0, "DeployedOutSideIndia": 0, "Total": 0}}, "AmtDisallUs37": {"CapitalNatureExp": 0, "PersonalExp": 0, "BusOrProfessnExp": 0, "PoliticPartyExp": 0, "LawVoilatPenalExp": 0, "OthPenalFineExp": 0, "OffenceExp": 0, "SocialRespCSR": 0, "ContigentLiability": 0, "OthAmtNotAllowUs37": 0, "TotAmtDisallUs37": 0}, "AmtDisallUs40": {"NonCompChapXVIIBAmt": 0, "NonComp40aiaChapXVIIBAmt": 0, "NonComp40aibChapXVIIBAmt": 0, "NonComp40aiiiChapXVIIBAmt": 0, "TaxAmtOnProfits": 0, "WTAmt": 0, "RolyatyOrServiceFee": 0, "IntSalBonPartner": 0, "TotAmtDisallUs40": 0}, "AmtDisallUs40A": {"AmtPaidUs40A2b": 0, "AmtGT20kCash": 0, "ProvPmtGrat": 0, "ContToSetupTrust": 0, "TotAmtDisallUs40A": 0}, "AmtDisallUs43BPyNowAll": {"AmtUs43B": {"TaxDutyCesAmt": 0, "ContToEmpPFSFGF": 0, "EmpBonusComm": 0, "IntPayaleToFI": 0, "SumPayaleLoanBrToFinComp": 0, "IntPayaleToFISchBank": 0, "LeaveEncashPayable": 0, "TotAmtUs43b": 0}}, "AmtDisall43B": {"AmtUs43B": {"TaxDutyCesAmt": 0, "ContToEmpPFSFGF": 0, "EmpBonusComm": 0, "IntPayaleToFI": 0, "SumPayaleLoanBrToFinComp": 0, "IntPayaleToFISchBank": 0, "LeaveEncashPayable": 0, "RailwayAsstsPyble": 0, "TotAmtUs43b": 0}}, "AmtExciseCustomsVATOutstanding": {"ExciseCustomsVAT": {"TotExciseCustomsVAT": 0}}, "DeemedProfUs33ABs": 0, "ProfTaxAmtUs41": 0, "PriorAmtIncCrDrPL": 0, "AmountOfExpDisAllwUs14A": 0, "ScheduleTPSAFlg": "N"}, "PARTA_OL": {"OpeningBal": {"CashInHand": 0, "CashInBank": 0, "TotalOpenBal": 0}, "Receipts": {"Interest": 0, "Dividend": 0, "TotalSaleofAssets": 0, "RlznDuesDebtors": 0, "TotOthersReceiptsOnly": 0, "TotalOfReceipts": 0}, "TotalOpenReceipts": 0, "Payments": {"RepaymentSecuredloan": 0, "RepaymentUnsecuredloan": 0, "RepaymentCreditors": 0, "Commission": 0, "TotalOthersPayments": 0, "TotalPayments": 0}, "ClosingStock": {"CashInHand": 0, "CashInBank": 0, "TotalClBal": 0}, "TotalClPaymnts": 0}, "CorpScheduleBP": {"BusinessIncOthThanSpec": {"ProfBfrTaxPL": -76642, "NetPLFromSpecBus": 0, "NetProfLossSpecifiedBus": 0, "IncRecCredPLOthHeadDtls": {"HouseProperty": 0, "CapitalGains": 0, "OtherSources": 0, "Dividend": 0, "OtherThanDividend": 0, "UnderSec115BBF": 0, "UnderSec115BBG": 0}, "PLUs44sChapXIIGOthrUs115B": 0, "ProfitLossInclRefrdSec": {"ProfitLossUs44AE": 0, "ProfitLossUs44B": 0, "ProfitLossUs44BB": 0, "ProfitLossUs44BBA": 0, "ProfitLossUs44BBB": 0, "ProfitLossUs44D": 0, "ProfitLossUs44DA": 0, "ProfitChapterXIIG": 0, "FirstSchITActOthr115B": 0}, "PLUs44sChapXIIGUs115B": 0, "TotalProfitFrmActCvrd": 0, "ProfitFrmActCvrd": {"ProfitFrmActCvrdUndrRule7": 0, "ProfitFrmActCvrdUndrRule7A": 0, "ProfitFrmActCvrdUndrRule7B1": 0, "ProfitFrmActCvrdUndrRule7B1A": 0, "ProfitFrmActCvrdUndrRule8": 0}, "IncCredPL": {"FirmShareInc": 0, "AOPBOISharInc": 0, "OthExempInc": 0, "TotExempInc": 0}, "BalancePLOthThanSpecBus": -76642, "ExpDebToPLOthHeadDtls": {"HouseProperty": 0, "CapitalGains": 0, "OtherSources": 0, "UnderSec115BBF": 0, "UnderSec115BBG": 0}, "ExpDebToPLExemptInc": 0, "ExpDebToPLExemptIncDisAllwUs14A": 0, "TotExpDebPL": 0, "AdjustedPLOthThanSpecBus": -76642, "DepreciationDebPLCosAct": 60, "DepreciationAllowITAct32": {"DepreciationAllowUs32_1_ii": 9000, "DepreciationAllowUs32_1_i": 0, "TotDeprAllowITAct": 9000}, "AdjustPLAfterDeprOthSpecInc": -85582, "AmtDebPLDisallowUs36": 0, "AmtDebPLDisallowUs37": 0, "AmtDebPLDisallowUs40": 0, "AmtDebPLDisallowUs40A": 0, "AmtDebPLDisallowUs43B": 0, "InterestDisAllowUs23SMEAct": 0, "DeemIncUs41": 0, "DeemIncUs3380HHD80IA": 0, "DeemIncUs43CA": 0, "OthItemDisallowUs28To44DA": 0, "AnyOthIncNotInclInExpDisallowPL": 0, "SalaryExpDisallowPL": 0, "BonusExpDisallowPL": 0, "CommissionExpDisallowPL": 0, "InterestExpDisallowPL": 0, "OthersExpDisallowPL": 0, "IncProfDecLossAccICDSAdj": 0, "TotAfterAddToPLDeprOthSpecInc": 0, "DeductUs32_1_iii": 0, "Amt32AC": 0, "DebPLUs35ExcessAmt": 0, "AmtDisallUs40NowAllow": 0, "AmtDisallUs43BNowAllow": 0, "AnyOthAmtAllDeduct": 0, "DecProfIncLossAccICDSAdj": 0, "TotDeductionAmts": 0, "PLAftAdjDedBusOthThanSpec": -85582, "DeemedProfitBusUs": {"Section44AE": 0, "Section44B": 0, "Section44BB": 0, "Section44BBA": 0, "Section44BBB": 0, "Section44D": 0, "Section44DA": 0, "ChapterXIIG": 0, "FirstSchTActOther": 0, "TotDeemedProfitBusUs": 0}, "NetPLAftAdjBusOthThanSpec": -85582, "NetPLBusOthThanSpec7A7B7C": -85582, "ChrgblIncUndrRule7": 0, "DeemedChrgblIncUndrRule7A": 0, "DeemedChrgblIncUndrRule7B1": 0, "DeemedChrgblIncUndrRule7B1A": 0, "DeemedChrgblIncUndrRule8": 0, "IncomeOtherThanRule": -85582, "BalIncDeemedFrmAgri": 0}, "SpecBusinessInc": {"NetPLFrmSpecBus": 0, "AdditionUs28to44DA": 0, "DeductUs28to44DA": 0, "AdjustedPLFrmSpecuBus": 0}, "IncSpecifiedBusiness": {"NetPLFrmSpecifiedBus": 0, "AddSec28to44DA": 0, "DedSec28to44DAOTDedSec35AD": 0, "ProfitLossSpecifiedBusiness": 0, "DedSec35AD1": 0, "ProfitLossSpecifiedBusFinal": 0}, "IncChrgUnHdProftGain": -85582, "BusSetoffCurrYr": {"LossSetOffOnBusLoss": 85582, "SpeculativeInc": {"IncOfCurYrUnderThatHead": 0, "BusLossSetoff": 0, "IncOfCurYrAfterSetOff": 0}, "SpecifiedInc": {"IncOfCurYrUnderThatHead": 0, "BusLossSetoff": 0, "IncOfCurYrAfterSetOff": 0}, "ProfGainUs115B": {"IncOfCurYrUnderThatHead": 0, "BusLossSetoff": 0, "IncOfCurYrAfterSetOff": 0}, "TotLossSetOffOnBus": 0, "LossRemainSetOffOnBus": 85582}}, "ScheduleDPM": {"PlantMachinery": {"Rate15": {"DepreciationDetail": {"WDVFirstDay": 0, "AdditionsGrThan180Days": 0, "RealizationTotalPeriod": 0, "FullRateDeprAmt": 0, "AdditionsLessThan180Days": 120000, "RealizationPeriodDuringYear": 0, "HalfRateDeprAmt": 120000, "DepreciationAtFullRate": 0, "DepreciationAtHalfRate": 9000, "TotalDepreciation": 9000, "DepDisAllowUs38_2": 0, "NetAggregateDepreciation": 9000, "ProportionateAggDepreciation": 0, "ExpdrOnTrforSaleAsset": 0, "CapGainUs50": 0, "WDVLastDay": 111000}}, "Rate30": {"DepreciationDetail": {"WDVFirstDay": 0, "AdditionsGrThan180Days": 0, "RealizationTotalPeriod": 0, "FullRateDeprAmt": 0, "AdditionsLessThan180Days": 0, "RealizationPeriodDuringYear": 0, "HalfRateDeprAmt": 0, "DepreciationAtFullRate": 0, "DepreciationAtHalfRate": 0, "TotalDepreciation": 0, "DepDisAllowUs38_2": 0, "NetAggregateDepreciation": 0, "ProportionateAggDepreciation": 0, "ExpdrOnTrforSaleAsset": 0, "CapGainUs50": 0, "WDVLastDay": 0}}, "Rate40": {"DepreciationDetail": {"WDVFirstDay": 0, "AdditionsGrThan180Days": 0, "RealizationTotalPeriod": 0, "FullRateDeprAmt": 0, "AdditionsLessThan180Days": 0, "RealizationPeriodDuringYear": 0, "HalfRateDeprAmt": 0, "DepreciationAtFullRate": 0, "DepreciationAtHalfRate": 0, "TotalDepreciation": 0, "DepDisAllowUs38_2": 0, "NetAggregateDepreciation": 0, "ProportionateAggDepreciation": 0, "ExpdrOnTrforSaleAsset": 0, "CapGainUs50": 0, "WDVLastDay": 0}}, "Rate45": {"DepreciationDetail": {"WDVFirstDay": 0, "RealizationTotalPeriod": 0, "FullRateDeprAmt": 0, "DepreciationAtFullRate": 0, "TotalDepreciation": 0, "DepDisAllowUs38_2": 0, "NetAggregateDepreciation": 0, "ProportionateAggDepreciation": 0, "ExpdrOnTrforSaleAsset": 0, "CapGainUs50": 0, "WDVLastDay": 0}}}}, "ScheduleDOA": {"Land": {"DepreciationDetail": {"WDVFirstDay": 0, "WDVLastDay": 0}}, "Building": {"Rate5": {"DepreciationDetail": {"WDVFirstDay": 0, "AdditionsGrThan180Days": 0, "RealizationTotalPeriod": 0, "FullRateDeprAmt": 0, "AdditionsLessThan180Days": 0, "RealizationPeriodDuringYear": 0, "HalfRateDeprAmt": 0, "DepreciationAtFullRate": 0, "DepreciationAtHalfRate": 0, "TotalDepreciation": 0, "DepDisAllowUs38_2": 0, "NetAggregateDepreciation": 0, "ProportionateAggDepreciation": 0, "ExpdrOnTrforSaleAsset": 0, "CapGainUs50": 0, "WDVLastDay": 0}}, "Rate10": {"DepreciationDetail": {"WDVFirstDay": 0, "AdditionsGrThan180Days": 0, "RealizationTotalPeriod": 0, "FullRateDeprAmt": 0, "AdditionsLessThan180Days": 0, "RealizationPeriodDuringYear": 0, "HalfRateDeprAmt": 0, "DepreciationAtFullRate": 0, "DepreciationAtHalfRate": 0, "TotalDepreciation": 0, "DepDisAllowUs38_2": 0, "NetAggregateDepreciation": 0, "ProportionateAggDepreciation": 0, "ExpdrOnTrforSaleAsset": 0, "CapGainUs50": 0, "WDVLastDay": 0}}, "Rate40": {"DepreciationDetail": {"WDVFirstDay": 0, "AdditionsGrThan180Days": 0, "RealizationTotalPeriod": 0, "FullRateDeprAmt": 0, "AdditionsLessThan180Days": 0, "RealizationPeriodDuringYear": 0, "HalfRateDeprAmt": 0, "DepreciationAtFullRate": 0, "DepreciationAtHalfRate": 0, "TotalDepreciation": 0, "DepDisAllowUs38_2": 0, "NetAggregateDepreciation": 0, "ProportionateAggDepreciation": 0, "ExpdrOnTrforSaleAsset": 0, "CapGainUs50": 0, "WDVLastDay": 0}}}, "FurnitureFittings": {"Rate10": {"DepreciationDetail": {"WDVFirstDay": 0, "AdditionsGrThan180Days": 0, "RealizationTotalPeriod": 0, "FullRateDeprAmt": 0, "AdditionsLessThan180Days": 0, "RealizationPeriodDuringYear": 0, "HalfRateDeprAmt": 0, "DepreciationAtFullRate": 0, "DepreciationAtHalfRate": 0, "TotalDepreciation": 0, "DepDisAllowUs38_2": 0, "NetAggregateDepreciation": 0, "ProportionateAggDepreciation": 0, "ExpdrOnTrforSaleAsset": 0, "CapGainUs50": 0, "WDVLastDay": 0}}}, "IntangibleAssets": {"Rate25": {"DepreciationDetail": {"WDVFirstDay": 0, "AdditionsGrThan180Days": 0, "RealizationTotalPeriod": 0, "FullRateDeprAmt": 0, "AdditionsLessThan180Days": 0, "RealizationPeriodDuringYear": 0, "HalfRateDeprAmt": 0, "DepreciationAtFullRate": 0, "DepreciationAtHalfRate": 0, "TotalDepreciation": 0, "DepDisAllowUs38_2": 0, "NetAggregateDepreciation": 0, "ProportionateAggDepreciation": 0, "ExpdrOnTrforSaleAsset": 0, "CapGainUs50": 0, "WDVLastDay": 0}}}, "Ships": {"Rate20": {"DepreciationDetail": {"WDVFirstDay": 0, "AdditionsGrThan180Days": 0, "RealizationTotalPeriod": 0, "FullRateDeprAmt": 0, "AdditionsLessThan180Days": 0, "RealizationPeriodDuringYear": 0, "HalfRateDeprAmt": 0, "DepreciationAtFullRate": 0, "DepreciationAtHalfRate": 0, "TotalDepreciation": 0, "DepDisAllowUs38_2": 0, "NetAggregateDepreciation": 0, "ProportionateAggDepreciation": 0, "ExpdrOnTrforSaleAsset": 0, "CapGainUs50": 0, "WDVLastDay": 0}}}}, "ScheduleDEP": {"SummaryFromDeprSch": {"PlantMachinerySummary": {"DeprBlockTot15Percent": 9000, "DeprBlockTot30Percent": 0, "DeprBlockTot40Percent": 0, "DeprBlockTot45Percent": 0, "TotPlntMach": 9000}, "BuildingSummary": {"DeprBlockTot5Percent": 0, "DeprBlockTot10Percent": 0, "DeprBlockTot40Percent": 0, "TotBuildng": 0}, "TotalDepreciation": 9000}}, "ScheduleDCG": {"SummaryFromDeprSchCG": {"PlantMachinerySummaryCG": {"DeprBlockTot15Percent": 0, "DeprBlockTot30Percent": 0, "DeprBlockTot40Percent": 0, "DeprBlockTot45Percent": 0, "TotPlntMach": 0}, "BuildingSummaryCG": {"DeprBlockTot5Percent": 0, "DeprBlockTot10Percent": 0, "DeprBlockTot40Percent": 0, "TotBuildng": 0}, "TotalDepreciation": 0}}, "ScheduleCG": {"ShortTermCapGain": {"SlumpSaleInStcg": {"FMV11UAEii": 0, "FMV11UAEiii": 0, "FullConsideration": 0, "NetWorthOfDivision": 0, "CapgainonAssets": 0}, "EquityMFonSTT": [{"MFSectionCode": "1A", "EquityMFonSTTDtls": {"FullConsideration": 0, "DeductSec48": {"AquisitCost": 0, "ImproveCost": 0, "ExpOnTrans": 0, "TotalDedn": 0}, "BalanceCG": 0, "LossSec94of7Or94of8": 0, "CapgainonAssets": 0}}, {"MFSectionCode": "5AD1biip", "EquityMFonSTTDtls": {"FullConsideration": 0, "DeductSec48": {"AquisitCost": 0, "ImproveCost": 0, "ExpOnTrans": 0, "TotalDedn": 0}, "BalanceCG": 0, "LossSec94of7Or94of8": 0, "CapgainonAssets": 0}}], "NRITransacSec48Dtl": {"NRItaxSTTPaid": 0, "NRItaxSTTNotPaid": 0}, "NRISecur115AD": {"FullValueConsdRecvUnqshr": 0, "FairMrktValueUnqshr": 0, "FullValueConsdSec50CA": 0, "FullValueConsdOthUnqshr": 0, "FullConsideration": 0, "DeductSec48": {"AquisitCost": 0, "ImproveCost": 0, "ExpOnTrans": 0, "TotalDedn": 0}, "BalanceCG": 0, "LossSec94of7Or94of8": 0, "CapgainonAssets": 0}, "SaleOnOtherAssets": {"FullValueConsdRecvUnqshr": 0, "FairMrktValueUnqshr": 0, "FullValueConsdSec50CA": 0, "FullValueConsdOthUnqshr": 0, "FullConsideration": 0, "DeductSec48": {"AquisitCost": 0, "ImproveCost": 0, "ExpOnTrans": 0, "TotalDedn": 0}, "BalanceCG": 0, "LossSec94of7Or94of8": 0, "DeemedSTCGDeprAsset": 0, "ExemptionOrDednUs54": {"ExemptionOrDednUs54Dtls": [], "ExemptionGrandTotal": 0}, "CapgainonAssets": 0}, "UnutilizedStcgFlag": "N", "TotalAmtDeemedStcg": 0, "PassThrIncNatureSTCG": 0, "PassThrIncNatureSTCG15Per": 0, "PassThrIncNatureSTCG30Per": 0, "PassThrIncNatureSTCGAppRate": 0, "TotalAmtNotTaxUsDTAAStcg": 0, "TotalAmtTaxUsDTAAStcg": 0, "TotalSTCG": 0}, "LongTermCapGain": {"SaleofLandBuild": {"SaleofLandBuildDtls": [{"FullConsideration": 0, "PropertyValuation": 0, "FullConsideration50C": 0, "AquisitCost": 0, "ImproveCost": 0, "ExpOnTrans": 0, "TotalDedn": 0, "Balance": 0, "ExemptionOrDednUs54": {"ExemptionOrDednUs54Dtls": [], "ExemptionGrandTotal": 0}, "CapgainonAssets": 0}]}, "SlumpSaleInLtcg": {"FMV11UAEii": 0, "FMV11UAEiii": 0, "FullConsideration": 0, "NetWorthOfDivision": 0, "SlumpBalance": 0, "DeductionUnderSec54": 0, "CapgainonAssets": 0}, "SaleofBondsDebntr": {"FullConsideration": 0, "DeductSec48": {"AquisitCost": 0, "ImproveCost": 0, "ExpOnTrans": 0, "TotalDedn": 0}, "BalanceCG": 0}, "Proviso112Applicable": {"Proviso112SectionCode": "22", "Proviso112Applicabledtls": {"FullConsideration": 0, "DeductSec48": {"AquisitCost": 0, "ImproveCost": 0, "ExpOnTrans": 0, "TotalDedn": 0}, "BalanceCG": 0}}, "SaleOfEquityShareUs112A": {"CapgainonAssets": 0}, "NRIProvisoSec48": {"BalanceCG": 0}, "NRIOnSec112and115": {"NRIOnSec112and115Dtls": [{"SectionCode": "21ciii", "FullValueConsdRecvUnqshr": 0, "FairMrktValueUnqshr": 0, "FullValueConsdSec50CA": 0, "FullValueConsdOthUnqshr": 0, "FullConsideration": 0, "DeductSec48": {"AquisitCost": 0, "ImproveCost": 0, "ExpOnTrans": 0, "TotalDedn": 0}, "BalanceCG": 0}, {"SectionCode": "5AC1c", "FullValueConsdRecvUnqshr": 0, "FairMrktValueUnqshr": 0, "FullValueConsdSec50CA": 0, "FullValueConsdOthUnqshr": 0, "FullConsideration": 0, "DeductSec48": {"AquisitCost": 0, "ImproveCost": 0, "ExpOnTrans": 0, "TotalDedn": 0}, "BalanceCG": 0}, {"SectionCode": "5ADiii", "FullValueConsdRecvUnqshr": 0, "FairMrktValueUnqshr": 0, "FullValueConsdSec50CA": 0, "FullValueConsdOthUnqshr": 0, "FullConsideration": 0, "DeductSec48": {"AquisitCost": 0, "ImproveCost": 0, "ExpOnTrans": 0, "TotalDedn": 0}, "BalanceCG": 0}, {"SectionCode": "5AB1b", "FullValueConsdRecvUnqshr": 0, "FairMrktValueUnqshr": 0, "FullValueConsdSec50CA": 0, "FullValueConsdOthUnqshr": 0, "FullConsideration": 0, "DeductSec48": {"AquisitCost": 0, "ImproveCost": 0, "ExpOnTrans": 0, "TotalDedn": 0}, "BalanceCG": 0}]}, "NRISaleOfEquityShareUs112A": {"CapgainonAssets": 0}, "SaleofAssetNA": {"FullValueConsdRecvUnqshr": 0, "FairMrktValueUnqshr": 0, "FullValueConsdSec50CA": 0, "FullValueConsdOthUnqshr": 0, "FullConsideration": 0, "DeductSec48": {"AquisitCost": 0, "ImproveCost": 0, "ExpOnTrans": 0, "TotalDedn": 0}, "BalanceCG": 0, "ExemptionOrDednUs54": {"ExemptionOrDednUs54Dtls": [], "ExemptionGrandTotal": 0}, "CapgainonAssets": 0}, "UnutilizedLtcgFlag": "N", "TotalAmtDeemedLtcg": 0, "PassThrIncNatureLTCG": 0, "PassThrIncNatureLTCGUs112A": 0, "PassThrIncNatureLTCG10Per": 0, "PassThrIncNatureLTCG20Per": 0, "TotalAmtNotTaxUsDTAALtcg": 0, "TotalAmtTaxUsDTAALtcg": 0, "TotalLTCG": 0}, "DeducClaimInfo": {"TotDeductClaim": 0}, "CurrYrLosses": {"InLossSetOff": {"StclSetoff15Per": 0, "StclSetoff30Per": 0, "StclSetoffAppRate": 0, "StclSetoffDTAARate": 0, "LtclSetOff10Per": 0, "LtclSetOff20Per": 0, "LtclSetOffDTAARate": 0}, "InStcg15Per": {"CurrYearIncome": 0, "StclSetoff30Per": 0, "StclSetoffAppRate": 0, "StclSetoffDTAARate": 0, "CurrYrCapGain": 0}, "InStcg30Per": {"CurrYearIncome": 0, "StclSetoff15Per": 0, "StclSetoffAppRate": 0, "StclSetoffDTAARate": 0, "CurrYrCapGain": 0}, "InStcgAppRate": {"CurrYearIncome": 0, "StclSetoff15Per": 0, "StclSetoff30Per": 0, "StclSetoffDTAARate": 0, "CurrYrCapGain": 0}, "InStcgDTAARate": {"CurrYearIncome": 0, "StclSetoff15Per": 0, "StclSetoff30Per": 0, "StclSetoffAppRate": 0, "CurrYrCapGain": 0}, "InLtcg10Per": {"CurrYearIncome": 0, "StclSetoff15Per": 0, "StclSetoff30Per": 0, "StclSetoffAppRate": 0, "StclSetoffDTAARate": 0, "LtclSetOff20Per": 0, "LtclSetOffDTAARate": 0, "CurrYrCapGain": 0}, "InLtcg20Per": {"CurrYearIncome": 0, "StclSetoff15Per": 0, "StclSetoff30Per": 0, "StclSetoffAppRate": 0, "StclSetoffDTAARate": 0, "LtclSetOff10Per": 0, "LtclSetOffDTAARate": 0, "CurrYrCapGain": 0}, "InLtcgDTAARate": {"CurrYearIncome": 0, "StclSetoff15Per": 0, "StclSetoff30Per": 0, "StclSetoffAppRate": 0, "StclSetoffDTAARate": 0, "LtclSetOff10Per": 0, "LtclSetOff20Per": 0, "CurrYrCapGain": 0}, "TotLossSetOff": {"StclSetoff15Per": 0, "StclSetoff30Per": 0, "StclSetoffAppRate": 0, "StclSetoffDTAARate": 0, "LtclSetOff10Per": 0, "LtclSetOff20Per": 0, "LtclSetOffDTAARate": 0}, "LossRemainSetOff": {"StclSetoff15Per": 0, "StclSetoff30Per": 0, "StclSetoffAppRate": 0, "StclSetoffDTAARate": 0, "LtclSetOff10Per": 0, "LtclSetOff20Per": 0, "LtclSetOffDTAARate": 0}}, "AccruOrRecOfCG": {"ShortTermUnder15Per": {"DateRange": {"Upto15Of6": 0, "Up16Of6To15Of9": 0, "Up16Of9To15Of12": 0, "Up16Of12To15Of3": 0, "Up16Of3To31Of3": 0}}, "ShortTermUnder30Per": {"DateRange": {"Upto15Of6": 0, "Up16Of6To15Of9": 0, "Up16Of9To15Of12": 0, "Up16Of12To15Of3": 0, "Up16Of3To31Of3": 0}}, "ShortTermUnderAppRate": {"DateRange": {"Upto15Of6": 0, "Up16Of6To15Of9": 0, "Up16Of9To15Of12": 0, "Up16Of12To15Of3": 0, "Up16Of3To31Of3": 0}}, "ShortTermUnderDTAARate": {"DateRange": {"Upto15Of6": 0, "Up16Of6To15Of9": 0, "Up16Of9To15Of12": 0, "Up16Of12To15Of3": 0, "Up16Of3To31Of3": 0}}, "LongTermUnder10Per": {"DateRange": {"Upto15Of6": 0, "Up16Of6To15Of9": 0, "Up16Of9To15Of12": 0, "Up16Of12To15Of3": 0, "Up16Of3To31Of3": 0}}, "LongTermUnder20Per": {"DateRange": {"Upto15Of6": 0, "Up16Of6To15Of9": 0, "Up16Of9To15Of12": 0, "Up16Of12To15Of3": 0, "Up16Of3To31Of3": 0}}, "LongTermUnderDTAARate": {"DateRange": {"Upto15Of6": 0, "Up16Of6To15Of9": 0, "Up16Of9To15Of12": 0, "Up16Of12To15Of3": 0, "Up16Of3To31Of3": 0}}}}, "ScheduleOS": {"IncOthThanOwnRaceHorse": {"GrossIncChrgblTaxAtAppRate": 0, "DividendGross": 0, "DividendOthThan22e": 0, "Dividend22e": 0, "InterestGross": 0, "IntrstFrmSavingBank": 0, "IntrstFrmTermDeposit": 0, "IntrstFrmIncmTaxRefund": 0, "NatofPassThrghIncome": 0, "IntrstFrmOthers": 0, "RentFromMachPlantBldgs": 0, "Tot562x": 0, "Aggrtvaluewithoutcons562x": 0, "Immovpropwithoutcons562x": 0, "Immovpropinadeqcons562x": 0, "Anyotherpropwithoutcons562x": 0, "Anyotherpropinadeqcons562x": 0, "AnyOtherIncome": 0, "IncChargeableSpecialRates": 0, "LtryPzzlChrgblUs115BB": 0, "IncChrgblUs115BBE": 0, "CashCreditsUs68": 0, "UnExplndInvstmntsUs69": 0, "UnExplndMoneyUs69A": 0, "UnDsclsdInvstmntsUs69B": 0, "UnExplndExpndtrUs69C": 0, "AmtBrwdRepaidOnHundiUs69D": 0, "OthersGross": 0, "OthersGrossDtls": [], "PassThrIncOSChrgblSplRate": 0, "IncChargblSplRateOS": {"TotalAmtTaxUsDTAASchOs": 0}, "Deductions": {"Depreciation": 0, "TotDeductions": 0}, "BalanceNoRaceHorse": 0}, "TotOthSrcNoRaceHorse": 0, "IncFromOwnHorse": {"Receipts": 0, "DeductSec57": 0, "BalanceOwnRaceHorse": 0}, "IncChargeableFrmOthSrc": 0, "IncFrmLottery": {"DateRange": {"Upto15Of6": 0, "Up16Of6To15Of9": 0, "Up16Of9To15Of12": 0, "Up16Of12To15Of3": 0, "Up16Of3To31Of3": 0}}, "DividendIncUs115BBDA": {"DateRange": {"Upto15Of6": 0, "Up16Of6To15Of9": 0, "Up16Of9To15Of12": 0, "Up16Of12To15Of3": 0, "Up16Of3To31Of3": 0}}, "DividendIncUs115A1ai": {"DateRange": {"Upto15Of6": 0, "Up16Of6To15Of9": 0, "Up16Of9To15Of12": 0, "Up16Of12To15Of3": 0, "Up16Of3To31Of3": 0}}, "DividendIncUs115AC": {"DateRange": {"Upto15Of6": 0, "Up16Of6To15Of9": 0, "Up16Of9To15Of12": 0, "Up16Of12To15Of3": 0, "Up16Of3To31Of3": 0}}, "DividendIncUs115BBD": {"DateRange": {"Upto15Of6": 0, "Up16Of6To15Of9": 0, "Up16Of9To15Of12": 0, "Up16Of12To15Of3": 0, "Up16Of3To31Of3": 0}}, "DividendIncUs115AD1iDiv": {"DateRange": {"Upto15Of6": 0, "Up16Of6To15Of9": 0, "Up16Of9To15Of12": 0, "Up16Of12To15Of3": 0, "Up16Of3To31Of3": 0}}, "DividendIncUs115AD1IBd": {"DateRange": {"Upto15Of6": 0, "Up16Of6To15Of9": 0, "Up16Of9To15Of12": 0, "Up16Of12To15Of3": 0, "Up16Of3To31Of3": 0}}, "DividendDTAA": {"DateRange": {"Upto15Of6": 0, "Up16Of6To15Of9": 0, "Up16Of9To15Of12": 0, "Up16Of12To15Of3": 0, "Up16Of3To31Of3": 0}}}, "ScheduleCYLA": {"TotalCurYr": {"TotHPlossCurYr": 0, "TotBusLoss": 85582, "TotOthSrcLossNoRaceHorse": 0}, "HP": {"IncCYLA": {"IncOfCurYrUnderThatHead": 0, "IncOfCurYrAfterSetOff": 0}}, "BusProfExclSpecProf": {"IncCYLA": {"IncOfCurYrUnderThatHead": 0, "IncOfCurYrAfterSetOff": 0}}, "ProfGainUs115B": {"IncCYLA": {"IncOfCurYrUnderThatHead": 0, "IncOfCurYrAfterSetOff": 0}}, "SpeculationIncome": {"IncCYLA": {"IncOfCurYrUnderThatHead": 0, "IncOfCurYrAfterSetOff": 0}}, "SpecifiedBusIncome": {"IncCYLA": {"IncOfCurYrUnderThatHead": 0, "IncOfCurYrAfterSetOff": 0}}, "STCG15Per": {"IncCYLA": {"IncOfCurYrUnderThatHead": 0, "IncOfCurYrAfterSetOff": 0}}, "STCG30Per": {"IncCYLA": {"IncOfCurYrUnderThatHead": 0, "IncOfCurYrAfterSetOff": 0}}, "STCGAppRate": {"IncCYLA": {"IncOfCurYrUnderThatHead": 0, "IncOfCurYrAfterSetOff": 0}}, "STCGDTAARate": {"IncCYLA": {"IncOfCurYrUnderThatHead": 0, "IncOfCurYrAfterSetOff": 0}}, "LTCG10Per": {"IncCYLA": {"IncOfCurYrUnderThatHead": 0, "IncOfCurYrAfterSetOff": 0}}, "LTCG20Per": {"IncCYLA": {"IncOfCurYrUnderThatHead": 0, "IncOfCurYrAfterSetOff": 0}}, "LTCGDTAARate": {"IncCYLA": {"IncOfCurYrUnderThatHead": 0, "IncOfCurYrAfterSetOff": 0}}, "OthSrcExclRaceHorseLottery": {"IncCYLA": {"IncOfCurYrUnderThatHead": 0, "IncOfCurYrAfterSetOff": 0}}, "ProfitFrmRaceHorse": {"IncCYLA": {"IncOfCurYrUnderThatHead": 0, "IncOfCurYrAfterSetOff": 0}}, "IncOSDTAA": {"IncCYLA": {"IncOfCurYrUnderThatHead": 0, "IncOfCurYrAfterSetOff": 0}}, "TotalLossSetOff": {"TotHPlossCurYrSetoff": 0, "TotBusLossSetoff": 0, "TotOthSrcLossNoRaceHorseSetoff": 0}, "LossRemAftSetOff": {"BalHPlossCurYrAftSetoff": 0, "BalBusLossAftSetoff": 85582, "BalOthSrcLossNoRaceHorseAftSetoff": 0}}, "ScheduleBFLA": {"HP": {"IncBFLA": {"IncOfCurYrUndHeadFromCYLA": 0, "IncOfCurYrAfterSetOffBFLosses": 0}}, "BusProfExclSpecProf": {"IncBFLA": {"IncOfCurYrUndHeadFromCYLA": 0, "IncOfCurYrAfterSetOffBFLosses": 0}}, "ProfGainUs115B": {"IncBFLA": {"IncOfCurYrUndHeadFromCYLA": 0, "IncOfCurYrAfterSetOffBFLosses": 0}}, "SpeculationIncome": {"IncBFLA": {"IncOfCurYrUndHeadFromCYLA": 0, "IncOfCurYrAfterSetOffBFLosses": 0}}, "SpecifiedBusIncome": {"IncBFLA": {"IncOfCurYrUndHeadFromCYLA": 0, "IncOfCurYrAfterSetOffBFLosses": 0}}, "STCG15Per": {"IncBFLA": {"IncOfCurYrUndHeadFromCYLA": 0, "IncOfCurYrAfterSetOffBFLosses": 0}}, "STCG30Per": {"IncBFLA": {"IncOfCurYrUndHeadFromCYLA": 0, "IncOfCurYrAfterSetOffBFLosses": 0}}, "STCGAppRate": {"IncBFLA": {"IncOfCurYrUndHeadFromCYLA": 0, "IncOfCurYrAfterSetOffBFLosses": 0}}, "STCGDTAARate": {"IncBFLA": {"IncOfCurYrUndHeadFromCYLA": 0, "IncOfCurYrAfterSetOffBFLosses": 0}}, "LTCG10Per": {"IncBFLA": {"IncOfCurYrUndHeadFromCYLA": 0, "IncOfCurYrAfterSetOffBFLosses": 0}}, "LTCG20Per": {"IncBFLA": {"IncOfCurYrUndHeadFromCYLA": 0, "IncOfCurYrAfterSetOffBFLosses": 0}}, "LTCGDTAARate": {"IncBFLA": {"IncOfCurYrUndHeadFromCYLA": 0, "IncOfCurYrAfterSetOffBFLosses": 0}}, "OthSrcExclRaceHorse": {"IncBFLA": {"IncOfCurYrUndHeadFromCYLA": 0, "BFUnabsorbedDeprSetoff": 0, "BFAllUs35Cl4Setoff": 0, "IncOfCurYrAfterSetOffBFLosses": 0}}, "ProfitFrmRaceHorse": {"IncBFLA": {"IncOfCurYrUndHeadFromCYLA": 0, "IncOfCurYrAfterSetOffBFLosses": 0}}, "IncOSDTAA": {"IncBFLA": {"IncOfCurYrUndHeadFromCYLA": 0, "BFUnabsorbedDeprSetoff": 0, "BFAllUs35Cl4Setoff": 0, "IncOfCurYrAfterSetOffBFLosses": 0}}, "TotalBFLossSetOff": {"TotBFLossSetoff": 0, "TotUnabsorbedDeprSetoff": 0, "TotAllUs35cl4Setoff": 0}, "IncomeOfCurrYrAftCYLABFLA": 0}, "ScheduleCFL": {"LossCFCurrentAssmntYear2022": {"CarryFwdLossDetail": {"DateOfFiling": "2022-03-14", "TotalHPPTILossCF": 0, "BroughtFrwrdBusLoss": 17657, "BroughtFrwdBusLossSetOffDrYr": 17657, "LossFrmSpecBusCF": 0, "LossFrmSpecifiedBusCF": 0, "TotalSTCGPTILossCF": 0, "TotalLTCGPTILossCF": 0, "OthSrcLossRaceHorseCF": 0}}, "TotalOfBFLossesEarlierYrs": {"LossSummaryDetail": {"TotalHPPTILossCF": 0, "BroughtFrwdBusLossSetOffDrYr": 17657, "LossFrmSpecBusCF": 0, "LossFrmSpecifiedBusCF": 0, "TotalSTCGPTILossCF": 0, "TotalLTCGPTILossCF": 0, "OthSrcLossRaceHorseCF": 0}}, "AdjTotBFLossInBFLA": {"LossSummaryDetail": {"TotalHPPTILossCF": 0, "LossFrmSpecBusCF": 0, "LossFrmSpecifiedBusCF": 0, "TotalSTCGPTILossCF": 0, "TotalLTCGPTILossCF": 0, "OthSrcLossRaceHorseCF": 0}}, "CurrentAYloss": {"LossSummaryDetail": {"TotalHPPTILossCF": 0, "BroughtFrwdBusLossSetOffDrYr": 85582, "LossFrmSpecBusCF": 0, "LossFrmSpecifiedBusCF": 0, "TotalSTCGPTILossCF": 0, "TotalLTCGPTILossCF": 0, "OthSrcLossRaceHorseCF": 0}}, "CurrentYearDistrUnitHolder": {"LossSummaryDetail": {"TotalHPPTILossCF": 0, "TotalSTCGPTILossCF": 0, "TotalLTCGPTILossCF": 0, "OthSrcLossRaceHorseCF": 0}}, "CurrentYearLossCF": {"LossSummaryDetail": {"TotalHPPTILossCF": 0, "BroughtFrwdBusLossSetOffDrYr": 85582, "LossFrmSpecBusCF": 0, "LossFrmSpecifiedBusCF": 0, "TotalSTCGPTILossCF": 0, "TotalLTCGPTILossCF": 0, "OthSrcLossRaceHorseCF": 0}}, "TotalLossCFSummary": {"LossSummaryDetail": {"TotalHPPTILossCF": 0, "BroughtFrwdBusLossSetOffDrYr": 103239, "LossFrmSpecBusCF": 0, "LossFrmSpecifiedBusCF": 0, "TotalSTCGPTILossCF": 0, "TotalLTCGPTILossCF": 0, "OthSrcLossRaceHorseCF": 0}}}, "ITRScheduleUD": {"CurrAssYr": "2022-23", "CurBalCFNY": 9000, "CurAllowBalCFNY": 0, "ScheduleUD": [], "TotBFUDepritAmt": 0, "TotAmtAdjOptTaxUs115BAA": 0, "TotCurYrdepritSetoffInc": 0, "TotDepritBalCFNY": 9000, "TotBFUAllowAmt": 0, "TotCurYrAllowSetoffInc": 0, "TotalBalCFNY": 0}, "Schedule80G": {"TotalDonationsUs80GCash": 0, "TotalDonationsUs80GOtherMode": 0, "TotalDonationsUs80G": 0, "TotalEligibleDonationsUs80G": 0}, "Schedule80_IA": {"Sch80SectionCode": "80-IA", "DeductUs80_IA_4_i": {"Sch80LocOrDescCode": "INFRAFAC", "Sch80DeductAmtDtls": [{"DeductAmountSec80": 0}]}, "DeductUs80_IA_4_iv": {"Sch80LocOrDescCode": "POWER", "Sch80DeductAmtDtls": [{"DeductAmountSec80": 0}]}, "DeductUs80_IA_4_v": {"Sch80LocOrDescCode": "REVIVAL_POWER_PLNT", "Sch80DeductAmtDtls": [{"DeductAmountSec80": 0}]}, "TotSchedule80_IA": 0}, "Schedule80_IB": {"Sch80SectionCode": "80-IB", "DeductJKLocUs80_IB_4_Und": {"Sch80LocOrDescCode": "INDSRTL_JK", "Sch80DeductAmtDtls": [{"DeductAmountSec80": 0}]}, "DeductMinOilUs80_IB_9_Und": {"Sch80LocOrDescCode": "COMM_PROD", "Sch80DeductAmtDtls": [{"DeductAmountSec80": 0}]}, "DeductHousUs80_IB_10_Und": {"Sch80LocOrDescCode": "HOUSING_PROJECT", "Sch80DeductAmtDtls": [{"DeductAmountSec80": 0}]}, "DeductFruitVegUs80_IB_11A_Und": {"Sch80LocOrDescCode": "FRIUTS_VEGTBLE", "Sch80DeductAmtDtls": [{"DeductAmountSec80": 0}]}, "DeductFoodGrainUs80_IB_11A_Und": {"Sch80LocOrDescCode": "STOR_TRANS", "Sch80DeductAmtDtls": [{"DeductAmountSec80": 0}]}, "TotSchedule80_IB": 0}, "Schedule80_IC": {"Sch80SectionCode": "80-IC_IE", "DeductInSikkim_Und": {"Sch80LocOrDescCode": "INDSTRL_SIKKIM", "Sch80DeductAmtDtls": [{"DeductAmountSec80": 0}]}, "DeductInHimachalP_Und": {"Sch80LocOrDescCode": "INDSRTL_HP", "Sch80DeductAmtDtls": [{"DeductAmountSec80": 0}]}, "DeductInUttaranchal_Und": {"Sch80LocOrDescCode": "INDSRTL_UTTARANCHAL", "Sch80DeductAmtDtls": [{"DeductAmountSec80": 0}]}, "DeductInNorthEast": {"Assam_Und": {"Sch80LocOrDescCode": "INDSRTL_ASSAM", "Sch80DeductAmtDtls": [{"DeductAmountSec80": 0}]}, "ArunachalPradesh_Und": {"Sch80LocOrDescCode": "INDSRTL_ARUNPRADESH", "Sch80DeductAmtDtls": [{"DeductAmountSec80": 0}]}, "Manipur_Und": {"Sch80LocOrDescCode": "INDSRTL_MANIPUR", "Sch80DeductAmtDtls": [{"DeductAmountSec80": 0}]}, "Mizoram_Und": {"Sch80LocOrDescCode": "INDSRTL_MIZORAM", "Sch80DeductAmtDtls": [{"DeductAmountSec80": 0}]}, "Meghalaya_Und": {"Sch80LocOrDescCode": "INDSRTL_MEGHALAYA", "Sch80DeductAmtDtls": [{"DeductAmountSec80": 0}]}, "Nagaland_Und": {"Sch80LocOrDescCode": "INDSRTL_NAGALND", "Sch80DeductAmtDtls": [{"DeductAmountSec80": 0}]}, "Tripura_Und": {"Sch80LocOrDescCode": "INDSRTL_TRIPURA", "Sch80DeductAmtDtls": [{"DeductAmountSec80": 0}]}, "TotDeductInNorthEast": 0}, "TotSchedule80_IC": 0}, "ScheduleVIA": {"UsrDeductUndChapVIA": {"TotPartBchapterVIA": 0, "TotPartCchapterVIA": 0, "TotalChapVIADeductions": 0}, "DeductUndChapVIA": {"TotPartBchapterVIA": 0, "TotPartCchapterVIA": 0, "TotalChapVIADeductions": 0}}, "ScheduleEI": {"NetAgriIncOrOthrIncRule7": 0, "TotalExemptInc": 0}, "ScheduleMAT": {"PLAcntPrepSchedVICompAct": "1", "PLAcctFlg": "1", "PLAcntPrepAsperAGM": "1", "ProfAfterTaxPLAcnt": -78966, "Additions": {"ITPaidInclDefTax": 2324, "ResvrNo33AC": 0, "ProvUncertainLiab": 0, "ProvLossOfSubsComp": 0, "DividendPaidOrProposed": 0, "ExpendExempIncUs10s": 0, "ExpAopBoi": 0, "ExpClauseFb": 0, "NotLossClauseFc": 0, "NotLossUs115bbf": 0, "DepreciatAttribToRevalAsset": 0, "GainClauseK": 0, "Others": 0, "TotAdditions": 2324}, "Deducts": {"AmtWithdrawFromResvrIfCredPL": 0, "IncExempIncUs10s": 0, "AmtWithdrawFromResvrIfCredPLNoAttrib": 0, "ShareIncAopBoi": 0, "IncClauseiid": 0, "NotGainClauseiie": 0, "LossTrnsClauseiif": 0, "UnAbsorbedDepreciat": 0, "ProSickIndustryOrExcedAccumLos": 0, "Others": 0, "TotDeducts": 0}, "BookProfUs115JB": -76642, "FinancialStamentFlag": "N", "DeemedTotalIncUs115JB": -76642, "DeemedTotalIncUs115JBIFSC": 0, "DeemedTotalIncUs115JBOther": -76642, "TaxPayableUs115JB": 0}, "ScheduleMATC": {"TaxUs115JBCurrAssYr": 0, "TaxOthProvCurrAssYr": 0, "AmtOfTaxWithCred": 0, "UtilMATCredAvl": [{"AssYr": "2009-10", "MATCredGross": 0, "MATCredSetOff": 0, "MATCredBF": 0, "MATCredUtilCurrYr": 0, "BalMATCredCF": 0}, {"AssYr": "2010-11", "MATCredGross": 0, "MATCredSetOff": 0, "MATCredBF": 0, "MATCredUtilCurrYr": 0, "BalMATCredCF": 0}, {"AssYr": "2011-12", "MATCredGross": 0, "MATCredSetOff": 0, "MATCredBF": 0, "MATCredUtilCurrYr": 0, "BalMATCredCF": 0}, {"AssYr": "2012-13", "MATCredGross": 0, "MATCredSetOff": 0, "MATCredBF": 0, "MATCredUtilCurrYr": 0, "BalMATCredCF": 0}, {"AssYr": "2013-14", "MATCredGross": 0, "MATCredSetOff": 0, "MATCredBF": 0, "MATCredUtilCurrYr": 0, "BalMATCredCF": 0}, {"AssYr": "2014-15", "MATCredGross": 0, "MATCredSetOff": 0, "MATCredBF": 0, "MATCredUtilCurrYr": 0, "BalMATCredCF": 0}, {"AssYr": "2015-16", "MATCredGross": 0, "MATCredSetOff": 0, "MATCredBF": 0, "MATCredUtilCurrYr": 0, "BalMATCredCF": 0}, {"AssYr": "2016-17", "MATCredGross": 0, "MATCredSetOff": 0, "MATCredBF": 0, "MATCredUtilCurrYr": 0, "BalMATCredCF": 0}, {"AssYr": "2017-18", "MATCredGross": 0, "MATCredSetOff": 0, "MATCredBF": 0, "MATCredUtilCurrYr": 0, "BalMATCredCF": 0}, {"AssYr": "2018-19", "MATCredGross": 0, "MATCredSetOff": 0, "MATCredBF": 0, "MATCredUtilCurrYr": 0, "BalMATCredCF": 0}, {"AssYr": "2019-20", "MATCredGross": 0, "MATCredSetOff": 0, "MATCredBF": 0, "MATCredUtilCurrYr": 0, "BalMATCredCF": 0}, {"AssYr": "2020-21", "MATCredGross": 0, "MATCredSetOff": 0, "MATCredBF": 0, "MATCredUtilCurrYr": 0, "BalMATCredCF": 0}, {"AssYr": "2021-22", "MATCredGross": 0, "MATCredSetOff": 0, "MATCredBF": 0, "MATCredUtilCurrYr": 0, "BalMATCredCF": 0}], "CurAssYr": "2022-23", "MATCredGrossCurAY": 0, "BalMATCredCFCurAY": 0, "TotMatCredGross": 0, "TotMatCredSetOff": 0, "TotMatCredBF": 0, "TotMatCredUtilCurrYr": 0, "TotBalMATCredCF": 0, "AmtTaxCredUs115JAA": 0, "AmtMATLiabAllAssYrAvailSubseqYr": 0}, "ScheduleFD": {"PaymntMadeOnCapitalAcc": 0, "PaymntMadeOnRevenueAcc": 0, "ReceiptsOnCapitalAcc": 0, "ReceiptsOnRevenueAcc": 0}, "PartB-TI": {"IncomeFromHP": 0, "ProfBusGain": {"ProfGainNoSpecBus": 0, "ProfGainSpecBus": 0, "ProfGainSpecifiedBus": 0, "IncChrgblTaxSplRate": 0, "TotProfBusGain": 0}, "CapGain": {"ShortTerm": {"ShortTerm15Per": 0, "ShortTerm30Per": 0, "ShortTermAppRate": 0, "ShortTermSplRateDTAA": 0, "TotalShortTerm": 0}, "LongTerm": {"LongTerm10Per": 0, "LongTerm20Per": 0, "LongTermSplRateDTAA": 0, "TotalLongTerm": 0}, "TotalCapGains": 0}, "IncFromOS": {"OtherSrcThanOwnRaceHorse": 0, "IncChargblSplRate": 0, "FromOwnRaceHorse": 0, "TotIncFromOS": 0}, "TotalTI": 0, "CurrentYearLoss": 0, "BalanceAfterSetoffLosses": 0, "BroughtFwdLossesSetoff": 0, "GrossTotalIncome": 0, "IncChargeTaxSplRate111A112": 0, "DeductionsUndSchVIADtl": {"PartBchapterVIA": 0, "PartCchapterVIA": 0, "TotDeductUndSchVIA": 0}, "DeductionsUnder10Aor10AA": 0, "TotalIncome": 0, "IncChargeableTaxSplRates": 0, "NetAgricultureIncomeOrOtherIncomeForRate": 0, "LossesOfCurrentYearCarriedFwd": 85582}, "PartB_TTI": {"ComputationOfTaxLiability": {"TaxPayableOnDeemedTI": {"TaxDeemedTISec115JB": 0, "Surcharge": 0, "EducationCess": 0, "TotalTax": 0}, "TaxPayableOnTI": {"TaxAtNormalRates": 0, "TaxAtSpecialRates": 0, "TaxPayableOnTotInc": 0, "Surcharge25ofSI": 0, "SurchargeOnTaxPayable": 0, "TotalSurcharge": 0, "EducationCess": 0, "GrossTaxLiability": 0}, "GrossTaxPayable": 0, "TaxRelief": {"Section90": 0, "Section91": 0, "TotTaxRelief": 0}, "NetTaxLiability": 0, "IntrstPay": {"IntrstPayUs234A": 0, "IntrstPayUs234B": 0, "IntrstPayUs234C": 0, "LateFilingFee234F": 0, "TotalIntrstPay": 0}, "AggregateTaxInterestLiability": 0}, "TaxPaid": {"TaxesPaid": {"TotalTaxesPaid": 0}, "BalTaxPayable": 0}, "Refund": {"RefundDue": 0, "BankAccountDtls": {"BankDtlsFlag": "Y", "AddtnlBankDetails": [{"IFSCCode": "KKBK0000217", "BankName": "KOTAK MAHINDRA BANK LIMITED", "BankAccountNo": "6346062375", "UseForRefund": "true"}]}}, "AssetOutsideIndiaFlg": "NO"}, "Verification": {"Declaration": {"AssesseeVerName": "YASH ARYA", "FatherName": "ASHOK KUMAR SAINI", "AssesseeVerPAN": "BKPPA0625M", "Capacity": "DR"}}}}}