{"ITR": {"ITR4": {"CreationInfo": {"SWVersionNo": "1295", "SWCreatedBy": "SW20000029", "JSONCreatedBy": "SW20000029", "JSONCreationDate": "2022-07-18", "IntermediaryCity": "", "Digest": "08WbVIW5nDxmFfQV1GYWpH08BaySSrQxjFue7Yr9oE4="}, "Form_ITR4": {"FormName": "ITR-4", "Description": "Having Income From Presumptive Business", "AssessmentYear": "2022", "SchemaVer": "Ver1.0", "FormVer": "Ver1.0"}, "PersonalInfo": {"AssesseeName": {"FirstName": "SHEKAR", "SurNameOrOrgName": "RAVI"}, "PAN": "AWVPS3636B", "Address": {"ResidenceNo": "NO.50, SURVEY NO.1/11", "ResidenceName": "PILLIGANAHALLI", "RoadOrStreet": "B.G.ROAD", "LocalityOrArea": "BANNERGHATTA SO", "CityOrTownOrDistrict": "BANGALORE", "StateCode": "15", "CountryCode": "91", "PinCode": 560083, "Phone": {"STDcode": 80, "PhoneNo": "12345678"}, "CountryCodeMobile": 91, "MobileNo": 8217721138, "EmailAddress": "snandassociates16@gmail.com"}, "DOB": "1971-10-10", "EmployerCategory": "NA", "Status": "I", "AadhaarCardNo": "327155523800"}, "FilingStatus": {"ReturnFileSec": 11, "NewTaxRegime": "N", "OptingNewTaxRegime": 2, "SeventhProvisio139": "N", "AsseseeRepFlg": "N"}, "IncomeDeductions": {"IncomeFromBusinessProf": 736896, "GrossSalary": 0, "IncomeNotified89A": 0, "AllwncExemptUs10": {"TotalAllwncExemptUs10": 0}, "NetSalary": 0, "DeductionUs16": 0, "DeductionUs16ia": 0, "EntertainmntalwncUs16ii": 0, "IncomeFromSal": 0, "AnnualValue": 0, "AnnualValue30Percent": 0, "TotalIncomeOfHP": 0, "IncomeOthSrc": 0, "DeductionUs57iia": 0, "Increliefus89AOS": 0, "GrossTotIncome": 736896, "UsrDeductUndChapVIA": {"Section80C": 145092, "Section80CCC": 0, "Section80CCDEmployeeOrSE": 0, "Section80CCD1B": 0, "Section80CCDEmployer": 0, "Section80D": 0, "Section80DD": 0, "Section80DDB": 0, "Section80E": 0, "Section80EE": 0, "Section80EEA": 0, "Section80EEB": 0, "Section80G": 0, "Section80GG": 180000, "Section80GGC": 0, "Section80U": 0, "Section80TTA": 0, "Section80TTB": 0, "TotalChapVIADeductions": 325092}, "DeductUndChapVIA": {"Section80C": 145092, "Section80CCC": 0, "Section80CCDEmployeeOrSE": 0, "Section80CCD1B": 0, "Section80CCDEmployer": 0, "Section80D": 0, "Section80DD": 0, "Section80DDB": 0, "Section80E": 0, "Section80EE": 0, "Section80EEA": 0, "Section80EEB": 0, "Section80G": 0, "Section80GG": 60000, "Section80GGC": 0, "Section80U": 0, "Section80TTA": 0, "Section80TTB": 0, "TotalChapVIADeductions": 205092}, "TotalIncome": 531800}, "TaxComputation": {"TotalTaxPayable": 18860, "Rebate87A": 0, "TaxPayableOnRebate": 18860, "EducationCess": 754, "GrossTaxLiability": 19614, "Section89": 0, "NetTaxLiability": 19614, "IntrstPay": {"IntrstPayUs234A": 0, "IntrstPayUs234B": 0, "IntrstPayUs234C": 0, "LateFilingFee234F": 0}, "TotTaxPlusIntrstPay": 19614}, "TaxPaid": {"TaxesPaid": {"AdvanceTax": 0, "TDS": 78194, "TCS": 0, "SelfAssessmentTax": 0, "TotalTaxesPaid": 78194}, "BalTaxPayable": 0}, "Refund": {"RefundDue": 58580, "BankAccountDtls": {"AddtnlBankDetails": [{"IFSCCode": "SBIN0004926", "BankName": "STATE BANK OF INDIA", "BankAccountNo": "38851658709", "UseForRefund": "true"}, {"IFSCCode": "SBIN0004926", "BankName": "STATE BANK OF INDIA", "BankAccountNo": "38854552186", "UseForRefund": "true"}, {"IFSCCode": "PUNB0128700", "BankName": "PUNJAB NATIONAL BANK", "BankAccountNo": "1287000100989328", "UseForRefund": "true"}, {"IFSCCode": "PUNB0128700", "BankName": "PUNJAB NATIONAL BANK", "BankAccountNo": "1287002100017593", "UseForRefund": "true"}]}}, "Schedule80G": {"Don100Percent": {"TotDon100PercentCash": 0, "TotDon100PercentOtherMode": 0, "TotDon100Percent": 0, "TotEligibleDon100Percent": 0}, "Don50PercentNoApprReqd": {"TotDon50PercentNoApprReqdCash": 0, "TotDon50PercentNoApprReqdOtherMode": 0, "TotDon50PercentNoApprReqd": 0, "TotEligibleDon50Percent": 0}, "Don100PercentApprReqd": {"TotDon100PercentApprReqdCash": 0, "TotDon100PercentApprReqdOtherMode": 0, "TotDon100PercentApprReqd": 0, "TotEligibleDon100PercentApprReqd": 0}, "Don50PercentApprReqd": {"TotDon50PercentApprReqdCash": 0, "TotDon50PercentApprReqdOtherMode": 0, "TotDon50PercentApprReqd": 0, "TotEligibleDon50PercentApprReqd": 0}, "TotalDonationsUs80GCash": 0, "TotalDonationsUs80GOtherMode": 0, "TotalDonationsUs80G": 0, "TotalEligibleDonationsUs80G": 0}, "TaxExmpIntIncDtls": {"OthersInc": {"OthersTotalTaxExe": 0}}, "Verification": {"Declaration": {"AssesseeVerName": "SHEKAR RAVI", "FatherName": "SHEKAR", "AssesseeVerPAN": "AWVPS3636B"}, "Capacity": "S", "Place": "BANGALORE"}, "ScheduleBP": {"NatOfBus44AD": [{"NameOfBusiness": "RAVI ELECTRICAL WORKS", "CodeAD": "06010"}], "PersumptiveInc44AD": {"GrsTrnOverAnyOthMode": 5029300, "PersumptiveInc44AD8Per": 736896, "TotPersumptiveInc44AD": 736896}, "PersumptiveInc44AE": {"TotPersumInc44AE": 0, "TotalPersumptiveInc": 0, "IncChargeableUnderBus": 736896}, "TurnoverGrsRcptForGSTIN": [{"GSTINNo": "29AWVPS3636B1Z1", "AmtTurnGrossRcptGSTIN": 5029300}], "TotalTurnoverGrsRcptGSTIN": 5029300, "FinanclPartclrOfBusiness": {"SundryCreditors": 76540, "TotCapLiabilities": 76540, "Inventories": 187653, "SundryDebtors": 258763, "CashInHand": 24119, "TotalAssets": 470535}}, "ScheduleIT": {"TotalTaxPayments": 0}, "TDSonOthThanSals": {"TDSonOthThanSalDtls": [{"TANOfDeductor": "BRDV01071A", "BroughtFwdTDSAmt": 0, "TDSDeducted": 47194, "TDSClaimed": 47194, "GrossAmount": 4719300, "HeadOfIncome": "BP", "TDSCreditCarriedFwd": 0}, {"TANOfDeductor": "BRDV01071A", "BroughtFwdTDSAmt": 0, "TDSDeducted": 31000, "TDSClaimed": 31000, "GrossAmount": 310000, "HeadOfIncome": "BP", "TDSCreditCarriedFwd": 0}], "TotalTDSonOthThanSals": 78194}}}}