{"ITR": {"ITR3": {"CreationInfo": {"SWVersionNo": "2.22.10.2", "SWCreatedBy": "SW20000126", "JSONCreatedBy": "SW20000126", "JSONCreationDate": "2022-11-03", "IntermediaryCity": "JAIPUR", "Digest": "WSQM8/rSCngpZXViXPQcXOSzNSrXrScIWf7TAqmnGf0="}, "Form_ITR3": {"FormName": "ITR-3", "Description": "For indls and HUFs having income from a proprietory business or profession", "AssessmentYear": "2022", "SchemaVer": "Ver1.0", "FormVer": "Ver1.0"}, "PartA_GEN1": {"PersonalInfo": {"AssesseeName": {"FirstName": "ARUN", "MiddleName": "KUMAR", "SurNameOrOrgName": "SHARMA"}, "PAN": "AFLPS2051P", "Address": {"ResidenceNo": "K. SONS", "ResidenceName": "-", "RoadOrStreet": "KASAULI ROAD", "LocalityOrArea": "SECTOR-2", "CityOrTownOrDistrict": "PARWANOO", "StateCode": "13", "CountryCode": "91", "PinCode": 173220, "CountryCodeMobile": 91, "MobileNo": 9417237363, "EmailAddress": "cavibhorgarg@gmail.com"}, "DOB": "1961-07-22", "Status": "I", "AadhaarCardNo": "481020956221"}, "FilingStatus": {"ReturnFileSec": 11, "NewTaxRegime": "N", "OptingNewTaxRegime": 2, "SeventhProvisio139": "N", "ResidentialStatus": "RES", "ConditionsResStatus": "1", "BenefitUs115HFlg": "N", "PortugeseCC5A": "N", "AsseseeRepFlg": "N", "CompDirectorPrvYrFlg": "Y", "CompDirectorPrvYr": {"CompDirectorPrvYrDtls": [{"NameOfCompany": "VISION TELECOMMUNICATIONS INDIA PVT LTD", "CompanyType": "D", "PAN": "AAECV2082Q", "SharesTypes": "U", "DIN": "03023950"}, {"NameOfCompany": "GOLD TELECOMMUNICATIONS INDIA PVT LTD", "CompanyType": "D", "PAN": "AAFCG1436Q", "SharesTypes": "U", "DIN": "03023950"}]}, "PartnerInFirmFlg": "N", "HeldUnlistedEqShrPrYrFlg": "Y", "HeldUnlistedEqShrPrYr": {"HeldUnlistedEqShrPrYrDtls": [{"NameOfCompany": "GOLD TELECOMMUNICATION INDIA PVT LTD", "CompanyType": "D", "PAN": "AAFCG1436Q", "OpngBalNumberOfShares": 302500, "OpngBalCostOfAcquisition": 3025000, "ClsngBalNumberOfShares": 302500, "ClsngBalCostOfAcquisition": 3025000}, {"NameOfCompany": "VISION TELECOMMUNICATIONS INDIA PVT LTD", "CompanyType": "D", "PAN": "AAECV2082Q", "OpngBalNumberOfShares": 276000, "OpngBalCostOfAcquisition": 2760000, "ClsngBalNumberOfShares": 276000, "ClsngBalCostOfAcquisition": 2760000}]}, "NriSEPinIndia": "NA", "ForeignExchangeFlag": "N"}}, "PartA_GEN2": {"AuditInfo": {"LiableSec44AAflg": "N", "IncDclrdUs": "N", "TotalSalesExcOneCr": "M", "LiableSec44ABflg": "Y", "AuditAccountantFlg": "Y", "AuditReportFurnishDate": "2022-09-25", "AuditorName": "VIBHOR GARG", "AuditorMemNo": "506921", "AudFrmName": "VIBHOR GARG & CO", "AudFrmRegNo": "0021960N", "AudFrmPAN": "AARFV0744M", "AuditDate": "2022-09-23", "LiableSec92Eflg": "N", "AccountAuditFlag": "N"}, "NatOfBus": {"NatureOfBusiness": [{"Code": "09028", "TradeName1": "Ksons", "Description": "WHOLESALE & RETAIL Trade"}]}}, "PARTA_BS": {"FundSrc": {"PropFund": {"PropCap": 57519738, "ResrNSurp": {"RevResr": 0, "CapResr": 0, "StatResr": 0, "OthResr": 1111, "TotResrNSurp": 1111}, "TotPropFund": 57520849}, "LoanFunds": {"SecrLoan": {"ForeignCurrLoan": 0, "RupeeLoan": {"FrmBank": 75243407, "FrmOthrs": 0, "TotRupeeLoan": 75243407}, "TotSecrLoan": 75243407}, "UnsecrLoan": {"FrmBank": 0, "FrmOthrs": 717700, "TotUnSecrLoan": 717700}, "TotLoanFund": 75961107}, "DeferredTax": 0, "TotFundSrc": 133481956}, "FundApply": {"FixedAsset": {"GrossBlock": 5919295, "Depreciation": 835740, "NetBlock": 5083555, "CapWrkProg": 0, "TotFixedAsset": 5083555}, "Investments": {"LongTermInv": {"GovtOthSecQuoted": 0, "GovOthSecUnQoted": 0, "TotLongTermInv": 0}, "TradeInv": {"EquityShares": 0, "PreferShares": 0, "Debenture": 0, "TotTradeInv": 0}, "TotInvestments": 0}, "CurrAssetLoanAdv": {"CurrAsset": {"Inventories": {"StoresConsumables": 0, "RawMatl": 0, "StkInProcess": 0, "FinOrTradGood": 90273977, "TotInventries": 90273977}, "SndryDebtors": 41307212, "CashOrBankBal": {"CashinHand": 0, "BankBal": 0, "TotCashOrBankBal": 0}, "OthCurrAsset": 75542977, "TotCurrAsset": 207124166}, "LoanAdv": {"AdvRecoverable": 0, "Deposits": 0, "BalWithRevAuth": 0, "TotLoanAdv": 0}, "TotCurrAssetLoanAdv": 207124166, "CurrLiabilitiesProv": {"CurrLiabilities": {"SundryCred": 76844872, "LiabForLeasedAsset": 0, "AccrIntonLeasedAsset": 0, "AccrIntNotDue": 0, "TotCurrLiabilities": 76844872}, "Provisions": {"ITProvision": 0, "ELSuperAnnGratProvision": 0, "OthProvision": 1880893, "TotProvisions": 1880893}, "TotCurrLiabilitiesProvision": 78725765}, "NetCurrAsset": 128398401}, "MiscAdjust": {"MiscExpndr": 0, "DefTaxAsset": 0, "AccumaltedLosses": 0, "TotMiscAdjust": 0}, "TotFundApply": 133481956}, "NoBooksOfAccBS": {"TotSundryDbtAmt": 0, "TotSundryCrdAmt": 0, "TotStkInTradAmt": 0, "CashBalAmt": 0}}, "ManufacturingAccount": {"OpeningInventory": {"OpngStckRawMat": 0, "OpngStckWrkinPrgrs": 0, "OpngInvntryTotal": 0, "Purchases": 0, "DirectWages": 0, "DirectExpenses": 0, "CarriageInward": 0, "PowerAndFuel": 0, "OthDirectExpenses": 0, "IndirectWages": 0, "FactoryRentAndRates": 0, "FactoryInsurance": 0, "FactoryFuelAndPower": 0, "FactoryGeneralExpenses": 0, "DeprctnOfFactoryMachinery": 0, "TotalFactoryOverheads": 0, "TotalDebtsManfctrngAcc": 0}, "ClosingStock": {"ClsngStckRawMaterial": 0, "ClsngStckWrkInPrgrs": 0, "ClsngStckTotal": 0}, "CostOfGoodsPrdcd": 0}, "TradingAccount": {"SaleOfGoods": 1383029130, "SaleOfServices": 0, "OperatingRevenueTotal": 0, "SalesGrossReceiptsTotal": 1383029130, "GrossRcptFromProfession": 0, "ExciseCustomsVAT": {"UnionExciseDuty": 0, "ServiceTax": 0, "VATorSaleTax": 0, "CentralGoodServiceTax": 0, "StateGoodServiceTax": 0, "IntegratedGoodServiceTax": 0, "UnionTerrGoodServiceTax": 0, "OthDutyTaxCess": 0, "TotExciseCustomsVAT": 0}, "TotRevenueFrmOperations": 1383029130, "ClsngStckOfFinishedStcks": 90273977, "TardingAccTotCred": 1473303107, "OpngStckOfFinishedStcks": 71364166, "Purchases": 1366829140, "DirectExpenses": 441249, "CarriageInward": 0, "PowerAndFuel": 0, "OtherIncDtls": [{"NatureOfIncome": "DISCOUNT/INCENTIVE/SCHEME", "Amount": 441249}], "DirectExpensesTotal": 441249, "DutyTaxPay": {"ExciseCustomsVAT": {"CustomDuty": 0, "CounterVailDuty": 0, "SplAddDuty": 0, "UnionExciseDuty": 0, "ServiceTax": 0, "VATorSaleTax": 0, "CentralGoodServiceTax": 0, "StateGoodServiceTax": 0, "IntegratedGoodServiceTax": 0, "UnionTerrGoodServiceTax": 0, "OthDutyTaxCess": 0, "TotExciseCustomsVAT": 0}}, "GoodsCostPrdcdFrmMA": 0, "GrossProfitFrmBusProf": 34668552}, "PARTA_PL": {"CreditsToPL": {"GrossProfitTrnsfFrmTrdAcc": 34668552, "OthIncome": {"RentInc": 0, "Comissions": 0, "Dividends": 0, "InterestInc": 2918505, "ProfitOnSaleFixedAsset": 0, "ProfitOnInvChrSTT": 0, "ProfitOnOthInv": 0, "ProfitOnCurrFluct": 0, "ProfitOnCnvInvntryToCapAsst": 0, "ProfitOnAgriIncome": 0, "OtherIncDtls": [{"NatureOfIncome": "REBATE & DISCOUNT", "Amount": 366107}], "MiscOthIncome": 366107, "TotOthIncome": 3284612}, "TotCreditsToPL": 37953164}, "DebitsToPL": {"Freight": 0, "ConsumptionOfStores": 0, "PowerFuel": 0, "RentExpdr": 0, "RepairsBldg": 0, "RepairMach": 0, "EmployeeComp": {"SalsWages": 7916378, "Bonus": 0, "MedExpReimb": 0, "LeaveEncash": 0, "LeaveTravelBenft": 0, "ContToSuperAnnFund": 0, "ContToPF": 1209889, "ContToGratFund": 0, "ContToOthFund": 0, "OthEmpBenftExpdr": 0, "TotEmployeeComp": 9126267, "AmtPaidToNonRes": 0}, "Insurances": {"MedInsur": 0, "LifeInsur": 0, "KeyManInsur": 0, "OthInsur": 256386, "TotInsurances": 256386}, "StaffWelfareExp": 0, "Entertainment": 0, "Hospitality": 0, "Conference": 0, "SalePromoExp": 704206, "Advertisement": 0, "CommissionExpdrDtls": {"NonResOtherCompany": 0, "Others": 0, "Total": 0}, "RoyalityDtls": {"NonResOtherCompany": 0, "Others": 0, "Total": 0}, "ProfessionalConstDtls": {"NonResOtherCompany": 0, "Others": 0, "Total": 0}, "HotelBoardLodge": 0, "TravelExp": 2328404, "ForeignTravelExp": 0, "ConveyanceExp": 0, "TelephoneExp": 0, "GuestHouseExp": 0, "ClubExp": 0, "FestivalCelebExp": 0, "Scholarship": 0, "Gift": 0, "Donation": 11000, "RatesTaxesPays": {"ExciseCustomsVAT": {"UnionExciseDuty": 0, "ServiceTax": 0, "VATorSaleTax": 0, "Cess": 0, "CentralGoodServiceTax": 0, "StateGoodServiceTax": 0, "IntegratedGoodServiceTax": 0, "UnionTerrGoodServiceTax": 0, "OthDutyTaxCess": 0, "TotExciseCustomsVAT": 0}}, "AuditFee": 30000, "OtherExpensesDtls": [{"ExpenseNature": "BAD DEBTS", "Amount": 510862}, {"ExpenseNature": "BANK RELATED", "Amount": 2673820}, {"ExpenseNature": "FEES & TAXES", "Amount": 279257}, {"ExpenseNature": "FESTIVAL EXP", "Amount": 118100}, {"ExpenseNature": "FORWARDING EXP", "Amount": 2087071}, {"ExpenseNature": "OFFICE EXP", "Amount": 609866}, {"ExpenseNature": "PRINTING & STATIONERY", "Amount": 133770}, {"ExpenseNature": "RENT", "Amount": 767924}, {"ExpenseNature": "REPAIR & MAINTANENCE", "Amount": 110132}, {"ExpenseNature": "VEHICLE RUNNING & MAINTANENCE", "Amount": 187335}], "OtherExpenses": 7478137, "BadDebtDtls": {"BadDebtAmtDtlsTotal": 0, "OthersPANNotAvlblDtlTotal": 0, "OthersAmtLt1Lakh": 0, "BadDebt": 0}, "ProvForBadDoubtDebt": 0, "OthProvisionsExpdr": 0, "PBIDTA": 18018764, "InterestExpdrtDtls": {"NonResOtherCompany": 0, "Others": 0, "InterestExpdr": 0}, "DepreciationAmort": 835740, "PBT": 17183024}, "TaxProvAppr": {"ProvForCurrTax": 0, "ProvDefTax": 0, "ProfitAfterTax": 17183024, "BalBFPrevYr": 0, "AmtAvlAppr": 17183024, "TrfToReserves": 0, "ProprietorAccBalTrf": 17183024}, "PersumptiveInc44AD": {"GrsTrnOverOrReceipt": 0, "TotPersumptiveInc44AD": 0}, "PersumptiveInc44ADA": {"GrsReceipt": 0, "TotPersumptiveInc44ADA": 0}, "TotalNumOfMonths": 0, "TotalPrsumptvIncUs44EGoods": 0, "TotalPrsumptvIncUs44E": 0, "NoBooksOfAccPL": {"GrossReceipt": 0, "GrsRcptAccPayeeOrBankMode": 0, "GrsRcptOtherMode": 0, "GrossProfit": 0, "Expenses": 0, "NetProfit": 0, "GrossReceiptPrf": 0, "GrsRcptAccPayeeOrBankModePrf": 0, "GrsRcptOtherModePrf": 0, "GrossProfitPrf": 0, "ExpensesPrf": 0, "NetProfitPrf": 0, "TotBusinessProfession": 0}, "TurnverFrmSpecActivity": 0, "GrossProfit": 0, "Expenditure": 0, "NetIncomeFrmSpecActivity": 0}, "PARTA_OI": {"MethodOfAcct": "MERC", "ChangeInAcctMethFlg": "N", "ProfDeviatDueAcctMeth": 0, "DecProOrIncLossUs145_2": 0, "NoCredToPLAmt": {"Section28Items": 0, "ProformaCreditsDue": 0, "PrevYrEscalClaim": 0, "OthItemInc": 0, "CapReceipt": 0, "TotNoCredToPLAmt": 0}, "AmtDisallUs36": {"StkInsurPrem": 0, "EmpHealthInsurPrem": 0, "EmpBonusCommSum": 0, "IntOnBorrCap": 0, "ZeroCoupBondDisc": 0, "RecogPFContribAmt": 0, "AppSuperAnnFundAmt": 0, "PensionSchemeSec80CCD": 0, "AppGratFundAmt": 0, "OthFundAmt": 0, "EmpContributionCredits": 127007, "BadDebtDoubtAmt": 0, "BadDebtDoubtProvn": 0, "SpecResrvTranfr": 0, "FamPlanPromoExp": 0, "SecuritiesPaidAmt": 0, "MrktLossOthExpLossICDS": 0, "OthDisallowances": 0, "TotAmtDisallUs36": 127007}, "AmtDisallUs37": {"CapitalNatureExp": 0, "PersonalExp": 0, "BusOrProfessnExp": 0, "PoliticPartyExp": 0, "LawVoilatPenalExp": 0, "OthPenalFineExp": 0, "OffenceExp": 0, "ContigentLiability": 0, "OthAmtNotAllowUs37": 0, "TotAmtDisallUs37": 0}, "AmtDisallUs40": {"NonCompChapXVIIBAmt": 0, "NonComp40aiiChapXVIIBAmt": 0, "NonComp40aibChapXVIIBAmt": 0, "NonComp40aiiiChapXVIIBAmt": 0, "TaxAmtOnProfits": 0, "WTAmt": 0, "RolyatyOrServiceFee": 0, "IntSalBonPartner": 0, "OthDisallow": 0, "TotAmtDisallUs40": 0, "AmtDisallUs40PyNowAll": 0}, "AmtDisallUs40A": {"AmtPaidUs40A2b": 0, "AmtGT20kCash": 0, "ProvPmtGrat": 0, "ContToSetupTrust": 0, "OthDisallow": 0, "TotAmtDisallUs40A": 0}, "AmtDisallUs43BPyNowAll": {"AmtUs43B": {"TaxDutyCesAmt": 0, "ContToEmpPFSFGF": 0, "EmpBonusComm": 0, "IntPayaleToFI": 0, "SumPayaleLoanBrToFinComp": 0, "IntPayaleToFISchBank": 0, "LeaveEncashPayable": 0, "RailwayAssetsPayable": 0, "TotAmtUs43b": 0}}, "AmtDisall43B": {"AmtUs43B": {"TaxDutyCesAmt": 0, "ContToEmpPFSFGF": 0, "EmpBonusComm": 0, "IntPayaleToFI": 0, "SumPayaleLoanBrToFinComp": 0, "IntPayaleToFISchBank": 0, "LeaveEncashPayable": 0, "RailwayAssetsPayable": 0, "TotAmtUs43b": 0}}, "AmtExciseCustomsVATOutstanding": {"ExciseCustomsVAT": {"UnionExciseDuty": 0, "ServiceTax": 0, "VATorSaleTax": 0, "CentralGoodServiceTax": 0, "StateGoodServiceTax": 0, "IntegratedGoodServiceTax": 0, "UnionTerrGoodServiceTax": 0, "OthDutyTaxCess": 0, "TotExciseCustomsVAT": 0}}, "DeemedProfUs33ABs": 0, "DeemedProfUs33AB": 0, "DeemedProfUs33ABA": 0, "ProfTaxAmtUs41": 0, "PriorAmtIncCrDrPL": 0, "AmountOfExpDisAllwUs14A": 0, "ScheduleTPSAFlg": "N"}, "ScheduleS": {"Salaries": [{"NameOfEmployer": "VISION TELECOMMUNICATIONS PRIVATE LIMITED", "NatureOfEmployment": "OTH", "TANofEmployer": "RTKV03191G", "AddressDetail": {"AddrDetail": "CHANDIGARH, CHANDIGARH", "CityOrTownOrDistrict": "CHANDIGARH", "StateCode": "06", "PinCode": 160019}, "Salarys": {"GrossSalary": 6000000, "Salary": 6000000, "NatureOfSalary": {"OthersIncDtls": [{"NatureDesc": "1", "OthAmount": 6000000}]}, "ValueOfPerquisites": 0, "ProfitsinLieuOfSalary": 0, "IncomeNotified89A": 0, "IncomeNotifiedOther89A": 0}}], "TotalGrossSalary": 6000000, "AllwncExtentExemptUs10": 0, "Increliefus89A": 0, "NetSalary": 6000000, "DeductionUS16": 50000, "DeductionUnderSection16ia": 50000, "EntertainmntalwncUs16ii": 0, "ProfessionalTaxUs16iii": 0, "TotIncUnderHeadSalaries": 5950000}, "ScheduleHP": {"PropertyDetails": [{"HPSNo": 1, "AddressDetailWithZipCode": {"AddrDetail": "HIG 83, SECTOR 4, PARWANOO, PARWANOO", "CityOrTownOrDistrict": "PARWANOO", "StateCode": "13", "CountryCode": "91", "PinCode": 173220}, "PropertyOwner": "SE", "PropCoOwnedFlg": "NO", "AsseseeShareProperty": 100, "ifLetOut": "Y", "TenantDetails": [{"TenantSNo": 1, "NameofTenant": "HANUCHEM LABORATORIES", "PANTANofTenant": "MUMH09537D"}], "Rentdetails": {"AnnualLetableValue": 400000, "RentNotRealized": 0, "LocalTaxes": 0, "TotalUnrealizedAndTax": 0, "BalanceALV": 400000, "AnnualOfPropOwned": 400000, "ThirtyPercentOfBalance": 120000, "IntOnBorwCap": 0, "TotalDeduct": 120000, "ArrearsUnrealizedRentRcvd": 0, "IncomeOfHP": 280000}}], "PassThroghIncome": 0, "TotalIncomeChargeableUnHP": 280000}, "ITR3ScheduleBP": {"BusinessIncOthThanSpec": {"ProfBfrTaxPL": 17183024, "NetPLFromSpecBus": 0, "NetPLFromSpecifiedBus": 0, "IncRecCredPLOthHeadDtls": {"Salary": 0, "HouseProperty": 0, "CapitalGains": 0, "OtherSources": 0, "Dividend": 0, "OtherThanDividend": 0, "Us115BBF": 0, "Us115BBG": 0}, "PLUs44sChapXIIG": 0, "ProfitLossInclRefrdSec": {"ProfitLossUs44AD": 0, "ProfitLossUs44ADA": 0, "ProfitLossUs44AE": 0, "ProfitLossUs44B": 0, "ProfitLossUs44BB": 0, "ProfitLossUs44BBA": 0, "ProfitLossUs44DA": 0}, "TotalProfitFrmActCvrd": 0, "ProfitFrmActCvrd": {"ProfitFrmActCvrdUndrRule7": 0, "ProfitFrmActCvrdUndrRule7A": 0, "ProfitFrmActCvrdUndrRule7B1": 0, "ProfitFrmActCvrdUndrRule7B1A": 0, "ProfitFrmActCvrdUndrRule8": 0}, "IncCredPL": {"FirmShareInc": 0, "AOPBOISharInc": 0, "OthExempInc": 0, "TotExempIncPL": 0}, "BalancePLOthThanSpecBus": 17183024, "ExpDebToPLOthHeadDtls": {"Salary": 0, "HouseProperty": 0, "CapitalGains": 0, "OtherSources": 0, "Us115BBF": 0, "Us115BBG": 0}, "ExpDebToPLExemptInc": 0, "ExpDebToPLExemptIncDisAllwUs14A": 0, "TotExpDebPL": 0, "AdjustedPLOthThanSpecBus": 17183024, "DepreciationDebPLCosAct": 835740, "DepreciationAllowITAct32": {"DepreciationAllowUs32_1_ii": 824567, "DepreciationAllowUs32_1_i": 0, "TotDeprAllowITAct": 824567}, "AdjustPLAfterDeprOthSpecInc": 17194197, "AmtDebPLDisallowUs36": 127007, "AmtDebPLDisallowUs37": 0, "AmtDebPLDisallowUs40": 0, "AmtDebPLDisallowUs40A": 0, "AmtDebPLDisallowUs43B": 0, "InterestDisAllowUs23SMEAct": 0, "DeemIncUs41": 0, "DeemIncUs3380HHD80IA": 0, "DeemIncUs32AD": 0, "DeemIncUs35ABA": 0, "DeemIncUs35ABB": 0, "DeemIncUs40A3A": 0, "DeemIncUs72A": 0, "DeemIncUs80HHD": 0, "DeemIncUs80IA": 0, "DeemIncUs43CA": 0, "OthItemDisallowUs28To44DA": 11000, "AnyOthIncNotInclInExpDisallowPL": 0, "AnyOthIncNotInclInSalary": 0, "AnyOthIncNotInclInBonus": 0, "AnyOthIncNotInclInCommission": 0, "AnyOthIncNotInclInInterest": 0, "AnyOthIncNotInclInOthers": 0, "IncProfDecLossAccICDSAdj": 0, "TotAfterAddToPLDeprOthSpecInc": 138007, "DeductUs32_1_iii": 0, "DebPLUs35ExcessAmt": 0, "AmtDisallUs40NowAllow": 0, "AmtDisallUs43BNowAllow": 0, "AnyOthAmtAllDeduct": 0, "DecProfIncLossAccICDSAdj": 0, "TotDeductionAmts": 0, "PLAftAdjDedBusOthThanSpec": 17332204, "DeemedProfitBusUs": {"Section44AD": 0, "Section44ADA": 0, "Section44AE": 0, "Section44B": 0, "Section44BB": 0, "Section44BBA": 0, "Section44DA": 0, "TotDeemedProfitBusUs": 0}, "NetPLAftAdjBusOthThanSpec": 17332204, "NetPLBusOthThanSpec7A7B7C": 17332204, "ChrgblIncUndrRule7": 0, "DeemedChrgblIncUndrRule7A": 0, "DeemedChrgblIncUndrRule7B1": 0, "DeemedChrgblIncUndrRule7B1A": 0, "DeemedChrgblIncUndrRule8": 0, "IncomeOtherThanRule": 17332204, "BalIncDeemedFrmAgri": 0}, "SpecBusinessInc": {"NetPLFrmSpecBus": 0, "AdditionUs28to44DA": 0, "DeductUs28to44DA": 0, "AdjustedPLFrmSpecuBus": 0}, "SpecifiedBusinessInc": {"NetPLFrmSpecifiedBus": 0, "AddSec28to44DA": 0, "DedSec28to44DAOTDedSec35AD": 0, "ProfitLossSpecifiedBusiness": 0, "DeductionUs35AD": 0, "PLFrmSpecifiedBus": 0}, "IncChrgUnHdProftGain": 17332204, "BusSetoffCurrYr": {"LossSetOffOnBusLoss": 0, "SpeculativeInc": {"IncOfCurYrUnderThatHead": 0, "BusLossSetoff": 0, "IncOfCurYrAfterSetOff": 0}, "SpecifiedInc": {"IncOfCurYrUnderThatHead": 0, "BusLossSetoff": 0, "IncOfCurYrAfterSetOff": 0}, "TotLossSetOffOnBus": 0, "LossRemainSetOffOnBus": 0}}, "ScheduleDPM": {"PlantMachinery": {"Rate15": {"DepreciationDetail": {"WDVFirstDay": 5336695, "AdditionsGrThan180Days": 49306, "RealizationTotalPeriod": 0, "FullRateDeprAmt": 5386001, "AdditionsLessThan180Days": 0, "RealizationPeriodLessThan180days": 0, "HalfRateDeprAmt": 0, "DepreciationAtFullRate": 807900, "DepreciationAtHalfRate": 0, "AddlnDeprOnGT180DayAdditions": 0, "AddlnDeprOnLessThan180DayAdditions": 0, "AddlnDeprOnAssetLessThan180Days": 0, "TotalDepreciation": 807900, "DepDisAllowUs38_2": 99121, "NetAggregateDepreciation": 708779, "ProportionateAggDepreciation": 0, "ExpdrOnTrforSaleAsset": 0, "CapGainUs50": 0, "WDVLastDay": 4578101}}, "Rate40": {"DepreciationDetail": {"WDVFirstDay": 132178, "AdditionsGrThan180Days": 100847, "RealizationTotalPeriod": 0, "FullRateDeprAmt": 233025, "AdditionsLessThan180Days": 0, "RealizationPeriodLessThan180days": 0, "HalfRateDeprAmt": 0, "DepreciationAtFullRate": 93210, "DepreciationAtHalfRate": 0, "AddlnDeprOnGT180DayAdditions": 0, "AddlnDeprOnLessThan180DayAdditions": 0, "AddlnDeprOnAssetLessThan180Days": 0, "TotalDepreciation": 93210, "DepDisAllowUs38_2": 0, "NetAggregateDepreciation": 93210, "ProportionateAggDepreciation": 0, "ExpdrOnTrforSaleAsset": 0, "CapGainUs50": 0, "WDVLastDay": 139815}}}}, "ScheduleDOA": {"FurnitureFittings": {"Rate10": {"DepreciationDetail": {"WDVFirstDay": 204181, "AdditionsGrThan180Days": 21600, "RealizationTotalPeriod": 0, "FullRateDeprAmt": 225781, "AdditionsLessThan180Days": 0, "RealizationPeriodLessThan180days": 0, "HalfRateDeprAmt": 0, "DepreciationAtFullRate": 22578, "DepreciationAtHalfRate": 0, "TotalDepreciation": 22578, "DepDisAllowUs38_2": 0, "NetAggregateDepreciation": 22578, "ProportionateAggDepreciation": 0, "ExpdrOnTrforSaleAsset": 0, "CapGainUs50": 0, "WDVLastDay": 203203}}}}, "ScheduleDEP": {"SummaryFromDeprSch": {"PlantMachinerySummary": {"DeprBlockTot15Percent": 708779, "DeprBlockTot30Percent": 0, "DeprBlockTot40Percent": 93210, "DeprBlockTot45Percent": 0, "TotPlntMach": 801989}, "FurnitureSummary": 22578, "TotalDepreciation": 824567}}, "ScheduleESR": {"DeductionUs35": {"Section35_1_i": {"DeductUs35": {"AmtDebPL": 0, "AmtUs35Allowable": 0, "ExcessAmtOverDebPL": 0}}, "Section35_1_ii": {"DeductUs35": {"AmtDebPL": 0, "AmtUs35Allowable": 0, "ExcessAmtOverDebPL": 0}}, "Section35_1_iia": {"DeductUs35": {"AmtDebPL": 0, "AmtUs35Allowable": 0, "ExcessAmtOverDebPL": 0}}, "Section35_1_iii": {"DeductUs35": {"AmtDebPL": 0, "AmtUs35Allowable": 0, "ExcessAmtOverDebPL": 0}}, "Section35_1_iv": {"DeductUs35": {"AmtDebPL": 0, "AmtUs35Allowable": 0, "ExcessAmtOverDebPL": 0}}, "Section35_2AA": {"DeductUs35": {"AmtDebPL": 0, "AmtUs35Allowable": 0, "ExcessAmtOverDebPL": 0}}, "Section35_2AB": {"DeductUs35": {"AmtDebPL": 0, "AmtUs35Allowable": 0, "ExcessAmtOverDebPL": 0}}, "Section35_CCC": {"DeductUs35": {"AmtDebPL": 0, "AmtUs35Allowable": 0, "ExcessAmtOverDebPL": 0}}, "Section35_CCD": {"DeductUs35": {"AmtDebPL": 0, "AmtUs35Allowable": 0, "ExcessAmtOverDebPL": 0}}, "TotUs35": {"DeductUs35": {"AmtDebPL": 0, "AmtUs35Allowable": 0, "ExcessAmtOverDebPL": 0}}}}, "ScheduleCGFor23": {"ShortTermCapGainFor23": {"SaleofLandBuild": {"SaleofLandBuildDtls": [{"FullConsideration": 0, "PropertyValuation": 0, "FullConsideration50C": 0, "AquisitCost": 0, "ImproveCost": 0, "ExpOnTrans": 0, "TotalDedn": 0, "Balance": 0, "ExemptionOrDednUs54": {"ExemptionGrandTotal": 0}, "CapgainonAssets": 0}]}, "SlumpSaleInStcg": {"FMV11UAEii": 0, "FMV11UAEiii": 0, "FullConsideration": 0, "NetWorthOfDivision": 0, "CapgainonAssets": 0}, "EquityMFonSTT": [{"MFSectionCode": "1A", "EquityMFonSTTDtls": {"FullConsideration": 1501822, "DeductSec48": {"AquisitCost": 1500000, "ImproveCost": 0, "ExpOnTrans": 0, "TotalDedn": 1500000}, "BalanceCG": 1822, "LossSec94of7Or94of8": 0, "CapgainonAssets": 1822}}], "NRITransacSec48Dtl": {"NRItaxSTTPaid": 0, "NRItaxSTTNotPaid": 0}, "NRISecur115AD": {"FullValueConsdRecvUnqshr": 0, "FairMrktValueUnqshr": 0, "FullValueConsdSec50CA": 0, "FullValueConsdOthUnqshr": 0, "FullConsideration": 0, "DeductSec48": {"AquisitCost": 0, "ImproveCost": 0, "ExpOnTrans": 0, "TotalDedn": 0}, "BalanceCG": 0, "LossSec94of7Or94of8": 0, "CapgainonAssets": 0}, "SaleOnOtherAssets": {"FullValueConsdRecvUnqshr": 0, "FairMrktValueUnqshr": 0, "FullValueConsdSec50CA": 0, "FullValueConsdOthUnqshr": 0, "FullConsideration": 0, "DeductSec48": {"AquisitCost": 0, "ImproveCost": 0, "ExpOnTrans": 0, "TotalDedn": 0}, "BalanceCG": 0, "LossSec94of7Or94of8": 0, "DeemedStcgOnAssets": 0, "ExemptionOrDednUs54": {"ExemptionGrandTotal": 0}, "CapgainonAssets": 0}, "UnutilizedStcgFlag": "X", "TotalAmtDeemedStcg": 0, "PassThrIncNatureSTCG": 0, "PassThrIncNatureSTCG15Per": 0, "PassThrIncNatureSTCG30Per": 0, "PassThrIncNatureSTCGAppRate": 0, "TotalAmtNotTaxUsDTAAStcg": 0, "TotalAmtTaxUsDTAAStcg": 0, "TotalSTCG": 1822}, "LongTermCapGain23": {"SaleofLandBuild": {"SaleofLandBuildDtls": [{"DateofPurchase": "2011-05-24", "DateofSale": "2021-04-09", "FullConsideration": 15800000, "PropertyValuation": 15800000, "FullConsideration50C": 15800000, "AquisitCost": 8376000, "AquisitCostIndex": 14430391, "ImproveCost": 2568635, "ExpOnTrans": 0, "TotalDedn": 16999026, "Balance": -1199026, "CostOfImprovements": {"CostOfImprovementsDtls": [{"slno": 1, "ImproveCost": 1084488, "ImproveDate": "2020-21", "CostOfImpIndex": 1142135}, {"slno": 2, "ImproveCost": 900000, "ImproveDate": "2012-13", "CostOfImpIndex": 1426500}]}, "ExemptionOrDednUs54": {"ExemptionGrandTotal": 0}, "CapgainonAssets": -1199026, "TrnsfImmblPrprty": {"TrnsfImmblPrprtyDtls": [{"NameOfBuyer": "ASHWANI KUMAR BARARA", "AaadhaarOfBuyer": "805942712412", "PercentageShare": 60, "Amount": 7900000, "AddressOfProperty": "PLOT NO 1149 SECTOR 27 PANCHKULA", "StateCode": "12", "CountryCode": "91", "PinCode": 134116}, {"NameOfBuyer": "KETIKA BARARA", "AaadhaarOfBuyer": "200783534990", "PercentageShare": 40, "Amount": 7900000, "AddressOfProperty": "PLOT NO 1149 SECTOR 27 PANCHKULA", "StateCode": "12", "CountryCode": "91", "PinCode": 134116}]}}]}, "SlumpSaleInLtcg": {"FMV11UAEii": 0, "FMV11UAEiii": 0, "FullConsideration": 0, "NetWorthOfDivision": 0, "SlumpBalance": 0, "ExemptionOrDednUs54": {"ExemptionGrandTotal": 0}, "CapgainonAssets": 0}, "SaleofBondsDebntr": {"FullConsideration": 0, "DeductSec48": {"AquisitCost": 0, "ImproveCost": 0, "ExpOnTrans": 0, "TotalDedn": 0}, "BalanceCG": 0, "DeductionUs54F": 0, "CapgainonAssets": 0}, "SaleOfEquityShareUs112A": {"BalanceCG": 0, "DeductionUs54F": 0, "CapgainonAssets": 0}, "NRIProvisoSec48": {"LTCGWithoutBenefit": 0, "DeductionUs54F": 0, "BalanceCG": 0}, "NRISaleOfEquityShareUs112A": {"BalanceCG": 0, "DeductionUs54F": 0, "CapgainonAssets": 0}, "NRISaleofForeignAsset": {"SaleonSpecAsset": 0, "DednSpecAssetus115": 0, "BalonSpeciAsset": 0, "SaleOtherSpecAsset": 0, "DednOtherSpecAssetus115": 0, "BalOtherthanSpecAsset": 0}, "SaleofAssetNA": {"FullValueConsdRecvUnqshr": 0, "FairMrktValueUnqshr": 0, "FullValueConsdSec50CA": 0, "FullValueConsdOthUnqshr": 0, "FullConsideration": 0, "DeductSec48": {"AquisitCost": 0, "ImproveCost": 0, "ExpOnTrans": 0, "TotalDedn": 0}, "BalanceCG": 0, "ExemptionOrDednUs54": {"ExemptionGrandTotal": 0}, "CapgainonAssets": 0}, "TotalAmtDeemedLtcg": 0, "PassThrIncNatureLTCG": 0, "PassThrIncNatureLTCGUs112A": 0, "PassThrIncNatureLTCG10Per": 0, "PassThrIncNatureLTCG20Per": 0, "TotalAmtNotTaxUsDTAALtcg": 0, "TotalAmtTaxUsDTAALtcg": 0, "TotalLTCG": -1199026}, "TotScheduleCGFor23": 1822, "DeducClaimInfo": {"TotDeductClaim": 0}, "CurrYrLosses": {"InLossSetOff": {"StclSetoff15Per": 0, "StclSetoff30Per": 0, "StclSetoffAppRate": 0, "StclSetoffDTAARate": 0, "LtclSetOff10Per": 0, "LtclSetOff20Per": 1199026, "LtclSetOffDTAARate": 0}, "InStcg15Per": {"CurrYearIncome": 1822, "StclSetoff30Per": 0, "StclSetoffAppRate": 0, "StclSetoffDTAARate": 0, "CurrYrCapGain": 1822}, "InStcg30Per": {"CurrYearIncome": 0, "StclSetoff15Per": 0, "StclSetoffAppRate": 0, "StclSetoffDTAARate": 0, "CurrYrCapGain": 0}, "InStcgAppRate": {"CurrYearIncome": 0, "StclSetoff15Per": 0, "StclSetoff30Per": 0, "StclSetoffDTAARate": 0, "CurrYrCapGain": 0}, "InStcgDTAARate": {"CurrYearIncome": 0, "StclSetoff15Per": 0, "StclSetoff30Per": 0, "StclSetoffAppRate": 0, "CurrYrCapGain": 0}, "InLtcg10Per": {"CurrYearIncome": 0, "StclSetoff15Per": 0, "StclSetoff30Per": 0, "StclSetoffAppRate": 0, "StclSetoffDTAARate": 0, "LtclSetOff20Per": 0, "LtclSetOffDTAARate": 0, "CurrYrCapGain": 0}, "InLtcg20Per": {"CurrYearIncome": 0, "StclSetoff15Per": 0, "StclSetoff30Per": 0, "StclSetoffAppRate": 0, "StclSetoffDTAARate": 0, "LtclSetOff10Per": 0, "LtclSetOffDTAARate": 0, "CurrYrCapGain": 0}, "InLtcgDTAARate": {"CurrYearIncome": 0, "StclSetoff15Per": 0, "StclSetoff30Per": 0, "StclSetoffAppRate": 0, "StclSetoffDTAARate": 0, "LtclSetOff10Per": 0, "LtclSetOff20Per": 0, "CurrYrCapGain": 0}, "TotLossSetOff": {"StclSetoff15Per": 0, "StclSetoff30Per": 0, "StclSetoffAppRate": 0, "StclSetoffDTAARate": 0, "LtclSetOff10Per": 0, "LtclSetOff20Per": 0, "LtclSetOffDTAARate": 0}, "LossRemainSetOff": {"StclSetoff15Per": 0, "StclSetoff30Per": 0, "StclSetoffAppRate": 0, "StclSetoffDTAARate": 0, "LtclSetOff10Per": 0, "LtclSetOff20Per": 1199026, "LtclSetOffDTAARate": 0}}, "AccruOrRecOfCG": {"ShortTermUnder15Per": {"DateRange": {"Upto15Of6": 0, "Upto15Of9": 1822, "Up16Of9To15Of12": 0, "Up16Of12To15Of3": 0, "Up16Of3To31Of3": 0}}, "ShortTermUnder30Per": {"DateRange": {"Upto15Of6": 0, "Upto15Of9": 0, "Up16Of9To15Of12": 0, "Up16Of12To15Of3": 0, "Up16Of3To31Of3": 0}}, "ShortTermUnderAppRate": {"DateRange": {"Upto15Of6": 0, "Upto15Of9": 0, "Up16Of9To15Of12": 0, "Up16Of12To15Of3": 0, "Up16Of3To31Of3": 0}}, "ShortTermUnderDTAARate": {"DateRange": {"Upto15Of6": 0, "Upto15Of9": 0, "Up16Of9To15Of12": 0, "Up16Of12To15Of3": 0, "Up16Of3To31Of3": 0}}, "LongTermUnder10Per": {"DateRange": {"Upto15Of6": 0, "Upto15Of9": 0, "Up16Of9To15Of12": 0, "Up16Of12To15Of3": 0, "Up16Of3To31Of3": 0}}, "LongTermUnder20Per": {"DateRange": {"Upto15Of6": 0, "Upto15Of9": 0, "Up16Of9To15Of12": 0, "Up16Of12To15Of3": 0, "Up16Of3To31Of3": 0}}, "LongTermUnderDTAARate": {"DateRange": {"Upto15Of6": 0, "Upto15Of9": 0, "Up16Of9To15Of12": 0, "Up16Of12To15Of3": 0, "Up16Of3To31Of3": 0}}}}, "Schedule112A": {"SaleValue112A": 0, "CostAcqWithoutIndx112A": 0, "AcquisitionCost112A": 0, "LTCGBeforelowerB1B2112A": 0, "FairMktValueCapAst112A": 0, "ExpExclCnctTransfer112A": 0, "Deductions112A": 0, "Balance112A": 0}, "Schedule115AD": {"SaleValue115AD": 0, "CostAcqWithoutIndx115AD": 0, "AcquisitionCost115AD": 0, "LTCGBeforelowerB1B2115AD": 0, "FairMktValueCapAst115AD": 0, "ExpExclCnctTransfer115AD": 0, "Deductions115AD": 0, "Balance115AD": 0}, "ScheduleOS": {"IncOthThanOwnRaceHorse": {"GrossIncChrgblTaxAtAppRate": 0, "DividendGross": 0, "DividendOthThan22e": 0, "Dividend22e": 0, "InterestGross": 0, "IntrstFrmSavingBank": 0, "IntrstFrmTermDeposit": 0, "IntrstFrmIncmTaxRefund": 0, "NatofPassThrghIncome": 0, "IntrstFrmOthers": 0, "RentFromMachPlantBldgs": 0, "Tot562x": 0, "Aggrtvaluewithoutcons562x": 0, "Immovpropwithoutcons562x": 0, "Immovpropinadeqcons562x": 0, "Anyotherpropwithoutcons562x": 0, "Anyotherpropinadeqcons562x": 0, "FamilyPension": 0, "IncomeNotified89AOS": 0, "IncomeNotifiedOther89AOS": 0, "AnyOtherIncome": 0, "IncChargeableSpecialRates": 0, "LtryPzzlChrgblUs115BB": 0, "IncChrgblUs115BBE": 0, "CashCreditsUs68": 0, "UnExplndInvstmntsUs69": 0, "UnExplndMoneyUs69A": 0, "UnDsclsdInvstmntsUs69B": 0, "UnExplndExpndtrUs69C": 0, "AmtBrwdRepaidOnHundiUs69D": 0, "TaxAccumulatedBalRecPF": {"TotalIncomeBenefit": 0, "TotalTaxBenefit": 0}, "OthersGross": 0, "PassThrIncOSChrgblSplRate": 0, "IncChargblSplRateOS": {"TotalAmtTaxUsDTAASchOs": 0}, "Deductions": {"Expenses": 0, "UsrIntExp57": 0, "IntExp57": 0, "DeductionUs57iia": 0, "Depreciation": 0, "TotDeductions": 0}, "AmtNotDeductibleUs58": 0, "ProfitChargTaxUs59": 0, "Increliefus89AOS": 0, "BalanceNoRaceHorse": 0}, "TotOthSrcNoRaceHorse": 0, "IncFromOwnHorse": {"Receipts": 0, "DeductSec57": 0, "AmtNotDeductibleUs58": 0, "ProfitChargTaxUs59": 0, "BalanceOwnRaceHorse": 0}, "IncChargeable": 0, "DividendIncUs115BBDA": {"DateRange": {"Upto15Of6": 0, "Up16Of6To15Of9": 0, "Up16Of9To15Of12": 0, "Up16Of12To15Of3": 0, "Up16Of3To31Of3": 0}}, "IncFrmLottery": {"DateRange": {"Upto15Of6": 0, "Up16Of6To15Of9": 0, "Up16Of9To15Of12": 0, "Up16Of12To15Of3": 0, "Up16Of3To31Of3": 0}}, "DividendDTAA": {"DateRange": {"Upto15Of6": 0, "Up16Of6To15Of9": 0, "Up16Of9To15Of12": 0, "Up16Of12To15Of3": 0, "Up16Of3To31Of3": 0}}, "DividendIncUs115A1ai": {"DateRange": {"Upto15Of6": 0, "Up16Of6To15Of9": 0, "Up16Of9To15Of12": 0, "Up16Of12To15Of3": 0, "Up16Of3To31Of3": 0}}, "DividendIncUs115AC": {"DateRange": {"Upto15Of6": 0, "Up16Of6To15Of9": 0, "Up16Of9To15Of12": 0, "Up16Of12To15Of3": 0, "Up16Of3To31Of3": 0}}, "DividendIncUs115ACA": {"DateRange": {"Upto15Of6": 0, "Up16Of6To15Of9": 0, "Up16Of9To15Of12": 0, "Up16Of12To15Of3": 0, "Up16Of3To31Of3": 0}}, "DividendIncUs115AD1i": {"DateRange": {"Upto15Of6": 0, "Up16Of6To15Of9": 0, "Up16Of9To15Of12": 0, "Up16Of12To15Of3": 0, "Up16Of3To31Of3": 0}}, "NOT89A": {"DateRange": {"Upto15Of6": 0, "Up16Of6To15Of9": 0, "Up16Of9To15Of12": 0, "Up16Of12To15Of3": 0, "Up16Of3To31Of3": 0}}}, "ScheduleCYLA": {"Salary": {"IncCYLA": {"IncOfCurYrUnderThatHead": 5950000, "HPlossCurYrSetoff": 0, "OthSrcLossNoRaceHorseSetoff": 0, "IncOfCurYrAfterSetOff": 5950000}}, "HP": {"IncCYLA": {"IncOfCurYrUnderThatHead": 280000, "BusLossSetoff": 0, "OthSrcLossNoRaceHorseSetoff": 0, "IncOfCurYrAfterSetOff": 280000}}, "BusProfExclSpecProf": {"IncCYLA": {"IncOfCurYrUnderThatHead": 17332204, "HPlossCurYrSetoff": 0, "OthSrcLossNoRaceHorseSetoff": 0, "IncOfCurYrAfterSetOff": 17332204}}, "SpeculativeInc": {"IncCYLA": {"IncOfCurYrUnderThatHead": 0, "HPlossCurYrSetoff": 0, "OthSrcLossNoRaceHorseSetoff": 0, "IncOfCurYrAfterSetOff": 0}}, "SpecifiedInc": {"IncCYLA": {"IncOfCurYrUnderThatHead": 0, "HPlossCurYrSetoff": 0, "OthSrcLossNoRaceHorseSetoff": 0, "IncOfCurYrAfterSetOff": 0}}, "STCG15Per": {"IncCYLA": {"IncOfCurYrUnderThatHead": 1822, "HPlossCurYrSetoff": 0, "BusLossSetoff": 0, "OthSrcLossNoRaceHorseSetoff": 0, "IncOfCurYrAfterSetOff": 1822}}, "STCG30Per": {"IncCYLA": {"IncOfCurYrUnderThatHead": 0, "HPlossCurYrSetoff": 0, "BusLossSetoff": 0, "OthSrcLossNoRaceHorseSetoff": 0, "IncOfCurYrAfterSetOff": 0}}, "STCGAppRate": {"IncCYLA": {"IncOfCurYrUnderThatHead": 0, "HPlossCurYrSetoff": 0, "BusLossSetoff": 0, "OthSrcLossNoRaceHorseSetoff": 0, "IncOfCurYrAfterSetOff": 0}}, "STCGDTAARate": {"IncCYLA": {"IncOfCurYrUnderThatHead": 0, "HPlossCurYrSetoff": 0, "BusLossSetoff": 0, "OthSrcLossNoRaceHorseSetoff": 0, "IncOfCurYrAfterSetOff": 0}}, "LTCG10Per": {"IncCYLA": {"IncOfCurYrUnderThatHead": 0, "HPlossCurYrSetoff": 0, "BusLossSetoff": 0, "OthSrcLossNoRaceHorseSetoff": 0, "IncOfCurYrAfterSetOff": 0}}, "LTCG20Per": {"IncCYLA": {"IncOfCurYrUnderThatHead": 0, "HPlossCurYrSetoff": 0, "BusLossSetoff": 0, "OthSrcLossNoRaceHorseSetoff": 0, "IncOfCurYrAfterSetOff": 0}}, "LTCGDTAARate": {"IncCYLA": {"IncOfCurYrUnderThatHead": 0, "HPlossCurYrSetoff": 0, "BusLossSetoff": 0, "OthSrcLossNoRaceHorseSetoff": 0, "IncOfCurYrAfterSetOff": 0}}, "OthSrcExclRaceHorse": {"IncCYLA": {"IncOfCurYrUnderThatHead": 0, "HPlossCurYrSetoff": 0, "BusLossSetoff": 0, "IncOfCurYrAfterSetOff": 0}}, "OthSrcRaceHorse": {"IncCYLA": {"IncOfCurYrUnderThatHead": 0, "HPlossCurYrSetoff": 0, "BusLossSetoff": 0, "OthSrcLossNoRaceHorseSetoff": 0, "IncOfCurYrAfterSetOff": 0}}, "IncOSDTAA": {"IncCYLA": {"IncOfCurYrUnderThatHead": 0, "HPlossCurYrSetoff": 0, "BusLossSetoff": 0, "OthSrcLossNoRaceHorseSetoff": 0, "IncOfCurYrAfterSetOff": 0}}, "TotalCurYr": {"TotHPlossCurYr": 0, "TotBusLoss": 0, "TotOthSrcLossNoRaceHorse": 0}, "TotalLossSetOff": {"TotHPlossCurYrSetoff": 0, "TotBusLossSetoff": 0, "TotOthSrcLossNoRaceHorseSetoff": 0}, "LossRemAftSetOff": {"BalHPlossCurYrAftSetoff": 0, "BalBusLossAftSetoff": 0, "BalOthSrcLossNoRaceHorseAftSetoff": 0}}, "ScheduleBFLA": {"Salary": {"IncBFLA": {"IncOfCurYrUndHeadFromCYLA": 5950000, "IncOfCurYrAfterSetOffBFLosses": 5950000}}, "HP": {"IncBFLA": {"IncOfCurYrUndHeadFromCYLA": 280000, "BFlossPrevYrUndSameHeadSetoff": 0, "BFUnabsorbedDeprSetoff": 0, "BFAllUs35Cl4Setoff": 0, "IncOfCurYrAfterSetOffBFLosses": 280000}}, "BusProfExclSpecProf": {"IncBFLA": {"IncOfCurYrUndHeadFromCYLA": 17332204, "BFlossPrevYrUndSameHeadSetoff": 0, "BFUnabsorbedDeprSetoff": 0, "BFAllUs35Cl4Setoff": 0, "IncOfCurYrAfterSetOffBFLosses": 17332204}}, "SpeculativeInc": {"IncBFLA": {"IncOfCurYrUndHeadFromCYLA": 0, "BFlossPrevYrUndSameHeadSetoff": 0, "BFUnabsorbedDeprSetoff": 0, "BFAllUs35Cl4Setoff": 0, "IncOfCurYrAfterSetOffBFLosses": 0}}, "SpecifiedInc": {"IncBFLA": {"IncOfCurYrUndHeadFromCYLA": 0, "BFlossPrevYrUndSameHeadSetoff": 0, "BFUnabsorbedDeprSetoff": 0, "BFAllUs35Cl4Setoff": 0, "IncOfCurYrAfterSetOffBFLosses": 0}}, "STCG15Per": {"IncBFLA": {"IncOfCurYrUndHeadFromCYLA": 1822, "BFlossPrevYrUndSameHeadSetoff": 0, "BFUnabsorbedDeprSetoff": 0, "BFAllUs35Cl4Setoff": 0, "IncOfCurYrAfterSetOffBFLosses": 1822}}, "STCG30Per": {"IncBFLA": {"IncOfCurYrUndHeadFromCYLA": 0, "BFlossPrevYrUndSameHeadSetoff": 0, "BFUnabsorbedDeprSetoff": 0, "BFAllUs35Cl4Setoff": 0, "IncOfCurYrAfterSetOffBFLosses": 0}}, "STCGAppRate": {"IncBFLA": {"IncOfCurYrUndHeadFromCYLA": 0, "BFlossPrevYrUndSameHeadSetoff": 0, "BFUnabsorbedDeprSetoff": 0, "BFAllUs35Cl4Setoff": 0, "IncOfCurYrAfterSetOffBFLosses": 0}}, "STCGDTAARate": {"IncBFLA": {"IncOfCurYrUndHeadFromCYLA": 0, "BFlossPrevYrUndSameHeadSetoff": 0, "BFUnabsorbedDeprSetoff": 0, "BFAllUs35Cl4Setoff": 0, "IncOfCurYrAfterSetOffBFLosses": 0}}, "LTCG10Per": {"IncBFLA": {"IncOfCurYrUndHeadFromCYLA": 0, "BFlossPrevYrUndSameHeadSetoff": 0, "BFUnabsorbedDeprSetoff": 0, "BFAllUs35Cl4Setoff": 0, "IncOfCurYrAfterSetOffBFLosses": 0}}, "LTCG20Per": {"IncBFLA": {"IncOfCurYrUndHeadFromCYLA": 0, "BFlossPrevYrUndSameHeadSetoff": 0, "BFUnabsorbedDeprSetoff": 0, "BFAllUs35Cl4Setoff": 0, "IncOfCurYrAfterSetOffBFLosses": 0}}, "LTCGDTAARate": {"IncBFLA": {"IncOfCurYrUndHeadFromCYLA": 0, "BFlossPrevYrUndSameHeadSetoff": 0, "BFUnabsorbedDeprSetoff": 0, "BFAllUs35Cl4Setoff": 0, "IncOfCurYrAfterSetOffBFLosses": 0}}, "OthSrcExclRaceHorse": {"IncBFLA": {"IncOfCurYrUndHeadFromCYLA": 0, "BFUnabsorbedDeprSetoff": 0, "BFAllUs35Cl4Setoff": 0, "IncOfCurYrAfterSetOffBFLosses": 0}}, "OthSrcRaceHorse": {"IncBFLA": {"IncOfCurYrUndHeadFromCYLA": 0, "BFlossPrevYrUndSameHeadSetoff": 0, "BFUnabsorbedDeprSetoff": 0, "BFAllUs35Cl4Setoff": 0, "IncOfCurYrAfterSetOffBFLosses": 0}}, "IncOSDTAA": {"IncBFLA": {"IncOfCurYrUndHeadFromCYLA": 0, "BFUnabsorbedDeprSetoff": 0, "BFAllUs35Cl4Setoff": 0, "IncOfCurYrAfterSetOffBFLosses": 0}}, "TotalBFLossSetOff": {"TotBFLossSetoff": 0, "TotUnabsorbedDeprSetoff": 0, "TotAllUs35cl4Setoff": 0}, "IncomeOfCurrYrAftCYLABFLA": 23564026}, "ScheduleCFL": {"TotalOfBFLossesEarlierYrs": {"LossSummaryDetail": {"TotalHPPTILossCF": 0, "BusLossOthThanSpecLossCF": 0, "LossFrmSpecBusCF": 0, "LossFrmSpecifiedBusCF": 0, "TotalSTCGPTILossCF": 0, "TotalLTCGPTILossCF": 0, "OthSrcLossRaceHorseCF": 0}}, "AdjTotBFLossInBFLA": {"LossSummaryDetail": {"TotalHPPTILossCF": 0, "BusLossOthThanSpecLossCF": 0, "LossFrmSpecBusCF": 0, "LossFrmSpecifiedBusCF": 0, "TotalSTCGPTILossCF": 0, "TotalLTCGPTILossCF": 0, "OthSrcLossRaceHorseCF": 0}}, "CurrentAYloss": {"LossSummaryDetail": {"TotalHPPTILossCF": 0, "BusLossOthThanSpecLossCF": 0, "LossFrmSpecBusCF": 0, "LossFrmSpecifiedBusCF": 0, "TotalSTCGPTILossCF": 0, "TotalLTCGPTILossCF": 1199026, "OthSrcLossRaceHorseCF": 0}}, "TotalLossCFSummary": {"LossSummaryDetail": {"TotalHPPTILossCF": 0, "BusLossOthThanSpecLossCF": 0, "LossFrmSpecBusCF": 0, "LossFrmSpecifiedBusCF": 0, "TotalSTCGPTILossCF": 0, "TotalLTCGPTILossCF": 1199026, "OthSrcLossRaceHorseCF": 0}}}, "ScheduleICDS": {"AccPolicyAmt": 0, "InventoriesValue": 0, "ConstContractsAmt": 0, "RevenueRcgAmt": 0, "TangibleFixedAsset": 0, "ForeignExgRates": 0, "GovtGrants": 0, "Securities": 0, "BorrowingCosts": 0, "ProvAssets": 0, "TotalNetAmt": 0}, "Schedule80G": {"Don100Percent": {"TotDon100PercentCash": 0, "TotDon100PercentOtherMode": 0, "TotDon100Percent": 0, "TotEligibleDon100Percent": 0}, "Don50PercentNoApprReqd": {"TotDon50PercentNoApprReqdCash": 0, "TotDon50PercentNoApprReqdOtherMode": 0, "TotDon50PercentNoApprReqd": 0, "TotEligibleDon50Percent": 0}, "Don100PercentApprReqd": {"TotDon100PercentApprReqdCash": 0, "TotDon100PercentApprReqdOtherMode": 0, "TotDon100PercentApprReqd": 0, "TotEligibleDon100PercentApprReqd": 0}, "Don50PercentApprReqd": {"TotDon50PercentApprReqdCash": 0, "TotDon50PercentApprReqdOtherMode": 0, "TotDon50PercentApprReqd": 0, "TotEligibleDon50PercentApprReqd": 0}, "TotalDonationsUs80GCash": 0, "TotalDonationsUs80GOtherMode": 0, "TotalDonationsUs80G": 0, "TotalEligibleDonationsUs80G": 0}, "Schedule80D": {"Sec80DSelfFamSrCtznHealth": {"SeniorCitizenFlag": "S", "SelfAndFamily": 0, "HealthInsPremSlfFam": 0, "PrevHlthChckUpSlfFam": 0, "SelfAndFamilySeniorCitizen": 0, "HlthInsPremSlfFamSrCtzn": 0, "PrevHlthChckUpSlfFamSrCtzn": 0, "MedicalExpSlfFamSrCtzn": 0, "ParentsSeniorCitizenFlag": "P", "Parents": 0, "HlthInsPremParents": 0, "PrevHlthChckUpParents": 0, "ParentsSeniorCitizen": 0, "HlthInsPremParentsSrCtzn": 0, "PrevHlthChckUpParentsSrCtzn": 0, "MedicalExpParentsSrCtzn": 0, "EligibleAmountOfDedn": 0}}, "Schedule80GGA": {"TotalDonationAmtCash80GGA": 0, "TotalDonationAmtOtherMode80GGA": 0, "TotalDonationsUs80GGA": 0, "TotalEligibleDonationAmt80GGA": 0}, "ScheduleVIA": {"UsrDeductUndChapVIA": {"Section80C": 165248, "Section80CCC": 0, "Section80CCDEmployeeOrSE": 0, "Section80CCD1B": 0, "Section80CCDEmployer": 0, "Section80D": 0, "Section80DD": 0, "Section80DDB": 0, "Section80E": 0, "Section80EE": 0, "Section80EEA": 0, "Section80EEB": 0, "Section80G": 0, "Section80GG": 0, "Section80GGA": 0, "Section80GGC": 0, "TotPartBchapterVIA": 165248, "Section80IA": 0, "Section80IAB": 0, "Section80IB": 0, "Section80IBA": 0, "Section80IC": 0, "Section80JJA": 0, "Section80JJAA": 0, "Section80QQB": 0, "Section80RRB": 0, "TotPartCchapterVIA": 0, "Section80TTA": 0, "Section80TTB": 0, "Section80U": 0, "TotPartCAandDchapterVIA": 0, "TotalChapVIADeductions": 165248}, "DeductUndChapVIA": {"Section80C": 150000, "TotPartBchapterVIA": 150000, "TotPartCchapterVIA": 0, "TotPartCAandDchapterVIA": 0, "TotalChapVIADeductions": 150000}}, "ScheduleAMT": {"TotalIncItem11": 23414030, "AdjustmentSec115JC": {"DeductClaimSec6A": 0, "DeductClaimSec10AA": 0, "DeductClaimSec35AD": 0, "Total": 0}, "AdjustedUnderSec115JC": 23414030, "AdjustedUnderSec115JCIFSC": 0, "AdjustedUnderSec115JCOther": 23414030, "TaxPayableUnderSec115JC": 0}, "ScheduleAMTC": {"TaxSection115JC": 0, "TaxOthProvisions": 8884088, "AmtTaxCreditAvailable": 8884088, "ScheduleAMTCDtls": [{"AssYr": "2013-14", "AmtCreditFwd": 0, "AmtCreditSetOfEy": 0, "AmtCreditBalBroughtFwd": 0, "AmtCreditUtilized": 0, "BalAmtCreditCarryFwd": 0}, {"AssYr": "2014-15", "AmtCreditFwd": 0, "AmtCreditSetOfEy": 0, "AmtCreditBalBroughtFwd": 0, "AmtCreditUtilized": 0, "BalAmtCreditCarryFwd": 0}, {"AssYr": "2015-16", "AmtCreditFwd": 0, "AmtCreditSetOfEy": 0, "AmtCreditBalBroughtFwd": 0, "AmtCreditUtilized": 0, "BalAmtCreditCarryFwd": 0}, {"AssYr": "2016-17", "AmtCreditFwd": 0, "AmtCreditSetOfEy": 0, "AmtCreditBalBroughtFwd": 0, "AmtCreditUtilized": 0, "BalAmtCreditCarryFwd": 0}, {"AssYr": "2017-18", "AmtCreditFwd": 0, "AmtCreditSetOfEy": 0, "AmtCreditBalBroughtFwd": 0, "AmtCreditUtilized": 0, "BalAmtCreditCarryFwd": 0}, {"AssYr": "2018-19", "AmtCreditFwd": 0, "AmtCreditSetOfEy": 0, "AmtCreditBalBroughtFwd": 0, "AmtCreditUtilized": 0, "BalAmtCreditCarryFwd": 0}, {"AssYr": "2019-20", "AmtCreditFwd": 0, "AmtCreditSetOfEy": 0, "AmtCreditBalBroughtFwd": 0, "AmtCreditUtilized": 0, "BalAmtCreditCarryFwd": 0}, {"AssYr": "2020-21", "AmtCreditFwd": 0, "AmtCreditSetOfEy": 0, "AmtCreditBalBroughtFwd": 0, "AmtCreditUtilized": 0, "BalAmtCreditCarryFwd": 0}, {"AssYr": "2021-22", "AmtCreditFwd": 0, "AmtCreditSetOfEy": 0, "AmtCreditBalBroughtFwd": 0, "AmtCreditUtilized": 0, "BalAmtCreditCarryFwd": 0}], "CurrAssYr": "2022-23", "CurrYrAmtCreditFwd": 0, "CurrYrCreditCarryFwd": 0, "TotAMTGross": 0, "TotSetOffEys": 0, "TotBalBF": 0, "TotAmtCreditUtilisedCY": 0, "TotBalAMTCreditCF": 0, "TaxSection115JD": 0, "AmtLiabilityAvailable": 0}, "ScheduleSI": {"SplCodeRateTax": [{"SecCode": "1", "SplRatePercent": 1, "SplRateInc": 0, "SplRateIncTax": 0}, {"SecCode": "1A", "SplRatePercent": 15, "SplRateInc": 1822, "SplRateIncTax": 273}, {"SecCode": "21", "SplRatePercent": 20, "SplRateInc": 0, "SplRateIncTax": 0}, {"SecCode": "22", "SplRatePercent": 10, "SplRateInc": 0, "SplRateIncTax": 0}, {"SecCode": "21ciii", "SplRatePercent": 10, "SplRateInc": 0, "SplRateIncTax": 0}, {"SecCode": "2A", "SplRatePercent": 10, "SplRateInc": 0, "SplRateIncTax": 0}, {"SecCode": "5BB", "SplRatePercent": 30, "SplRateInc": 0, "SplRateIncTax": 0}, {"SecCode": "5ADii", "SplRatePercent": 30, "SplRateInc": 0, "SplRateIncTax": 0}, {"SecCode": "5ADiiiP", "SplRatePercent": 10, "SplRateInc": 0, "SplRateIncTax": 0}, {"SecCode": "5BBF_BP", "SplRatePercent": 10, "SplRateInc": 0, "SplRateIncTax": 0}, {"SecCode": "5BBG_BP", "SplRatePercent": 10, "SplRateInc": 0, "SplRateIncTax": 0}, {"SecCode": "DTAASTCG", "SplRatePercent": 1, "SplRateInc": 0, "SplRateIncTax": 0}, {"SecCode": "DTAALTCG", "SplRatePercent": 1, "SplRateInc": 0, "SplRateIncTax": 0}, {"SecCode": "DTAAOS", "SplRatePercent": 1, "SplRateInc": 0, "SplRateIncTax": 0}], "TotSplRateInc": 1822, "TotSplRateIncTax": 273}, "ScheduleAL": {"ImmovableDetails": [{"Description": "GODOWN", "AddressAL": {"ResidenceNo": "SEC 2", "ResidenceName": "PARWANOO", "RoadOrStreet": "PARWANOO", "LocalityOrArea": "PARWANOO", "CityOrTownOrDistrict": "PARWANOO", "StateCode": "13", "CountryCode": "91", "PinCode": 173200}, "Amount": 1250000}, {"Description": "HOUSE HIG 83", "AddressAL": {"ResidenceNo": "SEC 4", "ResidenceName": "PARWANOO", "RoadOrStreet": "PARWANOO", "LocalityOrArea": "PARWANOO", "CityOrTownOrDistrict": "PARWANOO", "StateCode": "13", "CountryCode": "91", "PinCode": 173200}, "Amount": 2500000}, {"Description": "PLOT (1/3 SHARE)", "AddressAL": {"ResidenceNo": "363", "ResidenceName": "SEC 21", "RoadOrStreet": "PANCHKULA", "LocalityOrArea": "PANCHKULA", "CityOrTownOrDistrict": "PANCHKULA", "StateCode": "12", "CountryCode": "91", "PinCode": 134112}, "Amount": 10900000}], "MovableAsset": {"DepositsInBank": 22381, "SharesAndSecurities": 0, "InsurancePolicies": 0, "LoansAndAdvancesGiven": 0, "CashInHand": 68400, "JewelleryBullionEtc": 2500000, "ArchCollDrawPaintSulpArt": 0, "VehiclYachtsBoatsAircrafts": 0}, "InterstAOPFlag": "N", "LiabilityInRelatAssets": 10108054}, "ScheduleGST": {"TurnoverGrsRcptForGSTIN": [{"GSTINNo": "02AFLPS2051P1Z6", "AmtTurnGrossRcptGSTIN": 1363143982}]}, "PartB-TI": {"Salaries": 5950000, "IncomeFromHP": 280000, "ProfBusGain": {"ProfGainNoSpecBus": 17332204, "ProfGainSpecBus": 0, "ProfGainSpecifiedBus": 0, "ProfIncome115BBF": 0, "TotProfBusGain": 17332204}, "CapGain": {"ShortTerm": {"ShortTerm15Per": 1822, "ShortTerm30Per": 0, "ShortTermAppRate": 0, "ShortTermSplRateDTAA": 0, "TotalShortTerm": 1822}, "LongTerm": {"LongTerm10Per": 0, "LongTerm20Per": 0, "LongTermSplRateDTAA": 0, "TotalLongTerm": 0}, "TotalCapGains": 1822}, "IncFromOS": {"OtherSrcThanOwnRaceHorse": 0, "IncChargblSplRate": 0, "FromOwnRaceHorse": 0, "TotIncFromOS": 0}, "TotalTI": 23564026, "CurrentYearLoss": 0, "BalanceAfterSetoffLosses": 23564026, "BroughtFwdLossesSetoff": 0, "GrossTotalIncome": 23564026, "IncChargeTaxSplRate111A112": 1822, "DeductionsUndSchVIADtl": {"PartBchapterVIA": 150000, "PartCchapterVIA": 0, "TotDeductUndSchVIA": 150000}, "DeductionsUnder10Aor10AA": 0, "TotalIncome": 23414030, "IncChargeableTaxSplRates": 1822, "NetAgricultureIncomeOrOtherIncomeForRate": 0, "AggregateIncome": 23412208, "LossesOfCurrentYearCarriedFwd": 1199026, "DeemedIncomeUs115JC": 23414030}, "PartB_TTI": {"ComputationOfTaxLiability": {"TaxPayableOnDeemedTI": {"TaxDeemedTISec115JC": 0, "SurchargeOnAboveCrore": 0, "EducationCess": 0, "TotalTax": 0}, "TaxPayableOnTI": {"TaxAtNormalRatesOnAggrInc": 6833662, "TaxAtSpecialRates": 273, "RebateOnAgriInc": 0, "TaxPayableOnTotInc": 6833935, "Rebate87A": 0, "TaxPayableOnRebate": 6833935, "Surcharge25ofSI": 0, "Surcharge25ofSIBeforeMarginal": 0, "SurchargeOnAboveCroreBeforeMarginal": 1708457, "SurchargeOnAboveCrore": 1708457, "TotalSurcharge": 1708457, "EducationCess": 341696, "GrossTaxLiability": 8884088}, "GrossTaxPayable": 8884088, "GrossTaxPay": {"TaxInc17": 8884088, "TaxDeferred17": 0, "TaxDeferredPayableCY": 0}, "CreditUS115JD": 0, "TaxPayAfterCreditUs115JD": 8884088, "TaxRelief": {"Section89": 0, "Section90": 0, "Section91": 0, "TotTaxRelief": 0}, "NetTaxLiability": 8884088, "IntrstPay": {"IntrstPayUs234A": 0, "IntrstPayUs234B": 196528, "IntrstPayUs234C": 195584, "LateFilingFee234F": 0, "TotalIntrstPay": 392112}, "AggregateTaxInterestLiability": 9276200}, "TaxPaid": {"TaxesPaid": {"AdvanceTax": 2400000, "TDS": 2764669, "TCS": 464124, "SelfAssessmentTax": 3647410, "TotalTaxesPaid": 9276203}, "BalTaxPayable": 0}, "Refund": {"RefundDue": 0, "BankAccountDtls": {"BankDtlsFlag": "Y", "AddtnlBankDetails": [{"IFSCCode": "SBIN0006403", "BankName": "STATE BANK OF INDIA", "BankAccountNo": "33789374984", "UseForRefund": "true"}, {"IFSCCode": "PUNB0291200", "BankName": "PUNJAB NATIONAL BANK", "BankAccountNo": "2912000101150134", "UseForRefund": "true"}, {"IFSCCode": "SBIN0006403", "BankName": "STATE BANK OF INDIA", "BankAccountNo": "37216997813", "UseForRefund": "false"}]}}, "AssetOutIndiaFlag": "NO"}, "ScheduleIT": {"TaxPayment": [{"BSRCode": "0013283", "DateDep": "2021-06-15", "SrlNoOfChaln": 13000, "Amt": 400000}, {"BSRCode": "0004329", "DateDep": "2021-12-15", "SrlNoOfChaln": 4924, "Amt": 1000000}, {"BSRCode": "0013283", "DateDep": "2022-03-15", "SrlNoOfChaln": 38511, "Amt": 1000000}, {"BSRCode": "0011349", "DateDep": "2022-09-30", "SrlNoOfChaln": 83003, "Amt": 3524560}, {"BSRCode": "0013283", "DateDep": "2022-10-31", "SrlNoOfChaln": 5445, "Amt": 122850}], "TotalTaxPayments": 6047410}, "ScheduleTDS1": {"TDSonSalary": [{"EmployerOrDeductorOrCollectDetl": {"TAN": "RTKV03191G", "EmployerOrDeductorOrCollecterName": "VISION TELECOMMUNCATIONS INDIA PRIVATE LIMITED"}, "IncChrgSal": 6000000, "TotalTDSSal": 2152800}], "TotalTDSonSalaries": 2152800}, "ScheduleTDS2": {"TDSOthThanSalaryDtls": [{"TDSCreditName": "S", "TANOfDeductor": "BLRX00230G", "BroughtFwdTDSAmt": 0, "TaxDeductCreditDtls": {"TaxDeductedOwnHands": 84752, "TaxClaimedOwnHands": 84752}, "GrossAmount": 8474992, "HeadOfIncome": "BP", "AmtCarriedFwd": 0}, {"TDSCreditName": "S", "TANOfDeductor": "DELS43198B", "BroughtFwdTDSAmt": 0, "TaxDeductCreditDtls": {"TaxDeductedOwnHands": 53, "TaxClaimedOwnHands": 53}, "GrossAmount": 1045, "HeadOfIncome": "BP", "AmtCarriedFwd": 0}, {"TDSCreditName": "S", "TANOfDeductor": "MUMH09537D", "BroughtFwdTDSAmt": 0, "TaxDeductCreditDtls": {"TaxDeductedOwnHands": 40000, "TaxClaimedOwnHands": 40000}, "GrossAmount": 400000, "HeadOfIncome": "HP", "AmtCarriedFwd": 0}, {"TDSCreditName": "S", "TANOfDeductor": "MUMS86168F", "BroughtFwdTDSAmt": 0, "TaxDeductCreditDtls": {"TaxDeductedOwnHands": 294505, "TaxClaimedOwnHands": 294505}, "GrossAmount": 2944911, "HeadOfIncome": "BP", "AmtCarriedFwd": 0}, {"TDSCreditName": "S", "TANOfDeductor": "PTLC11260E", "BroughtFwdTDSAmt": 0, "TaxDeductCreditDtls": {"TaxDeductedOwnHands": 17560, "TaxClaimedOwnHands": 17560}, "GrossAmount": 17560653, "HeadOfIncome": "BP", "AmtCarriedFwd": 0}, {"TDSCreditName": "S", "TANOfDeductor": "PTLG19557G", "BroughtFwdTDSAmt": 0, "TaxDeductCreditDtls": {"TaxDeductedOwnHands": 18900, "TaxClaimedOwnHands": 18900}, "GrossAmount": 18882394, "HeadOfIncome": "BP", "AmtCarriedFwd": 0}, {"TDSCreditName": "S", "TANOfDeductor": "PTLP17986D", "BroughtFwdTDSAmt": 0, "TaxDeductCreditDtls": {"TaxDeductedOwnHands": 7974, "TaxClaimedOwnHands": 7974}, "GrossAmount": 7974006, "HeadOfIncome": "BP", "AmtCarriedFwd": 0}, {"TDSCreditName": "S", "TANOfDeductor": "PTLU11228A", "BroughtFwdTDSAmt": 0, "TaxDeductCreditDtls": {"TaxDeductedOwnHands": 0, "TaxClaimedOwnHands": 0}, "AmtCarriedFwd": 0}], "TotalTDSonOthThanSals": 463744}, "ScheduleTDS3": {"TDS3onOthThanSalDtls": [{"TDSCreditName": "S", "PANOfBuyerTenant": "AFFPB9133D", "BroughtFwdTDSAmt": 0, "TaxDeductCreditDtls": {"TaxDeductedOwnHands": 59250, "TaxClaimedOwnHands": 59250}, "GrossAmount": 5925000, "HeadOfIncome": "CG", "AmtCarriedFwd": 0}, {"TDSCreditName": "S", "PANOfBuyerTenant": "ADPPB0158G", "BroughtFwdTDSAmt": 0, "TaxDeductCreditDtls": {"TaxDeductedOwnHands": 59250, "TaxClaimedOwnHands": 59250}, "GrossAmount": 5925000, "HeadOfIncome": "CG", "AmtCarriedFwd": 0}, {"TDSCreditName": "S", "PANOfBuyerTenant": "AFFPB9133D", "DeductedYr": 2020, "BroughtFwdTDSAmt": 3375, "TaxDeductCreditDtls": {"TaxDeductedOwnHands": 0, "TaxClaimedOwnHands": 3375}, "GrossAmount": 450000, "HeadOfIncome": "CG", "AmtCarriedFwd": 0}, {"TDSCreditName": "S", "PANOfBuyerTenant": "ADPPB0158G", "DeductedYr": 2020, "BroughtFwdTDSAmt": 26250, "TaxDeductCreditDtls": {"TaxDeductedOwnHands": 0, "TaxClaimedOwnHands": 26250}, "GrossAmount": 3500000, "HeadOfIncome": "CG", "AmtCarriedFwd": 0}], "TotalTDS3OnOthThanSal": 148125}, "ScheduleTCS": {"TCS": [{"EmployerOrDeductorOrCollectDetl": {"TAN": "BLRX00230G", "EmployerOrDeductorOrCollecterName": "XIAOMI TECHNOLOGY INDIA PRIVATE LIMITED"}, "TotalTCS": 464124, "AmtTCSClaimedThisYear": 464124, "AmtCarriedFwd": 0}], "TotalSchTCS": 464124}, "Verification": {"Declaration": {"AssesseeVerName": "ARUN KUMAR SHARMA", "FatherName": "SH. K.K. SHARMA", "AssesseeVerPAN": "AFLPS2051P"}, "Capacity": "S"}}}}