{"ITR": {"ITR3": {"CreationInfo": {"SWVersionNo": "2.22.3", "SWCreatedBy": "SW20000126", "JSONCreatedBy": "SW20000126", "JSONCreationDate": "2022-03-11", "IntermediaryCity": "JAIPUR", "Digest": "d+yGuqsPUTY7oMsntXrOo9MpYbXL9ZNGhYP9zNAF1dA="}, "Form_ITR3": {"FormName": "ITR-3", "Description": "For indls and HUFs having income from a proprietory business or profession", "AssessmentYear": "2021", "SchemaVer": "Ver1.1", "FormVer": "Ver1.0"}, "PartA_GEN1": {"PersonalInfo": {"AssesseeName": {"FirstName": "ARUN", "MiddleName": "KUMAR", "SurNameOrOrgName": "SHARMA"}, "PAN": "AFLPS2051P", "Address": {"ResidenceNo": "K. SONS", "ResidenceName": "-", "RoadOrStreet": "KASAULI ROAD", "LocalityOrArea": "SECTOR-2", "CityOrTownOrDistrict": "PARWANOO", "StateCode": "13", "CountryCode": "91", "PinCode": 173220, "CountryCodeMobile": 91, "MobileNo": 9417237363, "EmailAddress": "cavibhorgarg@gmail.com"}, "DOB": "1961-07-22", "Status": "I", "AadhaarCardNo": "481020956221"}, "FilingStatus": {"ReturnFileSec": 11, "NewTaxRegime": "N", "SeventhProvisio139": "N", "ResidentialStatus": "RES", "ConditionsResStatus": "1", "BenefitUs115HFlg": "N", "PortugeseCC5A": "N", "AsseseeRepFlg": "N", "CompDirectorPrvYrFlg": "Y", "CompDirectorPrvYr": {"CompDirectorPrvYrDtls": [{"NameOfCompany": "VISION TELECOMMUNICATIONS INDIA PVT LTD", "CompanyType": "D", "PAN": "AAECV2082Q", "SharesTypes": "U", "DIN": "03023950"}, {"NameOfCompany": "GOLD TELECOMMUNICATIONS INDIA PVT LTD", "CompanyType": "D", "PAN": "AAFCG1436Q", "SharesTypes": "U", "DIN": "03023950"}]}, "PartnerInFirmFlg": "N", "HeldUnlistedEqShrPrYrFlg": "Y", "HeldUnlistedEqShrPrYr": {"HeldUnlistedEqShrPrYrDtls": [{"NameOfCompany": "GOLD TELECOMMUNICATION INDIA PVT LTD", "CompanyType": "D", "PAN": "AAFCG1436Q", "OpngBalNumberOfShares": 302500, "OpngBalCostOfAcquisition": "3025000.00", "ClsngBalNumberOfShares": 302500, "ClsngBalCostOfAcquisition": "3025000.00"}, {"NameOfCompany": "VISION TELECOMMUNICATIONS INDIA PVT LTD", "CompanyType": "D", "PAN": "AAECV2082Q", "OpngBalNumberOfShares": 276000, "OpngBalCostOfAcquisition": "2760000.00", "ClsngBalNumberOfShares": 276000, "ClsngBalCostOfAcquisition": "2760000.00"}]}, "ForeignExchangeFlag": "N"}}, "PartA_GEN2": {"AuditInfo": {"LiableSec44AAflg": "N", "IncDclrdUs": "N", "TotalSalesExcOneCr": "N", "LiableSec44ABflg": "Y", "AuditAccountantFlg": "Y", "AuditReportFurnishDate": "2022-01-28", "AuditorName": "VIBHOR GARG", "AuditorMemNo": "506921", "AudFrmName": "VIBHOR GARG & CO", "AudFrmRegNo": "0021960N", "AudFrmPAN": "AARFV0744M", "AuditDate": "2022-01-05", "LiableSec92Eflg": "N", "AccountAuditFlag": "N"}, "NatOfBus": {"NatureOfBusiness": [{"Code": "09028", "TradeName1": "Ksons", "Description": "WHOLESALE & RETAIL Trade"}]}}, "PARTA_BS": {"FundSrc": {"PropFund": {"PropCap": 40997166, "ResrNSurp": {"RevResr": 0, "CapResr": 0, "StatResr": 0, "OthResr": 1111, "TotResrNSurp": 1111}, "TotPropFund": 40998277}, "LoanFunds": {"SecrLoan": {"ForeignCurrLoan": 0, "RupeeLoan": {"FrmBank": 27468733, "FrmOthrs": 0, "TotRupeeLoan": 27468733}, "TotSecrLoan": 27468733}, "UnsecrLoan": {"FrmBank": 0, "FrmOthrs": 717700, "TotUnSecrLoan": 717700}, "TotLoanFund": 28186433}, "DeferredTax": 0, "TotFundSrc": 69184710}, "FundApply": {"FixedAsset": {"GrossBlock": 6391561, "Depreciation": 644019, "NetBlock": 5747542, "CapWrkProg": 0, "TotFixedAsset": 5747542}, "Investments": {"LongTermInv": {"GovtOthSecQuoted": 0, "GovOthSecUnQoted": 0, "TotLongTermInv": 0}, "TradeInv": {"EquityShares": 0, "PreferShares": 0, "Debenture": 0, "TotTradeInv": 0}, "TotInvestments": 0}, "CurrAssetLoanAdv": {"CurrAsset": {"Inventories": {"StoresConsumables": 0, "RawMatl": 0, "StkInProcess": 0, "FinOrTradGood": 71364166, "TotInventries": 71364166}, "SndryDebtors": 26677943, "CashOrBankBal": {"CashinHand": 94237, "BankBal": 33991931, "TotCashOrBankBal": 34086168}, "OthCurrAsset": 10170697, "TotCurrAsset": 142298974}, "LoanAdv": {"AdvRecoverable": 0, "Deposits": 171564, "BalWithRevAuth": 0, "TotLoanAdv": 171564}, "TotCurrAssetLoanAdv": 142470538, "CurrLiabilitiesProv": {"CurrLiabilities": {"SundryCred": 73518453, "LiabForLeasedAsset": 0, "AccrIntonLeasedAsset": 0, "AccrIntNotDue": 0, "TotCurrLiabilities": 73518453}, "Provisions": {"ITProvision": 0, "ELSuperAnnGratProvision": 0, "OthProvision": 5514917, "TotProvisions": 5514917}, "TotCurrLiabilitiesProvision": 79033370}, "NetCurrAsset": 63437168}, "MiscAdjust": {"MiscExpndr": 0, "DefTaxAsset": 0, "AccumaltedLosses": 0, "TotMiscAdjust": 0}, "TotFundApply": 69184710}, "NoBooksOfAccBS": {"TotSundryDbtAmt": 0, "TotSundryCrdAmt": 0, "TotStkInTradAmt": 0, "CashBalAmt": 0}}, "ManufacturingAccount": {"OpeningInventory": {"OpngStckRawMat": 0, "OpngStckWrkinPrgrs": 0, "OpngInvntryTotal": 0, "Purchases": 0, "DirectWages": 0, "DirectExpenses": 0, "CarriageInward": 0, "PowerAndFuel": 0, "OthDirectExpenses": 0, "IndirectWages": 0, "FactoryRentAndRates": 0, "FactoryInsurance": 0, "FactoryFuelAndPower": 0, "FactoryGeneralExpenses": 0, "DeprctnOfFactoryMachinery": 0, "TotalFactoryOverheads": 0, "TotalDebtsManfctrngAcc": 0}, "ClosingStock": {"ClsngStckRawMaterial": 0, "ClsngStckWrkInPrgrs": 0, "ClsngStckTotal": 0}, "CostOfGoodsPrdcd": 0}, "TradingAccount": {"SaleOfGoods": 1253780517, "SaleOfServices": 0, "OperatingRevenueTotal": 0, "SalesGrossReceiptsTotal": 1253780517, "GrossRcptFromProfession": 0, "ExciseCustomsVAT": {"UnionExciseDuty": 0, "ServiceTax": 0, "VATorSaleTax": 0, "CentralGoodServiceTax": 0, "StateGoodServiceTax": 0, "IntegratedGoodServiceTax": 0, "UnionTerrGoodServiceTax": 0, "OthDutyTaxCess": 0, "TotExciseCustomsVAT": 0}, "TotRevenueFrmOperations": 1253780517, "ClsngStckOfFinishedStcks": 71364166, "TardingAccTotCred": 1325144683, "OpngStckOfFinishedStcks": 57468574, "Purchases": 1237489747, "DirectExpenses": 0, "CarriageInward": 0, "PowerAndFuel": 0, "DirectExpensesTotal": 0, "DutyTaxPay": {"ExciseCustomsVAT": {"CustomDuty": 0, "CounterVailDuty": 0, "SplAddDuty": 0, "UnionExciseDuty": 0, "ServiceTax": 0, "VATorSaleTax": 0, "CentralGoodServiceTax": 0, "StateGoodServiceTax": 0, "IntegratedGoodServiceTax": 0, "UnionTerrGoodServiceTax": 0, "OthDutyTaxCess": 0, "TotExciseCustomsVAT": 0}}, "GoodsCostPrdcdFrmMA": 0, "GrossProfitFrmBusProf": 30186362}, "PARTA_PL": {"CreditsToPL": {"GrossProfitTrnsfFrmTrdAcc": 30186362, "OthIncome": {"RentInc": 0, "Comissions": 0, "Dividends": 0, "InterestInc": 2037834, "ProfitOnSaleFixedAsset": 0, "ProfitOnInvChrSTT": 0, "ProfitOnOthInv": 0, "ProfitOnCurrFluct": 0, "ProfitOnCnvInvntryToCapAsst": 0, "ProfitOnAgriIncome": 0, "OtherIncDtls": [{"NatureOfIncome": "DISCOUNT RECEIVED", "Amount": 35270}, {"NatureOfIncome": "Other Income", "Amount": 14678}], "MiscOthIncome": 49948, "TotOthIncome": 2087782}, "TotCreditsToPL": 32274144}, "DebitsToPL": {"Freight": 0, "ConsumptionOfStores": 0, "PowerFuel": 0, "RentExpdr": 815338, "RepairsBldg": 0, "RepairMach": 0, "EmployeeComp": {"SalsWages": 4759186, "Bonus": 0, "MedExpReimb": 0, "LeaveEncash": 0, "LeaveTravelBenft": 0, "ContToSuperAnnFund": 0, "ContToPF": 951798, "ContToGratFund": 0, "ContToOthFund": 0, "OthEmpBenftExpdr": 0, "TotEmployeeComp": 5710984, "AnyCompPaidToNonRes": "N", "AmtPaidToNonRes": 0}, "Insurances": {"MedInsur": 0, "LifeInsur": 0, "KeyManInsur": 0, "OthInsur": 80004, "TotInsurances": 80004}, "StaffWelfareExp": 0, "Entertainment": 0, "Hospitality": 0, "Conference": 0, "SalePromoExp": 0, "Advertisement": 0, "CommissionExpdrDtls": {"NonResOtherCompany": 0, "Others": 12500, "Total": 12500}, "RoyalityDtls": {"NonResOtherCompany": 0, "Others": 0, "Total": 0}, "ProfessionalConstDtls": {"NonResOtherCompany": 0, "Others": 20000, "Total": 20000}, "HotelBoardLodge": 0, "TravelExp": 2421216, "ForeignTravelExp": 0, "ConveyanceExp": 0, "TelephoneExp": 0, "GuestHouseExp": 0, "ClubExp": 0, "FestivalCelebExp": 0, "Scholarship": 0, "Gift": 0, "Donation": 254359, "RatesTaxesPays": {"ExciseCustomsVAT": {"UnionExciseDuty": 0, "ServiceTax": 0, "VATorSaleTax": 0, "Cess": 0, "CentralGoodServiceTax": 0, "StateGoodServiceTax": 0, "IntegratedGoodServiceTax": 0, "UnionTerrGoodServiceTax": 0, "OthDutyTaxCess": 79728, "TotExciseCustomsVAT": 79728}}, "AuditFee": 25000, "OtherExpensesDtls": [{"ExpenseNature": "BAD DEBTS", "Amount": 3172740}, {"ExpenseNature": "BANK RELATED EXP", "Amount": 1337915}, {"ExpenseNature": "BUSINESS PROMOTION", "Amount": 404640}, {"ExpenseNature": "FESTIVAL & INCENTIVE EXP", "Amount": 167000}, {"ExpenseNature": "FORWARDING & TRAVELLING EXP", "Amount": 2302197}, {"ExpenseNature": "OFFICE EXP.", "Amount": 723009}, {"ExpenseNature": "PRINTING & STATIONARY EXP", "Amount": 168135}, {"ExpenseNature": "REPAIRS & MAINTANCE EXP.", "Amount": 72135}, {"ExpenseNature": "VEHICLE RUNNING & MAINTANCE EXPENSES", "Amount": 386643}], "OtherExpenses": 8734414, "BadDebtDtls": {"BadDebtAmtDtlsTotal": 0, "OthersPANNotAvlblDtlTotal": 0, "OthersAmtLt1Lakh": 0, "BadDebt": 0}, "ProvForBadDoubtDebt": 0, "OthProvisionsExpdr": 0, "PBIDTA": 14120601, "InterestExpdrtDtls": {"NonResOtherCompany": 0, "Others": 0, "InterestExpdr": 0}, "DepreciationAmort": 644019, "PBT": 13476582}, "TaxProvAppr": {"ProvForCurrTax": 0, "ProvDefTax": 0, "ProfitAfterTax": 13476582, "BalBFPrevYr": 0, "AmtAvlAppr": 13476582, "TrfToReserves": 0, "ProprietorAccBalTrf": 13476582}, "PersumptiveInc44AD": {"GrsTrnOverOrReceipt": 0, "TotPersumptiveInc44AD": 0}, "PersumptiveInc44ADA": {"GrsReceipt": 0, "TotPersumptiveInc44ADA": 0}, "TotalNumOfMonths": 0, "TotalPrsumptvIncUs44EGoods": 0, "TotalPrsumptvIncUs44E": 0, "NoBooksOfAccPL": {"GrossReceipt": 0, "GrsRcptAccPayeeOrBankMode": 0, "GrsRcptOtherMode": 0, "GrossProfit": 0, "Expenses": 0, "NetProfit": 0, "GrossReceiptPrf": 0, "GrsRcptAccPayeeOrBankModePrf": 0, "GrsRcptOtherModePrf": 0, "GrossProfitPrf": 0, "ExpensesPrf": 0, "NetProfitPrf": 0, "TotBusinessProfession": 0}, "TurnverFrmSpecActivity": 0, "GrossProfit": 0, "Expenditure": 0, "NetIncomeFrmSpecActivity": 0}, "PARTA_OI": {"MethodOfAcct": "MERC", "ChangeInAcctMethFlg": "N", "ProfDeviatDueAcctMeth": 0, "DecProOrIncLossUs145_2": 0, "NoCredToPLAmt": {"Section28Items": 0, "ProformaCreditsDue": 0, "PrevYrEscalClaim": 0, "OthItemInc": 0, "CapReceipt": 0, "TotNoCredToPLAmt": 0}, "AmtDisallUs36": {"StkInsurPrem": 0, "EmpHealthInsurPrem": 0, "EmpBonusCommSum": 0, "IntOnBorrCap": 0, "ZeroCoupBondDisc": 0, "RecogPFContribAmt": 0, "AppSuperAnnFundAmt": 0, "PensionSchemeSec80CCD": 0, "AppGratFundAmt": 0, "OthFundAmt": 0, "EmpContributionCredits": 0, "BadDebtDoubtAmt": 0, "BadDebtDoubtProvn": 0, "SpecResrvTranfr": 0, "FamPlanPromoExp": 0, "SecuritiesPaidAmt": 0, "MrktLossOthExpLossICDS": 0, "OthDisallowances": 0, "TotAmtDisallUs36": 0}, "AmtDisallUs37": {"CapitalNatureExp": 0, "PersonalExp": 0, "BusOrProfessnExp": 0, "PoliticPartyExp": 0, "LawVoilatPenalExp": 0, "OthPenalFineExp": 0, "OffenceExp": 0, "ContigentLiability": 0, "OthAmtNotAllowUs37": 0, "TotAmtDisallUs37": 0}, "AmtDisallUs40": {"NonCompChapXVIIBAmt": 0, "NonComp40aiiChapXVIIBAmt": 0, "NonComp40aibChapXVIIBAmt": 0, "NonComp40aiiiChapXVIIBAmt": 0, "TaxAmtOnProfits": 0, "WTAmt": 0, "RolyatyOrServiceFee": 0, "IntSalBonPartner": 0, "OthDisallow": 0, "TotAmtDisallUs40": 0, "AmtDisallUs40PyNowAll": 0}, "AmtDisallUs40A": {"AmtPaidUs40A2b": 0, "AmtGT20kCash": 0, "ProvPmtGrat": 0, "ContToSetupTrust": 0, "OthDisallow": 0, "TotAmtDisallUs40A": 0}, "AmtDisallUs43BPyNowAll": {"AmtUs43B": {"TaxDutyCesAmt": 0, "ContToEmpPFSFGF": 0, "EmpBonusComm": 0, "IntPayaleToFI": 0, "SumPayaleLoanBrToFinComp": 0, "IntPayaleToFISchBank": 0, "LeaveEncashPayable": 0, "RailwayAssetsPayable": 0, "TotAmtUs43b": 0}}, "AmtDisall43B": {"AmtUs43B": {"TaxDutyCesAmt": 0, "ContToEmpPFSFGF": 0, "EmpBonusComm": 0, "IntPayaleToFI": 0, "SumPayaleLoanBrToFinComp": 0, "IntPayaleToFISchBank": 0, "LeaveEncashPayable": 0, "RailwayAssetsPayable": 0, "TotAmtUs43b": 0}}, "AmtExciseCustomsVATOutstanding": {"ExciseCustomsVAT": {"UnionExciseDuty": 0, "ServiceTax": 0, "VATorSaleTax": 0, "CentralGoodServiceTax": 0, "StateGoodServiceTax": 0, "IntegratedGoodServiceTax": 0, "UnionTerrGoodServiceTax": 0, "OthDutyTaxCess": 0, "TotExciseCustomsVAT": 0}}, "DeemedProfUs33ABs": 0, "DeemedProfUs33AB": 0, "DeemedProfUs33ABA": 0, "ProfTaxAmtUs41": 0, "PriorAmtIncCrDrPL": 0, "AmountOfExpDisAllwUs14A": 0, "ScheduleTPSAFlg": "N"}, "ScheduleS": {"Salaries": [{"NameOfEmployer": "VISION TELECOMMUNICATIONS PRIVATE LIMITED", "NatureOfEmployment": "OTH", "TANofEmployer": "RTKV03191G", "AddressDetail": {"AddrDetail": "CHANDIGARH, CHANDIGARH", "CityOrTownOrDistrict": "CHANDIGARH", "StateCode": "06", "PinCode": 160019}, "Salarys": {"GrossSalary": 3000000, "Salary": 3000000, "NatureOfSalary": {"OthersIncDtls": [{"NatureDesc": "1", "OthAmount": 3000000}]}, "ValueOfPerquisites": 0, "ProfitsinLieuOfSalary": 0}}], "TotalGrossSalary": 3000000, "AllwncExtentExemptUs10": 0, "NetSalary": 3000000, "DeductionUS16": 50000, "DeductionUnderSection16ia": 50000, "EntertainmntalwncUs16ii": 0, "ProfessionalTaxUs16iii": 0, "TotIncUnderHeadSalaries": 2950000}, "ITR3ScheduleBP": {"BusinessIncOthThanSpec": {"ProfBfrTaxPL": 13476582, "NetPLFromSpecBus": 0, "NetPLFromSpecifiedBus": 0, "IncRecCredPLOthHeadDtls": {"Salary": 0, "HouseProperty": 0, "CapitalGains": 0, "OtherSources": 0, "Dividend": 0, "OtherThanDividend": 0, "Us115BBF": 0, "Us115BBG": 0}, "PLUs44sChapXIIG": 0, "ProfitLossInclRefrdSec": {"ProfitLossUs44AD": 0, "ProfitLossUs44ADA": 0, "ProfitLossUs44AE": 0, "ProfitLossUs44B": 0, "ProfitLossUs44BB": 0, "ProfitLossUs44BBA": 0, "ProfitLossUs44DA": 0}, "TotalProfitFrmActCvrd": 0, "ProfitFrmActCvrd": {"ProfitFrmActCvrdUndrRule7": 0, "ProfitFrmActCvrdUndrRule7A": 0, "ProfitFrmActCvrdUndrRule7B1": 0, "ProfitFrmActCvrdUndrRule7B1A": 0, "ProfitFrmActCvrdUndrRule8": 0}, "IncCredPL": {"FirmShareInc": 0, "AOPBOISharInc": 0, "OthExempInc": 0, "TotExempIncPL": 0}, "BalancePLOthThanSpecBus": 13476582, "ExpDebToPLOthHeadDtls": {"Salary": 0, "HouseProperty": 0, "CapitalGains": 0, "OtherSources": 0, "Dividend": 0, "OtherThanDividend": 0, "Us115BBF": 0, "Us115BBG": 0}, "ExpDebToPLExemptInc": 0, "TotExpDebPL": 0, "AdjustedPLOthThanSpecBus": 13476582, "DepreciationDebPLCosAct": 644019, "DepreciationAllowITAct32": {"DepreciationAllowUs32_1_ii": 644018, "DepreciationAllowUs32_1_i": 0, "TotDeprAllowITAct": 644018}, "AdjustPLAfterDeprOthSpecInc": 13476583, "AmtDebPLDisallowUs36": 0, "AmtDebPLDisallowUs37": 0, "AmtDebPLDisallowUs40": 0, "AmtDebPLDisallowUs40A": 0, "AmtDebPLDisallowUs43B": 0, "InterestDisAllowUs23SMEAct": 0, "DeemIncUs41": 0, "DeemIncUs3380HHD80IA": 0, "DeemIncUs32AD": 0, "DeemIncUs35ABA": 0, "DeemIncUs35ABB": 0, "DeemIncUs40A3A": 0, "DeemIncUs72A": 0, "DeemIncUs80HHD": 0, "DeemIncUs80IA": 0, "DeemIncUs43CA": 0, "OthItemDisallowUs28To44DA": 223113, "AnyOthIncNotInclInExpDisallowPL": 0, "AnyOthIncNotInclInSalary": 0, "AnyOthIncNotInclInBonus": 0, "AnyOthIncNotInclInCommission": 0, "AnyOthIncNotInclInInterest": 0, "AnyOthIncNotInclInOthers": 0, "IncProfDecLossAccICDSAdj": 0, "TotAfterAddToPLDeprOthSpecInc": 223113, "DeductUs32_1_iii": 0, "DeductUs32_AD": 0, "DebPLUs35ExcessAmt": 0, "AmtDisallUs40NowAllow": 0, "AmtDisallUs43BNowAllow": 0, "AnyOthAmtAllDeduct": 0, "DecProfIncLossAccICDSAdj": 0, "TotDeductionAmts": 0, "PLAftAdjDedBusOthThanSpec": 13699696, "DeemedProfitBusUs": {"Section44AD": 0, "Section44ADA": 0, "Section44AE": 0, "Section44BB": 0, "Section44BBA": 0, "TotDeemedProfitBusUs": 0}, "NetPLAftAdjBusOthThanSpec": 13699696, "NetPLBusOthThanSpec7A7B7C": 13699696, "ChrgblIncUndrRule7": 0, "DeemedChrgblIncUndrRule7A": 0, "DeemedChrgblIncUndrRule7B1": 0, "DeemedChrgblIncUndrRule7B1A": 0, "DeemedChrgblIncUndrRule8": 0, "IncomeOtherThanRule": 13699696, "BalIncDeemedFrmAgri": 0}, "SpecBusinessInc": {"NetPLFrmSpecBus": 0, "AdditionUs28to44DA": 0, "DeductUs28to44DA": 0, "AdjustedPLFrmSpecuBus": 0}, "SpecifiedBusinessInc": {"NetPLFrmSpecifiedBus": 0, "AddSec28to44DA": 0, "DedSec28to44DAOTDedSec35AD": 0, "ProfitLossSpecifiedBusiness": 0, "DeductionUs35AD": 0, "PLFrmSpecifiedBus": 0}, "IncChrgUnHdProftGain": 13699696, "BusSetoffCurrYr": {"LossSetOffOnBusLoss": 0, "SpeculativeInc": {"IncOfCurYrUnderThatHead": 0, "BusLossSetoff": 0, "IncOfCurYrAfterSetOff": 0}, "SpecifiedInc": {"IncOfCurYrUnderThatHead": 0, "BusLossSetoff": 0, "IncOfCurYrAfterSetOff": 0}, "TotLossSetOffOnBus": 0, "LossRemainSetOffOnBus": 0}}, "ScheduleDPM": {"PlantMachinery": {"Rate15": {"DepreciationDetail": {"WDVFirstDay": 2495513, "AdjustAccTax115BACAmt": 0, "AdjustedWDVFirstDay": 2495513, "AdditionsGrThan180Days": 36449, "RealizationTotalPeriod": 250000, "FullRateDeprAmt": 2281962, "AdditionsLessThan180Days": 3672462, "RealizationPeriodLessThan180days": 0, "HalfRateDeprAmt": 3672462, "DepreciationAtFullRate": 342294, "DepreciationAtHalfRate": 275435, "AddlnDeprOnGT180DayAdditions": 0, "AddlnDeprOnLessThan180DayAdditions": 0, "AddlnDeprOnAssetLessThan180Days": 0, "TotalDepreciation": 617729, "DepDisAllowUs38_2": 74488, "NetAggregateDepreciation": 543241, "ProportionateAggDepreciation": 0, "ExpdrOnTrforSaleAsset": 0, "CapGainUs50": 0, "WDVLastDay": 5336695}}, "Rate40": {"DepreciationDetail": {"WDVFirstDay": 140776, "AdjustAccTax115BACAmt": 0, "AdjustedWDVFirstDay": 140776, "AdditionsGrThan180Days": 39407, "RealizationTotalPeriod": 0, "FullRateDeprAmt": 180183, "AdditionsLessThan180Days": 30085, "RealizationPeriodLessThan180days": 0, "HalfRateDeprAmt": 30085, "DepreciationAtFullRate": 72073, "DepreciationAtHalfRate": 6017, "AddlnDeprOnGT180DayAdditions": 0, "AddlnDeprOnLessThan180DayAdditions": 0, "AddlnDeprOnAssetLessThan180Days": 0, "TotalDepreciation": 78090, "DepDisAllowUs38_2": 0, "NetAggregateDepreciation": 78090, "ProportionateAggDepreciation": 0, "ExpdrOnTrforSaleAsset": 0, "CapGainUs50": 0, "WDVLastDay": 132178}}}}, "ScheduleDOA": {"FurnitureFittings": {"Rate10": {"DepreciationDetail": {"WDVFirstDay": 226868, "AdditionsGrThan180Days": 0, "RealizationTotalPeriod": 0, "FullRateDeprAmt": 226868, "AdditionsLessThan180Days": 0, "RealizationPeriodLessThan180days": 0, "HalfRateDeprAmt": 0, "DepreciationAtFullRate": 22687, "DepreciationAtHalfRate": 0, "TotalDepreciation": 22687, "DepDisAllowUs38_2": 0, "NetAggregateDepreciation": 22687, "ProportionateAggDepreciation": 0, "ExpdrOnTrforSaleAsset": 0, "CapGainUs50": 0, "WDVLastDay": 204181}}}}, "ScheduleDEP": {"SummaryFromDeprSch": {"PlantMachinerySummary": {"DeprBlockTot15Percent": 543241, "DeprBlockTot30Percent": 0, "DeprBlockTot40Percent": 78090, "DeprBlockTot45Percent": 0, "TotPlntMach": 621331}, "FurnitureSummary": 22687, "TotalDepreciation": 644018}}, "ScheduleESR": {"DeductionUs35": {"Section35_1_i": {"DeductUs35": {"AmtDebPL": 0, "AmtUs35Allowable": 0, "ExcessAmtOverDebPL": 0}}, "Section35_1_ii": {"DeductUs35": {"AmtDebPL": 0, "AmtUs35Allowable": 0, "ExcessAmtOverDebPL": 0}}, "Section35_1_iia": {"DeductUs35": {"AmtDebPL": 0, "AmtUs35Allowable": 0, "ExcessAmtOverDebPL": 0}}, "Section35_1_iii": {"DeductUs35": {"AmtDebPL": 0, "AmtUs35Allowable": 0, "ExcessAmtOverDebPL": 0}}, "Section35_1_iv": {"DeductUs35": {"AmtDebPL": 0, "AmtUs35Allowable": 0, "ExcessAmtOverDebPL": 0}}, "Section35_2AA": {"DeductUs35": {"AmtDebPL": 0, "AmtUs35Allowable": 0, "ExcessAmtOverDebPL": 0}}, "Section35_2AB": {"DeductUs35": {"AmtDebPL": 0, "AmtUs35Allowable": 0, "ExcessAmtOverDebPL": 0}}, "Section35_CCC": {"DeductUs35": {"AmtDebPL": 0, "AmtUs35Allowable": 0, "ExcessAmtOverDebPL": 0}}, "Section35_CCD": {"DeductUs35": {"AmtDebPL": 0, "AmtUs35Allowable": 0, "ExcessAmtOverDebPL": 0}}, "TotUs35": {"DeductUs35": {"AmtDebPL": 0, "AmtUs35Allowable": 0, "ExcessAmtOverDebPL": 0}}}}, "ScheduleCGFor23": {"ShortTermCapGainFor23": {"SaleofLandBuild": {"SaleofLandBuildDtls": [{"FullConsideration": 0, "PropertyValuation": 0, "FullConsideration50C": 0, "AquisitCost": 0, "ImproveCost": 0, "ExpOnTrans": 0, "TotalDedn": 0, "Balance": 0, "ExemptionOrDednUs54": {"ExemptionGrandTotal": 0}, "CapgainonAssets": 0}]}, "SlumpSaleInStcg": {"FullConsideration": 0, "NetWorthOfDivision": 0, "CapgainonAssets": 0}, "NRITransacSec48Dtl": {"NRItaxSTTPaid": 0, "NRItaxSTTNotPaid": 0}, "NRISecur115AD": {"FullValueConsdRecvUnqshr": 0, "FairMrktValueUnqshr": 0, "FullValueConsdSec50CA": 0, "FullValueConsdOthUnqshr": 0, "FullConsideration": 0, "DeductSec48": {"AquisitCost": 0, "ImproveCost": 0, "ExpOnTrans": 0, "TotalDedn": 0}, "BalanceCG": 0, "LossSec94of7Or94of8": 0, "CapgainonAssets": 0}, "SaleOnOtherAssets": {"FullValueConsdRecvUnqshr": 0, "FairMrktValueUnqshr": 0, "FullValueConsdSec50CA": 0, "FullValueConsdOthUnqshr": 0, "FullConsideration": 0, "DeductSec48": {"AquisitCost": 0, "ImproveCost": 0, "ExpOnTrans": 0, "TotalDedn": 0}, "BalanceCG": 0, "LossSec94of7Or94of8": 0, "DeemedStcgOnAssets": 0, "ExemptionOrDednUs54": {"ExemptionGrandTotal": 0}, "CapgainonAssets": 0}, "UnutilizedStcgFlag": "X", "TotalAmtDeemedStcg": 0, "PassThrIncNatureSTCG": 0, "PassThrIncNatureSTCG15Per": 0, "PassThrIncNatureSTCG30Per": 0, "PassThrIncNatureSTCGAppRate": 0, "TotalAmtNotTaxUsDTAAStcg": 0, "TotalAmtTaxUsDTAAStcg": 0, "TotalSTCG": 0}, "LongTermCapGain23": {"SaleofLandBuild": {"SaleofLandBuildDtls": [{"FullConsideration": 0, "PropertyValuation": 0, "FullConsideration50C": 0, "AquisitCost": 0, "AquisitCostIndex": 0, "ImproveCost": 0, "ExpOnTrans": 0, "TotalDedn": 0, "Balance": 0, "ExemptionOrDednUs54": {"ExemptionGrandTotal": 0}, "CapgainonAssets": 0}]}, "SlumpSaleInLtcg": {"FullConsideration": 0, "NetWorthOfDivision": 0, "SlumpBalance": 0, "ExemptionOrDednUs54": {"ExemptionGrandTotal": 0}, "CapgainonAssets": 0}, "SaleofBondsDebntr": {"FullConsideration": 0, "DeductSec48": {"AquisitCost": 0, "ImproveCost": 0, "ExpOnTrans": 0, "TotalDedn": 0}, "BalanceCG": 0, "DeductionUs54F": 0, "CapgainonAssets": 0}, "SaleOfEquityShareUs112A": {"BalanceCG": 0, "DeductionUs54F": 0, "CapgainonAssets": 0}, "NRIProvisoSec48": {"LTCGWithoutBenefit": 0, "DeductionUs54F": 0, "BalanceCG": 0}, "NRISaleOfEquityShareUs112A": {"BalanceCG": 0, "DeductionUs54F": 0, "CapgainonAssets": 0}, "NRISaleofForeignAsset": {"SaleonSpecAsset": 0, "DednSpecAssetus115": 0, "BalonSpeciAsset": 0, "SaleOtherSpecAsset": 0, "DednOtherSpecAssetus115": 0, "BalOtherthanSpecAsset": 0}, "SaleofAssetNA": {"FullValueConsdRecvUnqshr": 0, "FairMrktValueUnqshr": 0, "FullValueConsdSec50CA": 0, "FullValueConsdOthUnqshr": 0, "FullConsideration": 0, "DeductSec48": {"AquisitCost": 0, "ImproveCost": 0, "ExpOnTrans": 0, "TotalDedn": 0}, "BalanceCG": 0, "ExemptionOrDednUs54": {"ExemptionGrandTotal": 0}, "CapgainonAssets": 0}, "TotalAmtDeemedLtcg": 0, "PassThrIncNatureLTCG": 0, "PassThrIncNatureLTCGUs112A": 0, "PassThrIncNatureLTCG10Per": 0, "PassThrIncNatureLTCG20Per": 0, "TotalAmtNotTaxUsDTAALtcg": 0, "TotalAmtTaxUsDTAALtcg": 0, "TotalLTCG": 0}, "TotScheduleCGFor23": 0, "DeducClaimInfo": {"TotDeductClaim": 0}, "CurrYrLosses": {"InLossSetOff": {"StclSetoff15Per": 0, "StclSetoff30Per": 0, "StclSetoffAppRate": 0, "StclSetoffDTAARate": 0, "LtclSetOff10Per": 0, "LtclSetOff20Per": 0, "LtclSetOffDTAARate": 0}, "InStcg15Per": {"CurrYearIncome": 0, "StclSetoff30Per": 0, "StclSetoffAppRate": 0, "StclSetoffDTAARate": 0, "CurrYrCapGain": 0}, "InStcg30Per": {"CurrYearIncome": 0, "StclSetoff15Per": 0, "StclSetoffAppRate": 0, "StclSetoffDTAARate": 0, "CurrYrCapGain": 0}, "InStcgAppRate": {"CurrYearIncome": 0, "StclSetoff15Per": 0, "StclSetoff30Per": 0, "StclSetoffDTAARate": 0, "CurrYrCapGain": 0}, "InStcgDTAARate": {"CurrYearIncome": 0, "StclSetoff15Per": 0, "StclSetoff30Per": 0, "StclSetoffAppRate": 0, "CurrYrCapGain": 0}, "InLtcg10Per": {"CurrYearIncome": 0, "StclSetoff15Per": 0, "StclSetoff30Per": 0, "StclSetoffAppRate": 0, "StclSetoffDTAARate": 0, "LtclSetOff20Per": 0, "LtclSetOffDTAARate": 0, "CurrYrCapGain": 0}, "InLtcg20Per": {"CurrYearIncome": 0, "StclSetoff15Per": 0, "StclSetoff30Per": 0, "StclSetoffAppRate": 0, "StclSetoffDTAARate": 0, "LtclSetOff10Per": 0, "LtclSetOffDTAARate": 0, "CurrYrCapGain": 0}, "InLtcgDTAARate": {"CurrYearIncome": 0, "StclSetoff15Per": 0, "StclSetoff30Per": 0, "StclSetoffAppRate": 0, "StclSetoffDTAARate": 0, "LtclSetOff10Per": 0, "LtclSetOff20Per": 0, "CurrYrCapGain": 0}, "TotLossSetOff": {"StclSetoff15Per": 0, "StclSetoff30Per": 0, "StclSetoffAppRate": 0, "StclSetoffDTAARate": 0, "LtclSetOff10Per": 0, "LtclSetOff20Per": 0, "LtclSetOffDTAARate": 0}, "LossRemainSetOff": {"StclSetoff15Per": 0, "StclSetoff30Per": 0, "StclSetoffAppRate": 0, "StclSetoffDTAARate": 0, "LtclSetOff10Per": 0, "LtclSetOff20Per": 0, "LtclSetOffDTAARate": 0}}, "AccruOrRecOfCG": {"ShortTermUnder15Per": {"DateRange": {"Upto15Of6": 0, "Upto15Of9": 0, "Up16Of9To15Of12": 0, "Up16Of12To15Of3": 0, "Up16Of3To31Of3": 0}}, "ShortTermUnder30Per": {"DateRange": {"Upto15Of6": 0, "Upto15Of9": 0, "Up16Of9To15Of12": 0, "Up16Of12To15Of3": 0, "Up16Of3To31Of3": 0}}, "ShortTermUnderAppRate": {"DateRange": {"Upto15Of6": 0, "Upto15Of9": 0, "Up16Of9To15Of12": 0, "Up16Of12To15Of3": 0, "Up16Of3To31Of3": 0}}, "ShortTermUnderDTAARate": {"DateRange": {"Upto15Of6": 0, "Upto15Of9": 0, "Up16Of9To15Of12": 0, "Up16Of12To15Of3": 0, "Up16Of3To31Of3": 0}}, "LongTermUnder10Per": {"DateRange": {"Upto15Of6": 0, "Upto15Of9": 0, "Up16Of9To15Of12": 0, "Up16Of12To15Of3": 0, "Up16Of3To31Of3": 0}}, "LongTermUnder20Per": {"DateRange": {"Upto15Of6": 0, "Upto15Of9": 0, "Up16Of9To15Of12": 0, "Up16Of12To15Of3": 0, "Up16Of3To31Of3": 0}}, "LongTermUnderDTAARate": {"DateRange": {"Upto15Of6": 0, "Upto15Of9": 0, "Up16Of9To15Of12": 0, "Up16Of12To15Of3": 0, "Up16Of3To31Of3": 0}}}}, "Schedule112A": {"SaleValue112A": 0, "CostAcqWithoutIndx112A": 0, "AcquisitionCost112A": 0, "LTCGBeforelowerB1B2112A": 0, "FairMktValueCapAst112A": 0, "ExpExclCnctTransfer112A": 0, "Deductions112A": 0, "Balance112A": 0}, "Schedule115AD": {"SaleValue115AD": 0, "CostAcqWithoutIndx115AD": 0, "AcquisitionCost115AD": 0, "LTCGBeforelowerB1B2115AD": 0, "FairMktValueCapAst115AD": 0, "ExpExclCnctTransfer115AD": 0, "Deductions115AD": 0, "Balance115AD": 0}, "ScheduleOS": {"IncOthThanOwnRaceHorse": {"GrossIncChrgblTaxAtAppRate": 9419, "DividendGross": 0, "DividendOthThan22e": 0, "Dividend22e": 0, "InterestGross": 9419, "IntrstFrmSavingBank": 9419, "IntrstFrmTermDeposit": 0, "IntrstFrmIncmTaxRefund": 0, "NatofPassThrghIncome": 0, "IntrstFrmOthers": 0, "RentFromMachPlantBldgs": 0, "Tot562x": 0, "Aggrtvaluewithoutcons562x": 0, "Immovpropwithoutcons562x": 0, "Immovpropinadeqcons562x": 0, "Anyotherpropwithoutcons562x": 0, "Anyotherpropinadeqcons562x": 0, "FamilyPension": 0, "AnyOtherIncome": 0, "IncChargeableSpecialRates": 0, "LtryPzzlChrgblUs115BB": 0, "IncChrgblUs115BBE": 0, "CashCreditsUs68": 0, "UnExplndInvstmntsUs69": 0, "UnExplndMoneyUs69A": 0, "UnDsclsdInvstmntsUs69B": 0, "UnExplndExpndtrUs69C": 0, "AmtBrwdRepaidOnHundiUs69D": 0, "TaxAccumulatedBalRecPF": {"TotalIncomeBenefit": 0, "TotalTaxBenefit": 0}, "OthersGross": 0, "PassThrIncOSChrgblSplRate": 0, "IncChargblSplRateOS": {"TotalAmtTaxUsDTAASchOs": 0}, "Deductions": {"Expenses": 0, "UsrIntExp57": 0, "IntExp57": 0, "DeductionUs57iia": 0, "Depreciation": 0, "TotDeductions": 0}, "AmtNotDeductibleUs58": 0, "ProfitChargTaxUs59": 0, "BalanceNoRaceHorse": 9419}, "TotOthSrcNoRaceHorse": 9419, "IncFromOwnHorse": {"Receipts": 0, "DeductSec57": 0, "AmtNotDeductibleUs58": 0, "ProfitChargTaxUs59": 0, "BalanceOwnRaceHorse": 0}, "IncChargeable": 9419, "DividendIncUs115BBDA": {"DateRange": {"Upto15Of6": 0, "Up16Of6To15Of9": 0, "Up16Of9To15Of12": 0, "Up16Of12To15Of3": 0, "Up16Of3To31Of3": 0}}, "IncFrmLottery": {"DateRange": {"Upto15Of6": 0, "Up16Of6To15Of9": 0, "Up16Of9To15Of12": 0, "Up16Of12To15Of3": 0, "Up16Of3To31Of3": 0}}, "DividendDTAA": {"DateRange": {"Upto15Of6": 0, "Up16Of6To15Of9": 0, "Up16Of9To15Of12": 0, "Up16Of12To15Of3": 0, "Up16Of3To31Of3": 0}}}, "ScheduleCYLA": {"Salary": {"IncCYLA": {"IncOfCurYrUnderThatHead": 2950000, "HPlossCurYrSetoff": 0, "OthSrcLossNoRaceHorseSetoff": 0, "IncOfCurYrAfterSetOff": 2950000}}, "HP": {"IncCYLA": {"IncOfCurYrUnderThatHead": 0, "BusLossSetoff": 0, "OthSrcLossNoRaceHorseSetoff": 0, "IncOfCurYrAfterSetOff": 0}}, "BusProfExclSpecProf": {"IncCYLA": {"IncOfCurYrUnderThatHead": 13699696, "HPlossCurYrSetoff": 0, "OthSrcLossNoRaceHorseSetoff": 0, "IncOfCurYrAfterSetOff": 13699696}}, "SpeculativeInc": {"IncCYLA": {"IncOfCurYrUnderThatHead": 0, "HPlossCurYrSetoff": 0, "OthSrcLossNoRaceHorseSetoff": 0, "IncOfCurYrAfterSetOff": 0}}, "SpecifiedInc": {"IncCYLA": {"IncOfCurYrUnderThatHead": 0, "HPlossCurYrSetoff": 0, "OthSrcLossNoRaceHorseSetoff": 0, "IncOfCurYrAfterSetOff": 0}}, "STCG15Per": {"IncCYLA": {"IncOfCurYrUnderThatHead": 0, "HPlossCurYrSetoff": 0, "BusLossSetoff": 0, "OthSrcLossNoRaceHorseSetoff": 0, "IncOfCurYrAfterSetOff": 0}}, "STCG30Per": {"IncCYLA": {"IncOfCurYrUnderThatHead": 0, "HPlossCurYrSetoff": 0, "BusLossSetoff": 0, "OthSrcLossNoRaceHorseSetoff": 0, "IncOfCurYrAfterSetOff": 0}}, "STCGAppRate": {"IncCYLA": {"IncOfCurYrUnderThatHead": 0, "HPlossCurYrSetoff": 0, "BusLossSetoff": 0, "OthSrcLossNoRaceHorseSetoff": 0, "IncOfCurYrAfterSetOff": 0}}, "STCGDTAARate": {"IncCYLA": {"IncOfCurYrUnderThatHead": 0, "HPlossCurYrSetoff": 0, "BusLossSetoff": 0, "OthSrcLossNoRaceHorseSetoff": 0, "IncOfCurYrAfterSetOff": 0}}, "LTCG10Per": {"IncCYLA": {"IncOfCurYrUnderThatHead": 0, "HPlossCurYrSetoff": 0, "BusLossSetoff": 0, "OthSrcLossNoRaceHorseSetoff": 0, "IncOfCurYrAfterSetOff": 0}}, "LTCG20Per": {"IncCYLA": {"IncOfCurYrUnderThatHead": 0, "HPlossCurYrSetoff": 0, "BusLossSetoff": 0, "OthSrcLossNoRaceHorseSetoff": 0, "IncOfCurYrAfterSetOff": 0}}, "LTCGDTAARate": {"IncCYLA": {"IncOfCurYrUnderThatHead": 0, "HPlossCurYrSetoff": 0, "BusLossSetoff": 0, "OthSrcLossNoRaceHorseSetoff": 0, "IncOfCurYrAfterSetOff": 0}}, "OthSrcExclRaceHorse": {"IncCYLA": {"IncOfCurYrUnderThatHead": 9419, "HPlossCurYrSetoff": 0, "BusLossSetoff": 0, "IncOfCurYrAfterSetOff": 9419}}, "OthSrcRaceHorse": {"IncCYLA": {"IncOfCurYrUnderThatHead": 0, "HPlossCurYrSetoff": 0, "BusLossSetoff": 0, "OthSrcLossNoRaceHorseSetoff": 0, "IncOfCurYrAfterSetOff": 0}}, "IncOSDTAA": {"IncCYLA": {"IncOfCurYrUnderThatHead": 0, "HPlossCurYrSetoff": 0, "BusLossSetoff": 0, "OthSrcLossNoRaceHorseSetoff": 0, "IncOfCurYrAfterSetOff": 0}}, "TotalCurYr": {"TotHPlossCurYr": 0, "TotBusLoss": 0, "TotOthSrcLossNoRaceHorse": 0}, "TotalLossSetOff": {"TotHPlossCurYrSetoff": 0, "TotBusLossSetoff": 0, "TotOthSrcLossNoRaceHorseSetoff": 0}, "LossRemAftSetOff": {"BalHPlossCurYrAftSetoff": 0, "BalBusLossAftSetoff": 0, "BalOthSrcLossNoRaceHorseAftSetoff": 0}}, "ScheduleBFLA": {"Salary": {"IncBFLA": {"IncOfCurYrUndHeadFromCYLA": 2950000, "IncOfCurYrAfterSetOffBFLosses": 2950000}}, "HP": {"IncBFLA": {"IncOfCurYrUndHeadFromCYLA": 0, "BFlossPrevYrUndSameHeadSetoff": 0, "BFUnabsorbedDeprSetoff": 0, "BFAllUs35Cl4Setoff": 0, "IncOfCurYrAfterSetOffBFLosses": 0}}, "BusProfExclSpecProf": {"IncBFLA": {"IncOfCurYrUndHeadFromCYLA": 13699696, "BFlossPrevYrUndSameHeadSetoff": 0, "BFUnabsorbedDeprSetoff": 0, "BFAllUs35Cl4Setoff": 0, "IncOfCurYrAfterSetOffBFLosses": 13699696}}, "SpeculativeInc": {"IncBFLA": {"IncOfCurYrUndHeadFromCYLA": 0, "BFlossPrevYrUndSameHeadSetoff": 0, "BFUnabsorbedDeprSetoff": 0, "BFAllUs35Cl4Setoff": 0, "IncOfCurYrAfterSetOffBFLosses": 0}}, "SpecifiedInc": {"IncBFLA": {"IncOfCurYrUndHeadFromCYLA": 0, "BFlossPrevYrUndSameHeadSetoff": 0, "BFUnabsorbedDeprSetoff": 0, "BFAllUs35Cl4Setoff": 0, "IncOfCurYrAfterSetOffBFLosses": 0}}, "STCG15Per": {"IncBFLA": {"IncOfCurYrUndHeadFromCYLA": 0, "BFlossPrevYrUndSameHeadSetoff": 0, "BFUnabsorbedDeprSetoff": 0, "BFAllUs35Cl4Setoff": 0, "IncOfCurYrAfterSetOffBFLosses": 0}}, "STCG30Per": {"IncBFLA": {"IncOfCurYrUndHeadFromCYLA": 0, "BFlossPrevYrUndSameHeadSetoff": 0, "BFUnabsorbedDeprSetoff": 0, "BFAllUs35Cl4Setoff": 0, "IncOfCurYrAfterSetOffBFLosses": 0}}, "STCGAppRate": {"IncBFLA": {"IncOfCurYrUndHeadFromCYLA": 0, "BFlossPrevYrUndSameHeadSetoff": 0, "BFUnabsorbedDeprSetoff": 0, "BFAllUs35Cl4Setoff": 0, "IncOfCurYrAfterSetOffBFLosses": 0}}, "STCGDTAARate": {"IncBFLA": {"IncOfCurYrUndHeadFromCYLA": 0, "BFlossPrevYrUndSameHeadSetoff": 0, "BFUnabsorbedDeprSetoff": 0, "BFAllUs35Cl4Setoff": 0, "IncOfCurYrAfterSetOffBFLosses": 0}}, "LTCG10Per": {"IncBFLA": {"IncOfCurYrUndHeadFromCYLA": 0, "BFlossPrevYrUndSameHeadSetoff": 0, "BFUnabsorbedDeprSetoff": 0, "BFAllUs35Cl4Setoff": 0, "IncOfCurYrAfterSetOffBFLosses": 0}}, "LTCG20Per": {"IncBFLA": {"IncOfCurYrUndHeadFromCYLA": 0, "BFlossPrevYrUndSameHeadSetoff": 0, "BFUnabsorbedDeprSetoff": 0, "BFAllUs35Cl4Setoff": 0, "IncOfCurYrAfterSetOffBFLosses": 0}}, "LTCGDTAARate": {"IncBFLA": {"IncOfCurYrUndHeadFromCYLA": 0, "BFlossPrevYrUndSameHeadSetoff": 0, "BFUnabsorbedDeprSetoff": 0, "BFAllUs35Cl4Setoff": 0, "IncOfCurYrAfterSetOffBFLosses": 0}}, "OthSrcExclRaceHorse": {"IncBFLA": {"IncOfCurYrUndHeadFromCYLA": 9419, "BFUnabsorbedDeprSetoff": 0, "BFAllUs35Cl4Setoff": 0, "IncOfCurYrAfterSetOffBFLosses": 9419}}, "OthSrcRaceHorse": {"IncBFLA": {"IncOfCurYrUndHeadFromCYLA": 0, "BFlossPrevYrUndSameHeadSetoff": 0, "BFUnabsorbedDeprSetoff": 0, "BFAllUs35Cl4Setoff": 0, "IncOfCurYrAfterSetOffBFLosses": 0}}, "IncOSDTAA": {"IncBFLA": {"IncOfCurYrUndHeadFromCYLA": 0, "BFUnabsorbedDeprSetoff": 0, "BFAllUs35Cl4Setoff": 0, "IncOfCurYrAfterSetOffBFLosses": 0}}, "TotalBFLossSetOff": {"TotBFLossSetoff": 0, "TotUnabsorbedDeprSetoff": 0, "TotAllUs35cl4Setoff": 0}, "IncomeOfCurrYrAftCYLABFLA": 16659115}, "ScheduleCFL": {"TotalOfBFLossesEarlierYrs": {"LossSummaryDetail": {"TotalHPPTILossCF": 0, "BusLossOthThanSpecLossCF": 0, "LossFrmSpecBusCF": 0, "LossFrmSpecifiedBusCF": 0, "TotalSTCGPTILossCF": 0, "TotalLTCGPTILossCF": 0, "OthSrcLossRaceHorseCF": 0}}, "AdjTotBFLossInBFLA": {"LossSummaryDetail": {"TotalHPPTILossCF": 0, "BusLossOthThanSpecLossCF": 0, "LossFrmSpecBusCF": 0, "LossFrmSpecifiedBusCF": 0, "TotalSTCGPTILossCF": 0, "TotalLTCGPTILossCF": 0, "OthSrcLossRaceHorseCF": 0}}, "CurrentAYloss": {"LossSummaryDetail": {"TotalHPPTILossCF": 0, "BusLossOthThanSpecLossCF": 0, "LossFrmSpecBusCF": 0, "LossFrmSpecifiedBusCF": 0, "TotalSTCGPTILossCF": 0, "TotalLTCGPTILossCF": 0, "OthSrcLossRaceHorseCF": 0}}, "TotalLossCFSummary": {"LossSummaryDetail": {"TotalHPPTILossCF": 0, "BusLossOthThanSpecLossCF": 0, "LossFrmSpecBusCF": 0, "LossFrmSpecifiedBusCF": 0, "TotalSTCGPTILossCF": 0, "TotalLTCGPTILossCF": 0, "OthSrcLossRaceHorseCF": 0}}}, "ScheduleICDS": {"AccPolicyAmt": 0, "InventoriesValue": 0, "ConstContractsAmt": 0, "RevenueRcgAmt": 0, "TangibleFixedAsset": 0, "ForeignExgRates": 0, "GovtGrants": 0, "Securities": 0, "BorrowingCosts": 0, "ProvAssets": 0, "TotalNetAmt": 0}, "Schedule80G": {"Don100Percent": {"TotDon100PercentCash": 0, "TotDon100PercentOtherMode": 0, "TotDon100Percent": 0, "TotEligibleDon100Percent": 0}, "Don50PercentNoApprReqd": {"TotDon50PercentNoApprReqdCash": 0, "TotDon50PercentNoApprReqdOtherMode": 0, "TotDon50PercentNoApprReqd": 0, "TotEligibleDon50Percent": 0}, "Don100PercentApprReqd": {"TotDon100PercentApprReqdCash": 0, "TotDon100PercentApprReqdOtherMode": 0, "TotDon100PercentApprReqd": 0, "TotEligibleDon100PercentApprReqd": 0}, "Don50PercentApprReqd": {"TotDon50PercentApprReqdCash": 0, "TotDon50PercentApprReqdOtherMode": 0, "TotDon50PercentApprReqd": 0, "TotEligibleDon50PercentApprReqd": 0}, "TotalDonationsUs80GCash": 0, "TotalDonationsUs80GOtherMode": 0, "TotalDonationsUs80G": 0, "TotalEligibleDonationsUs80G": 0}, "Schedule80D": {"Sec80DSelfFamSrCtznHealth": {"SeniorCitizenFlag": "S", "SelfAndFamily": 0, "HealthInsPremSlfFam": 0, "PrevHlthChckUpSlfFam": 0, "SelfAndFamilySeniorCitizen": 0, "HlthInsPremSlfFamSrCtzn": 0, "PrevHlthChckUpSlfFamSrCtzn": 0, "MedicalExpSlfFamSrCtzn": 0, "ParentsSeniorCitizenFlag": "P", "Parents": 0, "HlthInsPremParents": 0, "PrevHlthChckUpParents": 0, "ParentsSeniorCitizen": 0, "HlthInsPremParentsSrCtzn": 0, "PrevHlthChckUpParentsSrCtzn": 0, "MedicalExpParentsSrCtzn": 0, "EligibleAmountOfDedn": 0}}, "ScheduleVIA": {"UsrDeductUndChapVIA": {"Section80C": 165248, "Section80CCC": 0, "Section80CCDEmployeeOrSE": 0, "Section80CCD1B": 0, "Section80CCDEmployer": 0, "Section80D": 0, "Section80DD": 0, "Section80DDB": 0, "Section80E": 0, "Section80EE": 0, "Section80EEA": 0, "Section80EEB": 0, "Section80G": 0, "Section80GG": 0, "Section80GGC": 0, "TotPartBchapterVIA": 165248, "Section80IA": 0, "Section80IAB": 0, "Section80IB": 0, "Section80IBA": 0, "Section80IC": 0, "Section80JJA": 0, "Section80JJAA": 0, "Section80QQB": 0, "Section80RRB": 0, "TotPartCchapterVIA": 0, "Section80TTA": 9419, "Section80TTB": 0, "Section80U": 0, "TotPartCAandDchapterVIA": 9419, "TotalChapVIADeductions": 174667}, "DeductUndChapVIA": {"Section80C": 150000, "TotPartBchapterVIA": 150000, "Section80TTA": 9419, "TotPartCAandDchapterVIA": 9419, "TotalChapVIADeductions": 159419}}, "ScheduleAMT": {"TotalIncItem11": 16499700, "AdjustmentSec115JC": {"DeductClaimSec6A": 0, "DeductClaimSec10AA": 0, "DeductClaimSec35AD": 0, "Total": 0}, "AdjustedUnderSec115JC": 16499700, "TaxPayableUnderSec115JC": 0}, "ScheduleAMTC": {"TaxSection115JC": 0, "TaxOthProvisions": 5695843, "AmtTaxCreditAvailable": 5695843, "ScheduleAMTCDtls": [{"AssYr": "2013-14", "AmtCreditFwd": 0, "AmtCreditSetOfEy": 0, "AmtCreditBalBroughtFwd": 0, "AmtCreditUtilized": 0, "BalAmtCreditCarryFwd": 0}, {"AssYr": "2014-15", "AmtCreditFwd": 0, "AmtCreditSetOfEy": 0, "AmtCreditBalBroughtFwd": 0, "AmtCreditUtilized": 0, "BalAmtCreditCarryFwd": 0}, {"AssYr": "2015-16", "AmtCreditFwd": 0, "AmtCreditSetOfEy": 0, "AmtCreditBalBroughtFwd": 0, "AmtCreditUtilized": 0, "BalAmtCreditCarryFwd": 0}, {"AssYr": "2016-17", "AmtCreditFwd": 0, "AmtCreditSetOfEy": 0, "AmtCreditBalBroughtFwd": 0, "AmtCreditUtilized": 0, "BalAmtCreditCarryFwd": 0}, {"AssYr": "2017-18", "AmtCreditFwd": 0, "AmtCreditSetOfEy": 0, "AmtCreditBalBroughtFwd": 0, "AmtCreditUtilized": 0, "BalAmtCreditCarryFwd": 0}, {"AssYr": "2018-19", "AmtCreditFwd": 0, "AmtCreditSetOfEy": 0, "AmtCreditBalBroughtFwd": 0, "AmtCreditUtilized": 0, "BalAmtCreditCarryFwd": 0}, {"AssYr": "2019-20", "AmtCreditFwd": 0, "AmtCreditSetOfEy": 0, "AmtCreditBalBroughtFwd": 0, "AmtCreditUtilized": 0, "BalAmtCreditCarryFwd": 0}, {"AssYr": "2020-21", "AmtCreditFwd": 0, "AmtCreditSetOfEy": 0, "AmtCreditBalBroughtFwd": 0, "AmtCreditUtilized": 0, "BalAmtCreditCarryFwd": 0}], "CurrAssYr": "2021-22", "CurrYrAmtCreditFwd": 0, "CurrYrCreditCarryFwd": 0, "TotAMTGross": 0, "TotSetOffEys": 0, "TotBalBF": 0, "TotAmtCreditUtilisedCY": 0, "TotBalAMTCreditCF": 0, "TaxSection115JD": 0, "AmtLiabilityAvailable": 0}, "ScheduleSI": {"SplCodeRateTax": [{"SecCode": "1", "SplRatePercent": "1.0", "SplRateInc": 0, "SplRateIncTax": 0}, {"SecCode": "1A", "SplRatePercent": "15.0", "SplRateInc": 0, "SplRateIncTax": 0}, {"SecCode": "21", "SplRatePercent": "20.0", "SplRateInc": 0, "SplRateIncTax": 0}, {"SecCode": "22", "SplRatePercent": "10.0", "SplRateInc": 0, "SplRateIncTax": 0}, {"SecCode": "21ciii", "SplRatePercent": "10.0", "SplRateInc": 0, "SplRateIncTax": 0}, {"SecCode": "2A", "SplRatePercent": "10.0", "SplRateInc": 0, "SplRateIncTax": 0}, {"SecCode": "5BB", "SplRatePercent": "30.0", "SplRateInc": 0, "SplRateIncTax": 0}, {"SecCode": "5ADii", "SplRatePercent": "30.0", "SplRateInc": 0, "SplRateIncTax": 0}, {"SecCode": "5ADiiiP", "SplRatePercent": "10.0", "SplRateInc": 0, "SplRateIncTax": 0}, {"SecCode": "5BBF_BP", "SplRatePercent": "10.0", "SplRateInc": 0, "SplRateIncTax": 0}, {"SecCode": "5BBG_BP", "SplRatePercent": "10.0", "SplRateInc": 0, "SplRateIncTax": 0}, {"SecCode": "DTAASTCG", "SplRatePercent": "1.0", "SplRateInc": 0, "SplRateIncTax": 0}, {"SecCode": "DTAALTCG", "SplRatePercent": "1.0", "SplRateInc": 0, "SplRateIncTax": 0}, {"SecCode": "DTAAOS", "SplRatePercent": "1.0", "SplRateInc": 0, "SplRateIncTax": 0}], "TotSplRateInc": 0, "TotSplRateIncTax": 0}, "ScheduleAL": {"ImmovableDetails": [{"Description": "GODOWN", "AddressAL": {"ResidenceNo": "SEC 2", "ResidenceName": "PARWANOO", "RoadOrStreet": "PARWANOO", "LocalityOrArea": "PARWANOO", "CityOrTownOrDistrict": "PARWANOO", "StateCode": "13", "CountryCode": "91", "PinCode": 173200}, "Amount": 1250000}, {"Description": "HOUSE HIG 83", "AddressAL": {"ResidenceNo": "SEC 4", "ResidenceName": "PARWANOO", "RoadOrStreet": "PARWANOO", "LocalityOrArea": "PARWANOO", "CityOrTownOrDistrict": "PARWANOO", "StateCode": "13", "CountryCode": "91", "PinCode": 173200}, "Amount": 2500000}, {"Description": "PLOT", "AddressAL": {"ResidenceNo": "1149", "ResidenceName": "SEC 27", "RoadOrStreet": "PANCHKULA", "LocalityOrArea": "PANCHKULA", "CityOrTownOrDistrict": "PANCHKULA", "StateCode": "12", "CountryCode": "91", "PinCode": 134112}, "Amount": 7400000}, {"Description": "PLOT (1/3 SHARE)", "AddressAL": {"ResidenceNo": "363", "ResidenceName": "SEC 21", "RoadOrStreet": "PANCHKULA", "LocalityOrArea": "PANCHKULA", "CityOrTownOrDistrict": "PANCHKULA", "StateCode": "12", "CountryCode": "91", "PinCode": 134112}, "Amount": 10900000}], "MovableAsset": {"DepositsInBank": 60718, "SharesAndSecurities": 0, "InsurancePolicies": 0, "LoansAndAdvancesGiven": 0, "CashInHand": 22000, "JewelleryBullionEtc": 2500000, "ArchCollDrawPaintSulpArt": 0, "VehiclYachtsBoatsAircrafts": 0}, "InterstAOPFlag": "N", "LiabilityInRelatAssets": 0}, "ScheduleGST": {"TurnoverGrsRcptForGSTIN": [{"GSTINNo": "02AFLPS2051P1Z6", "AmtTurnGrossRcptGSTIN": 1232837708}]}, "PartB-TI": {"Salaries": 2950000, "IncomeFromHP": 0, "ProfBusGain": {"ProfGainNoSpecBus": 13699696, "ProfGainSpecBus": 0, "ProfGainSpecifiedBus": 0, "ProfIncome115BBF": 0, "TotProfBusGain": 13699696}, "CapGain": {"ShortTerm": {"ShortTerm15Per": 0, "ShortTerm30Per": 0, "ShortTermAppRate": 0, "ShortTermSplRateDTAA": 0, "TotalShortTerm": 0}, "LongTerm": {"LongTerm10Per": 0, "LongTerm20Per": 0, "LongTermSplRateDTAA": 0, "TotalLongTerm": 0}, "TotalCapGains": 0}, "IncFromOS": {"OtherSrcThanOwnRaceHorse": 9419, "IncChargblSplRate": 0, "FromOwnRaceHorse": 0, "TotIncFromOS": 9419}, "TotalTI": 16659115, "CurrentYearLoss": 0, "BalanceAfterSetoffLosses": 16659115, "BroughtFwdLossesSetoff": 0, "GrossTotalIncome": 16659115, "IncChargeTaxSplRate111A112": 0, "DeductionsUndSchVIADtl": {"PartBchapterVIA": 159419, "PartCchapterVIA": 0, "TotDeductUndSchVIA": 159419}, "DeductionsUnder10Aor10AA": 0, "TotalIncome": 16499700, "IncChargeableTaxSplRates": 0, "NetAgricultureIncomeOrOtherIncomeForRate": 0, "AggregateIncome": 16499700, "LossesOfCurrentYearCarriedFwd": 0, "DeemedIncomeUs115JC": 16499700}, "PartB_TTI": {"ComputationOfTaxLiability": {"TaxPayableOnDeemedTI": {"TaxDeemedTISec115JC": 0, "SurchargeOnAboveCrore": 0, "EducationCess": 0, "TotalTax": 0}, "TaxPayableOnTI": {"TaxAtNormalRatesOnAggrInc": 4762410, "TaxAtSpecialRates": 0, "RebateOnAgriInc": 0, "TaxPayableOnTotInc": 4762410, "Rebate87A": 0, "TaxPayableOnRebate": 4762410, "Surcharge25ofSI": 0, "Surcharge25ofSIBeforeMarginal": 0, "SurchargeOnAboveCroreBeforeMarginal": 714362, "SurchargeOnAboveCrore": 714362, "TotalSurcharge": 714362, "EducationCess": 219071, "GrossTaxLiability": 5695843}, "GrossTaxPayable": 5695843, "GrossTaxPay": {"TaxInc17": 5695843, "TaxDeferred17": 0}, "CreditUS115JD": 0, "TaxPayAfterCreditUs115JD": 5695843, "TaxRelief": {"Section89": 0, "Section90": 0, "Section91": 0, "TotTaxRelief": 0}, "NetTaxLiability": 5695843, "IntrstPay": {"IntrstPayUs234A": 57461, "IntrstPayUs234B": 188620, "IntrstPayUs234C": 115616, "LateFilingFee234F": 0, "TotalIntrstPay": 361697}, "AggregateTaxInterestLiability": 6057540}, "TaxPaid": {"TaxesPaid": {"AdvanceTax": 2000000, "TDS": 1129014, "TCS": 693099, "SelfAssessmentTax": 2235430, "TotalTaxesPaid": 6057543}, "BalTaxPayable": 0}, "Refund": {"RefundDue": 0, "BankAccountDtls": {"BankDtlsFlag": "Y", "AddtnlBankDetails": [{"IFSCCode": "SBIN0006403", "BankName": "STATE BANK OF INDIA", "BankAccountNo": "37216997813", "UseForRefund": "true"}, {"IFSCCode": "PUNB0291200", "BankName": "PUNJAB NATIONAL BANK", "BankAccountNo": "2912000101150134", "UseForRefund": "false"}, {"IFSCCode": "SBIN0006403", "BankName": "STATE BANK OF INDIA", "BankAccountNo": "33789374984", "UseForRefund": "false"}, {"IFSCCode": "UBIN0550027", "BankName": "UNION BANK OF INDIA", "BankAccountNo": "500202010006310", "UseForRefund": "false"}]}}, "AssetOutIndiaFlag": "NO"}, "ScheduleIT": {"TaxPayment": [{"BSRCode": "0014431", "DateDep": "2020-09-15", "SrlNoOfChaln": "11643", "Amt": 1000000}, {"BSRCode": "0011349", "DateDep": "2021-03-15", "SrlNoOfChaln": "08944", "Amt": 1000000}, {"BSRCode": "0014431", "DateDep": "2022-01-27", "SrlNoOfChaln": "03576", "Amt": 2170420}, {"BSRCode": "0004329", "DateDep": "2022-03-10", "SrlNoOfChaln": "09878", "Amt": 65010}], "TotalTaxPayments": 4235430}, "ScheduleTDS1": {"TDSonSalary": [{"EmployerOrDeductorOrCollectDetl": {"TAN": "RTKV03191G", "EmployerOrDeductorOrCollecterName": "VISION TELECOMMUNCATIONS INDIA PRIVATE LIMITED"}, "IncChrgSal": 3000000, "TotalTDSSal": 936000}], "TotalTDSonSalaries": 936000}, "ScheduleTDS2": {"TDSOthThanSalaryDtls": [{"TDSCreditName": "S", "TANOfDeductor": "BLRX00230G", "BroughtFwdTDSAmt": 0, "TaxDeductCreditDtls": {"TaxDeductedOwnHands": 36441, "TaxClaimedOwnHands": 36441}, "GrossAmount": 4051962, "HeadOfIncome": "BP", "AmtCarriedFwd": 0}, {"TDSCreditName": "S", "TANOfDeductor": "DELS43198B", "BroughtFwdTDSAmt": 0, "TaxDeductCreditDtls": {"TaxDeductedOwnHands": 525, "TaxClaimedOwnHands": 525}, "GrossAmount": 13987, "HeadOfIncome": "BP", "AmtCarriedFwd": 0}, {"TDSCreditName": "S", "TANOfDeductor": "MUMS86168F", "BroughtFwdTDSAmt": 0, "TaxDeductCreditDtls": {"TaxDeductedOwnHands": 156048, "TaxClaimedOwnHands": 156048}, "GrossAmount": 2037834, "HeadOfIncome": "BP", "AmtCarriedFwd": 0}, {"TDSCreditName": "S", "TANOfDeductor": "MUMU08606D", "BroughtFwdTDSAmt": 0, "TaxDeductCreditDtls": {"TaxDeductedOwnHands": 0, "TaxClaimedOwnHands": 0}, "AmtCarriedFwd": 0}], "TotalTDSonOthThanSals": 193014}, "ScheduleTDS3": {"TDS3onOthThanSalDtls": [{"TDSCreditName": "S", "PANOfBuyerTenant": "AFFPB9133D", "BroughtFwdTDSAmt": 0, "TaxDeductCreditDtls": {"TaxDeductedOwnHands": 3375, "TaxClaimedOwnHands": 0}, "AmtCarriedFwd": 3375}, {"TDSCreditName": "S", "PANOfBuyerTenant": "ADPPB0158G", "BroughtFwdTDSAmt": 0, "TaxDeductCreditDtls": {"TaxDeductedOwnHands": 26250, "TaxClaimedOwnHands": 0}, "AmtCarriedFwd": 26250}], "TotalTDS3OnOthThanSal": 0}, "ScheduleTCS": {"TCS": [{"EmployerOrDeductorOrCollectDetl": {"TAN": "BLRX00230G", "EmployerOrDeductorOrCollecterName": "XIAOMI TECHNOLOGY INDIA PRIVATE LIMITED"}, "TotalTCS": 659840, "AmtTCSClaimedThisYear": 659840, "AmtCarriedFwd": 0}, {"EmployerOrDeductorOrCollectDetl": {"TAN": "PTLA12398B", "EmployerOrDeductorOrCollecterName": "ARUN KUMAR SHARMA"}, "TotalTCS": 4, "AmtTCSClaimedThisYear": 4, "AmtCarriedFwd": 0}, {"EmployerOrDeductorOrCollectDetl": {"TAN": "PTLA13735B", "EmployerOrDeductorOrCollecterName": "ANAND AUTOCARE PRIVATE LIMITED"}, "TotalTCS": 26130, "AmtTCSClaimedThisYear": 26130, "AmtCarriedFwd": 0}, {"EmployerOrDeductorOrCollectDetl": {"TAN": "RTKV03191G", "EmployerOrDeductorOrCollecterName": "VISION TELECOMMUNCATIONS INDIA PRIVATE LIMITED"}, "TotalTCS": 7125, "AmtTCSClaimedThisYear": 7125, "AmtCarriedFwd": 0}], "TotalSchTCS": 693099}, "Verification": {"Declaration": {"AssesseeVerName": "ARUN KUMAR SHARMA", "FatherName": "SH. K.K. SHARMA", "AssesseeVerPAN": "AFLPS2051P"}, "Capacity": "S"}}}}