{"ITR": {"ITR4": {"CreationInfo": {"SWVersionNo": "R1", "SWCreatedBy": "SW10012223", "JSONCreatedBy": "SW10012223", "JSONCreationDate": "2022-07-31", "Digest": "KLmR6qKU1gt1stIpthvLqDBpzbrKPZukZd+P/rYEEUI=", "IntermediaryCity": "Delhi"}, "Form_ITR4": {"FormName": "ITR-4", "Description": "Indls, HUFs and Firms (other than LLP) having Inc u/s 44AD, 44ADA or 44AE", "AssessmentYear": "2022", "SchemaVer": "Ver1.0", "FormVer": "Ver1.0"}, "PersonalInfo": {"AssesseeName": {"FirstName": "SAIKIRAN", "SurNameOrOrgName": "NIMMALA"}, "Address": {"ResidenceNo": "PLOT NO.24", "ResidenceName": "ROAD NO.1", "RoadOrStreet": "Peerzadiguda B.O", "LocalityOrArea": "Peerzadguda", "CityOrTownOrDistrict": "K.V.RANGAREDDY", "StateCode": "36", "CountryCode": "91", "PinCode": 500039, "CountryCodeMobile": 91, "MobileNo": 9966993405, "EmailAddress": "sai.ignis@gmail.com"}, "PAN": "AKTPN9207F", "DOB": "1984-02-12", "EmployerCategory": "NA", "Status": "I", "AadhaarCardNo": "847692195020"}, "FilingStatus": {"ReturnFileSec": 11, "NewTaxRegime": "N", "OptingNewTaxRegime": 2, "SeventhProvisio139": "N", "DepAmtAggAmtExcd1CrPrYrFlg": "N", "IncrExpAggAmt2LkTrvFrgnCntryFlg": "N", "IncrExpAggAmt1LkElctrctyPrYrFlg": "N", "clauseiv7provisio139i": "N", "AsseseeRepFlg": "N"}, "IncomeDeductions": {"AllwncExemptUs10": {"TotalAllwncExemptUs10": 0}, "UsrDeductUndChapVIA": {"Section80C": 0, "Section80CCC": 0, "Section80CCDEmployeeOrSE": 0, "Section80CCD1B": 0, "Section80CCDEmployer": 0, "Section80D": 0, "Section80DD": 0, "Section80DDB": 0, "Section80E": 0, "Section80GG": 60000, "Section80GGC": 0, "Section80U": 0, "Section80TTA": 0, "Section80TTB": 0, "TotalChapVIADeductions": 60000, "Section80G": 0}, "DeductUndChapVIA": {"Section80C": 0, "Section80CCC": 0, "Section80CCDEmployeeOrSE": 0, "Section80CCD1B": 0, "Section80CCDEmployer": 0, "Section80D": 0, "Section80DD": 0, "Section80DDB": 0, "Section80E": 0, "Section80EE": 0, "Section80EEA": 0, "Section80EEB": 0, "Section80G": 0, "Section80GG": 60000, "Section80GGC": 0, "Section80U": 0, "Section80TTA": 0, "Section80TTB": 0, "TotalChapVIADeductions": 60000}, "IncomeFromBusinessProf": 515433, "GrossSalary": 0, "IncomeNotified89A": 0, "NetSalary": 0, "DeductionUs16": 0, "DeductionUs16ia": 0, "EntertainmntalwncUs16ii": 0, "IncomeFromSal": 0, "AnnualValue": 0, "AnnualValue30Percent": 0, "TotalIncomeOfHP": 0, "IncomeOthSrc": 0, "DeductionUs57iia": 0, "Increliefus89AOS": 0, "GrossTotIncome": 515433, "TotalIncome": 455430}, "TaxComputation": {"IntrstPay": {"IntrstPayUs234A": 0, "IntrstPayUs234B": 0, "IntrstPayUs234C": 0, "LateFilingFee234F": 0}, "TotalTaxPayable": 10272, "Rebate87A": 10272, "TaxPayableOnRebate": 0, "EducationCess": 0, "GrossTaxLiability": 0, "Section89": 0, "NetTaxLiability": 0, "TotTaxPlusIntrstPay": 0}, "TaxPaid": {"TaxesPaid": {"AdvanceTax": 0, "TDS": 0, "TCS": 0, "SelfAssessmentTax": 0, "TotalTaxesPaid": 0}, "BalTaxPayable": 0}, "Refund": {"BankAccountDtls": {"AddtnlBankDetails": [{"IFSCCode": "IDIB000P238", "BankName": "INDIAN BANK", "BankAccountNo": "6020027822", "UseForRefund": "true"}]}, "RefundDue": 0}, "Schedule80G": {"Don100Percent": {"TotDon100PercentCash": 0, "TotDon100PercentOtherMode": 0, "TotDon100Percent": 0, "TotEligibleDon100Percent": 0}, "Don50PercentNoApprReqd": {"TotDon50PercentNoApprReqdCash": 0, "TotDon50PercentNoApprReqdOtherMode": 0, "TotDon50PercentNoApprReqd": 0, "TotEligibleDon50Percent": 0}, "Don100PercentApprReqd": {"TotDon100PercentApprReqdCash": 0, "TotDon100PercentApprReqdOtherMode": 0, "TotDon100PercentApprReqd": 0, "TotEligibleDon100PercentApprReqd": 0}, "Don50PercentApprReqd": {"TotDon50PercentApprReqdCash": 0, "TotDon50PercentApprReqdOtherMode": 0, "TotDon50PercentApprReqd": 0, "TotEligibleDon50PercentApprReqd": 0}, "TotalDonationsUs80GCash": 0, "TotalDonationsUs80GOtherMode": 0, "TotalDonationsUs80G": 0, "TotalEligibleDonationsUs80G": 0}, "Schedule80D": {"Sec80DSelfFamSrCtznHealth": {"SeniorCitizenFlag": "S", "SelfAndFamily": 0, "SelfAndFamilySeniorCitizen": 0, "ParentsSeniorCitizenFlag": "P", "Parents": 0, "ParentsSeniorCitizen": 0, "EligibleAmountOfDedn": 0}}, "TaxExmpIntIncDtls": {"OthersInc": {"OthersTotalTaxExe": 0}}, "Verification": {"Declaration": {"AssesseeVerName": "SAIKIRAN NIMMALA", "FatherName": "VENKATESWARRAO NIMMALA", "AssesseeVerPAN": "AKTPN9207F"}, "Capacity": "S", "Place": "136.185.194.172"}, "ScheduleBP": {"NatOfBus44AD": [{"NameOfBusiness": "SHRI RAM POLY HOUSE AND IRRIGATION SERVICES", "CodeAD": "09028"}], "PersumptiveInc44AD": {"GrsTrnOverAnyOthMode": 3029264, "PersumptiveInc44AD8Per": 515433, "TotPersumptiveInc44AD": 515433}, "PersumptiveInc44AE": {"TotPersumInc44AE": 0, "TotalPersumptiveInc": 0, "IncChargeableUnderBus": 515433}, "FinanclPartclrOfBusiness": {"PartnerMemberOwnCapital": 8795667, "UnSecuredLoans": 2150000, "SundryCreditors": 115591, "TotCapLiabilities": 11061258, "FixedAssets": 0, "Inventories": 9380987, "SundryDebtors": 128454, "CashInHand": 5710, "LoansAndAdvances": 227785, "OtherAssets": 1318322, "TotalAssets": 11061258}, "TotalTurnoverGrsRcptGSTIN": 0}, "ScheduleIT": {"TotalTaxPayments": 0}, "ScheduleTCS": {"TotalSchTCS": 0}, "TDSonSalaries": {"TotalTDSonSalaries": 0}, "TDSonOthThanSals": {"TotalTDSonOthThanSals": 0}, "ScheduleTDS3Dtls": {"TotalTDS3Details": 0}}}}