{"ITR": {"ITR4": {"CreationInfo": {"SWVersionNo": "R1", "SWCreatedBy": "SW10012223", "JSONCreatedBy": "SW10012223", "JSONCreationDate": "2022-11-08", "Digest": "0ovBExSQGrpa0g4+4KfqraQlgbi7Z/tL64GmAdrcqt0=", "IntermediaryCity": "Delhi"}, "Form_ITR4": {"FormName": "ITR-4", "Description": "Indls, HUFs and Firms (other than LLP) having Inc u/s 44AD, 44ADA or 44AE", "AssessmentYear": "2022", "SchemaVer": "Ver1.0", "FormVer": "Ver1.0"}, "PersonalInfo": {"AssesseeName": {"FirstName": "ANIL", "MiddleName": "KUMAR", "SurNameOrOrgName": "PASWAN"}, "Address": {"ResidenceNo": "AT- NIRALA NAGAR, GAUSHALA ROAD", "ResidenceName": "PO-RAMNA, MITHANPURA", "RoadOrStreet": "Ramna S.O (Muzaffarpur)", "LocalityOrArea": "Mithanpura", "CityOrTownOrDistrict": "MUZAFFARPUR", "StateCode": "05", "CountryCode": "91", "PinCode": 842002, "CountryCodeMobile": 91, "MobileNo": 9234456802, "CountryCodeMobileNoSec": 93, "EmailAddress": "anay01011985@rediffmail.com"}, "PAN": "AUDPP3402G", "DOB": "1984-02-06", "EmployerCategory": "OTH", "Status": "I", "AadhaarCardNo": "524586184215"}, "FilingStatus": {"ReturnFileSec": 12, "NewTaxRegime": "N", "OptingNewTaxRegime": 2, "SeventhProvisio139": "N", "DepAmtAggAmtExcd1CrPrYrFlg": "N", "IncrExpAggAmt2LkTrvFrgnCntryFlg": "N", "IncrExpAggAmt1LkElctrctyPrYrFlg": "N", "clauseiv7provisio139i": "N", "AsseseeRepFlg": "N"}, "IncomeDeductions": {"AllwncExemptUs10": {"TotalAllwncExemptUs10": 0}, "OthersInc": {"OthersIncDtlsOthSrc": [{"OthSrcNatureDesc": "TAX", "OthSrcOthAmount": 77}, {"OthSrcNatureDesc": "OTH", "OthSrcOthNatOfInc": "other income", "OthSrcOthAmount": 88500}]}, "UsrDeductUndChapVIA": {"Section80C": 150000, "Section80CCC": 0, "Section80CCDEmployeeOrSE": 0, "Section80CCD1B": 0, "Section80CCDEmployer": 0, "Section80D": 0, "Section80DD": 0, "Section80DDB": 0, "Section80E": 0, "Section80GG": 0, "Section80GGC": 0, "Section80U": 0, "Section80TTA": 0, "Section80TTB": 0, "TotalChapVIADeductions": 150000, "Section80G": 0}, "DeductUndChapVIA": {"Section80C": 150000, "Section80CCC": 0, "Section80CCDEmployeeOrSE": 0, "Section80CCD1B": 0, "Section80CCDEmployer": 0, "Section80D": 0, "Section80DD": 0, "Section80DDB": 0, "Section80E": 0, "Section80EE": 0, "Section80EEA": 0, "Section80EEB": 0, "Section80G": 0, "Section80GG": 0, "Section80GGC": 0, "Section80U": 0, "Section80TTA": 0, "Section80TTB": 0, "TotalChapVIADeductions": 150000}, "IncomeFromBusinessProf": 560000, "GrossSalary": 0, "IncomeNotified89A": 0, "NetSalary": 0, "DeductionUs16": 0, "DeductionUs16ia": 0, "EntertainmntalwncUs16ii": 0, "IncomeFromSal": 0, "GrossRentReceived": 0, "AnnualValue": 0, "AnnualValue30Percent": 0, "TotalIncomeOfHP": 0, "IncomeOthSrc": 88577, "DeductionUs57iia": 0, "Increliefus89AOS": 0, "GrossTotIncome": 648577, "TotalIncome": 498580}, "TaxComputation": {"IntrstPay": {"IntrstPayUs234A": 0, "IntrstPayUs234B": 0, "IntrstPayUs234C": 0, "LateFilingFee234F": 1000}, "TotalTaxPayable": 12429, "Rebate87A": 12429, "TaxPayableOnRebate": 0, "EducationCess": 0, "GrossTaxLiability": 0, "Section89": 0, "NetTaxLiability": 0, "TotTaxPlusIntrstPay": 1000}, "TaxPaid": {"TaxesPaid": {"AdvanceTax": 0, "TDS": 18359, "TCS": 2797, "SelfAssessmentTax": 0, "TotalTaxesPaid": 21156}, "BalTaxPayable": 0}, "Refund": {"BankAccountDtls": {"AddtnlBankDetails": [{"IFSCCode": "SBIN0008960", "BankName": "STATE BANK OF INDIA", "BankAccountNo": "31969599488", "UseForRefund": "true"}]}, "RefundDue": 20160}, "Schedule80G": {"Don100Percent": {"TotDon100PercentCash": 0, "TotDon100PercentOtherMode": 0, "TotDon100Percent": 0, "TotEligibleDon100Percent": 0}, "Don50PercentNoApprReqd": {"TotDon50PercentNoApprReqdCash": 0, "TotDon50PercentNoApprReqdOtherMode": 0, "TotDon50PercentNoApprReqd": 0, "TotEligibleDon50Percent": 0}, "Don100PercentApprReqd": {"TotDon100PercentApprReqdCash": 0, "TotDon100PercentApprReqdOtherMode": 0, "TotDon100PercentApprReqd": 0, "TotEligibleDon100PercentApprReqd": 0}, "Don50PercentApprReqd": {"TotDon50PercentApprReqdCash": 0, "TotDon50PercentApprReqdOtherMode": 0, "TotDon50PercentApprReqd": 0, "TotEligibleDon50PercentApprReqd": 0}, "TotalDonationsUs80GCash": 0, "TotalDonationsUs80GOtherMode": 0, "TotalDonationsUs80G": 0, "TotalEligibleDonationsUs80G": 0}, "Schedule80D": {"Sec80DSelfFamSrCtznHealth": {"SeniorCitizenFlag": "S", "SelfAndFamily": 0, "SelfAndFamilySeniorCitizen": 0, "ParentsSeniorCitizenFlag": "P", "Parents": 0, "ParentsSeniorCitizen": 0, "EligibleAmountOfDedn": 0}}, "TaxExmpIntIncDtls": {"OthersInc": {"OthersTotalTaxExe": 0}}, "Verification": {"Declaration": {"AssesseeVerName": "ANIL KUMAR PASWAN", "FatherName": "SHIW SHANKER PASWAN", "AssesseeVerPAN": "AUDPP3402G"}, "Capacity": "S", "Place": "49.37.72.246"}, "ScheduleBP": {"PersumptiveInc44AD": {"GrsTrnOverBank": 4450117, "PersumptiveInc44AD6Per": 560000, "TotPersumptiveInc44AD": 560000}, "PersumptiveInc44ADA": {"GrsReceipt": 0, "TotPersumptiveInc44ADA": 0}, "PersumptiveInc44AE": {"TotPersumInc44AE": 0, "TotalPersumptiveInc": 0, "IncChargeableUnderBus": 560000}, "FinanclPartclrOfBusiness": {"SundryCreditors": 0, "TotCapLiabilities": 0, "Inventories": 0, "SundryDebtors": 0, "CashInHand": 410000, "OtherAssets": 2250000, "TotalAssets": 2660000}, "TotalTurnoverGrsRcptGSTIN": 0}, "ScheduleIT": {"TotalTaxPayments": 0}, "ScheduleTCS": {"TCS": [{"EmployerOrDeductorOrCollectDetl": {"TAN": "PNEB10837B", "EmployerOrDeductorOrCollecterName": "BHARAT PETROLEUM CORPORATION LIMITED"}, "Amtfrom26AS": 2796905, "TotalTCS": 2797, "AmtTCSClaimedThisYear": 2797}], "TotalSchTCS": 2797}, "TDSonSalaries": {"TotalTDSonSalaries": 0}, "TDSonOthThanSals": {"TDSonOthThanSalDtls": [{"TANOfDeductor": "MUMI09761D", "BroughtFwdTDSAmt": 0, "TDSDeducted": 148, "TDSClaimed": 148, "GrossAmount": 14838, "HeadOfIncome": "OS", "TDSCreditCarriedFwd": 0}, {"TANOfDeductor": "MUMS27599F", "BroughtFwdTDSAmt": 0, "TDSDeducted": 78, "TDSClaimed": 78, "GrossAmount": 7791, "HeadOfIncome": "OS", "TDSCreditCarriedFwd": 0}, {"TANOfDeductor": "DELP08242D", "BroughtFwdTDSAmt": 0, "TDSDeducted": 3415, "TDSClaimed": 3415, "GrossAmount": 341557, "HeadOfIncome": "BP", "TDSCreditCarriedFwd": 0}, {"TANOfDeductor": "MUMS35778B", "BroughtFwdTDSAmt": 0, "TDSDeducted": 1013, "TDSClaimed": 1013, "GrossAmount": 101351, "HeadOfIncome": "BP", "TDSCreditCarriedFwd": 0}, {"TANOfDeductor": "MUMS86153E", "BroughtFwdTDSAmt": 0, "TDSDeducted": 11096, "TDSClaimed": 11096, "GrossAmount": 1106096, "HeadOfIncome": "BP", "TDSCreditCarriedFwd": 0}, {"TANOfDeductor": "MUMS86154F", "BroughtFwdTDSAmt": 0, "TDSDeducted": 2609, "TDSClaimed": 2609, "GrossAmount": 81577, "HeadOfIncome": "NA", "TDSCreditCarriedFwd": 0}], "TotalTDSonOthThanSals": 18359}, "ScheduleTDS3Dtls": {"TotalTDS3Details": 0}}}}