{"ITR": {"ITR4": {"CreationInfo": {"SWVersionNo": "1.0", "SWCreatedBy": "SW20000409", "JSONCreatedBy": "SW20000409", "JSONCreationDate": "2022-11-14", "IntermediaryCity": "Surat", "Digest": "FDQyLGm+0vT0HSzhIehR5Iaz8E+aenwrRjwherRyxos="}, "Form_ITR4": {"FormName": "ITR-4", "FormVer": "Ver1.0", "SchemaVer": "Ver1.0", "AssessmentYear": "2022", "Description": "Indls, HUFs and Firms (other than LLP) having Inc u/s 44AD, 44ADA or 44AE"}, "PersonalInfo": {"AssesseeName": {"FirstName": "REKHABEN", "MiddleName": "RAJESHBHAI", "SurNameOrOrgName": "KANANI"}, "Address": {"ResidenceNo": "PLOT NO.6/C", "ResidenceName": "STREET NO. 2", "RoadOrStreet": "AJAYWADI", "LocalityOrArea": "SUBHASHNAGAR", "CityOrTownOrDistrict": "BHAVNAGAR", "StateCode": "11", "CountryCode": "91", "PinCode": 364001, "CountryCodeMobile": 91, "MobileNo": 9714965454, "EmailAddress": "YASHDIGIADD@GMAIL.COM"}, "PAN": "AMYPK7362H", "DOB": "1964-06-01", "EmployerCategory": "NA", "Status": "I", "AadhaarCardNo": "984154068224"}, "FilingStatus": {"ReturnFileSec": 12, "NewTaxRegime": "N", "OptingNewTaxRegime": 2, "SeventhProvisio139": "N", "DepAmtAggAmtExcd1CrPrYrFlg": "N", "IncrExpAggAmt2LkTrvFrgnCntryFlg": "N", "IncrExpAggAmt1LkElctrctyPrYrFlg": "N", "clauseiv7provisio139i": "N", "AsseseeRepFlg": "N"}, "IncomeDeductions": {"IncomeFromBusinessProf": 826369, "GrossSalary": 0, "IncomeNotified89A": 0, "IncomeNotifiedOther89A": 0, "AllwncExemptUs10": {"TotalAllwncExemptUs10": 0}, "Increliefus89A": 0, "DeductionUs16ia": 0, "TotalIncomeOfHP": 0, "IncomeOthSrc": 0, "Increliefus89AOS": 0, "GrossTotIncome": 826369, "UsrDeductUndChapVIA": {"Section80C": 150000, "Section80CCC": 0, "Section80CCDEmployeeOrSE": 0, "Section80CCD1B": 0, "Section80CCDEmployer": 0, "Section80D": 25000, "Section80DD": 0, "Section80DDB": 0, "Section80E": 0, "Section80EE": 0, "Section80EEA": 0, "Section80EEB": 0, "Section80G": 0, "Section80GG": 0, "Section80GGC": 0, "Section80U": 0, "Section80TTA": 0, "Section80TTB": 0, "TotalChapVIADeductions": 175000}, "DeductUndChapVIA": {"Section80C": 150000, "Section80CCC": 0, "Section80CCDEmployeeOrSE": 0, "Section80CCD1B": 0, "Section80CCDEmployer": 0, "Section80D": 25000, "Section80DD": 0, "Section80DDB": 0, "Section80E": 0, "Section80EE": 0, "Section80EEA": 0, "Section80EEB": 0, "Section80G": 0, "Section80GG": 0, "Section80GGC": 0, "Section80U": 0, "Section80TTA": 0, "Section80TTB": 0, "TotalChapVIADeductions": 175000}, "TotalIncome": 651370}, "TaxComputation": {"TotalTaxPayable": 42774, "Rebate87A": 0, "TaxPayableOnRebate": 42774, "EducationCess": 1711, "GrossTaxLiability": 44485, "NetTaxLiability": 44485, "IntrstPay": {"IntrstPayUs234A": 0, "IntrstPayUs234B": 0, "IntrstPayUs234C": 0, "LateFilingFee234F": 5000}, "TotTaxPlusIntrstPay": 49485}, "TaxPaid": {"TaxesPaid": {"AdvanceTax": 0, "TDS": 140790, "TCS": 0, "SelfAssessmentTax": 0, "TotalTaxesPaid": 140790}}, "Refund": {"RefundDue": 91310, "BankAccountDtls": {"AddtnlBankDetails": [{"IFSCCode": "SBIN0060008", "BankName": "STATE BANK OF INDIA", "BankAccountNo": "66025626825", "UseForRefund": "true"}]}}, "Schedule80D": {"Sec80DSelfFamSrCtznHealth": {"SeniorCitizenFlag": "N", "SelfAndFamily": 25000, "HealthInsPremSlfFam": 25000, "PrevHlthChckUpSlfFam": 0, "SelfAndFamilySeniorCitizen": 0, "HlthInsPremSlfFamSrCtzn": 0, "PrevHlthChckUpSlfFamSrCtzn": 0, "MedicalExpSlfFamSrCtzn": 0, "ParentsSeniorCitizenFlag": "P", "Parents": 0, "HlthInsPremParents": 0, "PrevHlthChckUpParents": 0, "ParentsSeniorCitizen": 0, "HlthInsPremParentsSrCtzn": 0, "PrevHlthChckUpParentsSrCtzn": 0, "MedicalExpParentsSrCtzn": 0, "EligibleAmountOfDedn": 25000}}, "Verification": {"Declaration": {"AssesseeVerName": "REKHABEN RAJESHBHAI KANANI", "FatherName": "RAJESHBHAI KANANI", "AssesseeVerPAN": "AMYPK7362H"}, "Capacity": "S", "Place": "BHAVNAGAR"}, "ScheduleBP": {"NatOfBus44AD": [{"NameOfBusiness": "YASH DIGI ADD", "CodeAD": "09028", "Description": "Retail sale of other products n.e.c"}], "PersumptiveInc44AD": {"GrsTrnOverBank": 13772811, "GrsTrnOverAnyOthMode": 0, "PersumptiveInc44AD6Per": 826369, "PersumptiveInc44AD8Per": 0, "TotPersumptiveInc44AD": 826369}, "PersumptiveInc44AE": {"TotPersumInc44AE": 0, "SalInterestByFirm": 0, "TotalPersumptiveInc": 0, "IncChargeableUnderBus": 826369}, "FinanclPartclrOfBusiness": {"PartnerMemberOwnCapital": 0, "SecuredLoans": 0, "UnSecuredLoans": 0, "Advances": 0, "SundryCreditors": 0, "OthrCurrLiab": 0, "TotCapLiabilities": 0, "FixedAssets": 0, "Inventories": 0, "SundryDebtors": 0, "BalWithBanks": 0, "CashInHand": 173954, "LoansAndAdvances": 0, "OtherAssets": 0, "TotalAssets": 173954}, "TotalTurnoverGrsRcptGSTIN": 0}, "TDSonOthThanSals": {"TDSonOthThanSalDtls": [{"TANOfDeductor": "AHMB03182E", "TDSDeducted": 37, "TDSClaimed": 37, "GrossAmount": 3734, "HeadOfIncome": "BP", "TDSCreditCarriedFwd": 0}, {"TANOfDeductor": "AHMR09048E", "TDSDeducted": 5239, "TDSClaimed": 5239, "GrossAmount": 523921, "HeadOfIncome": "BP", "TDSCreditCarriedFwd": 0}, {"TANOfDeductor": "AHMR09048E", "TDSDeducted": 387, "TDSClaimed": 387, "GrossAmount": 38700, "HeadOfIncome": "BP", "TDSCreditCarriedFwd": 0}, {"TANOfDeductor": "AHMR09048E", "TDSDeducted": 390, "TDSClaimed": 390, "GrossAmount": 38989, "HeadOfIncome": "BP", "TDSCreditCarriedFwd": 0}, {"TANOfDeductor": "AHMR09048E", "TDSDeducted": 3802, "TDSClaimed": 3802, "GrossAmount": 380238, "HeadOfIncome": "BP", "TDSCreditCarriedFwd": 0}, {"TANOfDeductor": "AHMR09048E", "TDSDeducted": 517, "TDSClaimed": 517, "GrossAmount": 51730, "HeadOfIncome": "BP", "TDSCreditCarriedFwd": 0}, {"TANOfDeductor": "AHMR09048E", "TDSDeducted": 1034, "TDSClaimed": 1034, "GrossAmount": 103376, "HeadOfIncome": "BP", "TDSCreditCarriedFwd": 0}, {"TANOfDeductor": "AHMR09048E", "TDSDeducted": 5859, "TDSClaimed": 5859, "GrossAmount": 585918, "HeadOfIncome": "BP", "TDSCreditCarriedFwd": 0}, {"TANOfDeductor": "AHMR09048E", "TDSDeducted": 7789, "TDSClaimed": 7789, "GrossAmount": 778944, "HeadOfIncome": "BP", "TDSCreditCarriedFwd": 0}, {"TANOfDeductor": "AHMR09048E", "TDSDeducted": 9, "TDSClaimed": 9, "GrossAmount": 938, "HeadOfIncome": "BP", "TDSCreditCarriedFwd": 0}, {"TANOfDeductor": "AHMR09048E", "TDSDeducted": 3821, "TDSClaimed": 3821, "GrossAmount": 382066, "HeadOfIncome": "BP", "TDSCreditCarriedFwd": 0}, {"TANOfDeductor": "AHMR09048E", "TDSDeducted": 128, "TDSClaimed": 128, "GrossAmount": 12790, "HeadOfIncome": "BP", "TDSCreditCarriedFwd": 0}, {"TANOfDeductor": "AHMR09048E", "TDSDeducted": 980, "TDSClaimed": 980, "GrossAmount": 98034, "HeadOfIncome": "BP", "TDSCreditCarriedFwd": 0}, {"TANOfDeductor": "AHMR09048E", "TDSDeducted": 3174, "TDSClaimed": 3174, "GrossAmount": 317415, "HeadOfIncome": "BP", "TDSCreditCarriedFwd": 0}, {"TANOfDeductor": "AHMR09048E", "TDSDeducted": 45, "TDSClaimed": 45, "GrossAmount": 4520, "HeadOfIncome": "BP", "TDSCreditCarriedFwd": 0}, {"TANOfDeductor": "AHMR09048E", "TDSDeducted": 6235, "TDSClaimed": 6235, "GrossAmount": 623500, "HeadOfIncome": "BP", "TDSCreditCarriedFwd": 0}, {"TANOfDeductor": "AHMR09048E", "TDSDeducted": 3953, "TDSClaimed": 3953, "GrossAmount": 395290, "HeadOfIncome": "BP", "TDSCreditCarriedFwd": 0}, {"TANOfDeductor": "AHMR09048E", "TDSDeducted": 1750, "TDSClaimed": 1750, "GrossAmount": 175000, "HeadOfIncome": "BP", "TDSCreditCarriedFwd": 0}, {"TANOfDeductor": "AHMR09048E", "TDSDeducted": 47, "TDSClaimed": 47, "GrossAmount": 4691, "HeadOfIncome": "BP", "TDSCreditCarriedFwd": 0}, {"TANOfDeductor": "AHMR09048E", "TDSDeducted": 3077, "TDSClaimed": 3077, "GrossAmount": 307733, "HeadOfIncome": "BP", "TDSCreditCarriedFwd": 0}, {"TANOfDeductor": "AHMR09048E", "TDSDeducted": 57, "TDSClaimed": 57, "GrossAmount": 5700, "HeadOfIncome": "BP", "TDSCreditCarriedFwd": 0}, {"TANOfDeductor": "AHMR09048E", "TDSDeducted": 2887, "TDSClaimed": 2887, "GrossAmount": 288734, "HeadOfIncome": "BP", "TDSCreditCarriedFwd": 0}, {"TANOfDeductor": "AHMR09048E", "TDSDeducted": 1423, "TDSClaimed": 1423, "GrossAmount": 142310, "HeadOfIncome": "BP", "TDSCreditCarriedFwd": 0}, {"TANOfDeductor": "AHMR09048E", "TDSDeducted": 13365, "TDSClaimed": 13365, "GrossAmount": 1336499, "HeadOfIncome": "BP", "TDSCreditCarriedFwd": 0}, {"TANOfDeductor": "AHMR09048E", "TDSDeducted": 528, "TDSClaimed": 528, "GrossAmount": 52825, "HeadOfIncome": "BP", "TDSCreditCarriedFwd": 0}, {"TANOfDeductor": "AHMR09048E", "TDSDeducted": 5065, "TDSClaimed": 5065, "GrossAmount": 506500, "HeadOfIncome": "BP", "TDSCreditCarriedFwd": 0}, {"TANOfDeductor": "AHMR09048E", "TDSDeducted": 14849, "TDSClaimed": 14849, "GrossAmount": 1484866, "HeadOfIncome": "BP", "TDSCreditCarriedFwd": 0}, {"TANOfDeductor": "AHMR09048E", "TDSDeducted": 520, "TDSClaimed": 520, "GrossAmount": 52000, "HeadOfIncome": "BP", "TDSCreditCarriedFwd": 0}, {"TANOfDeductor": "AHMR09048E", "TDSDeducted": 24959, "TDSClaimed": 24959, "GrossAmount": 2495892, "HeadOfIncome": "BP", "TDSCreditCarriedFwd": 0}, {"TANOfDeductor": "AHMR09048E", "TDSDeducted": 943, "TDSClaimed": 943, "GrossAmount": 94319, "HeadOfIncome": "BP", "TDSCreditCarriedFwd": 0}, {"TANOfDeductor": "AHMR09048E", "TDSDeducted": 152, "TDSClaimed": 152, "GrossAmount": 15159, "HeadOfIncome": "BP", "TDSCreditCarriedFwd": 0}, {"TANOfDeductor": "AHMR09048E", "TDSDeducted": 3242, "TDSClaimed": 3242, "GrossAmount": 324224, "HeadOfIncome": "BP", "TDSCreditCarriedFwd": 0}, {"TANOfDeductor": "AHMR09048E", "TDSDeducted": 1314, "TDSClaimed": 1314, "GrossAmount": 131419, "HeadOfIncome": "BP", "TDSCreditCarriedFwd": 0}, {"TANOfDeductor": "AHMR09048E", "TDSDeducted": 19, "TDSClaimed": 19, "GrossAmount": 1920, "HeadOfIncome": "BP", "TDSCreditCarriedFwd": 0}, {"TANOfDeductor": "AHMR09048E", "TDSDeducted": 639, "TDSClaimed": 639, "GrossAmount": 63890, "HeadOfIncome": "BP", "TDSCreditCarriedFwd": 0}, {"TANOfDeductor": "AHMR09048E", "TDSDeducted": 1005, "TDSClaimed": 1005, "GrossAmount": 100529, "HeadOfIncome": "BP", "TDSCreditCarriedFwd": 0}, {"TANOfDeductor": "AHMR09048E", "TDSDeducted": 230, "TDSClaimed": 230, "GrossAmount": 23040, "HeadOfIncome": "BP", "TDSCreditCarriedFwd": 0}, {"TANOfDeductor": "AHMR09048E", "TDSDeducted": 13790, "TDSClaimed": 13790, "GrossAmount": 1378968, "HeadOfIncome": "BP", "TDSCreditCarriedFwd": 0}, {"TANOfDeductor": "AHMR09048E", "TDSDeducted": 6957, "TDSClaimed": 6957, "GrossAmount": 695737, "HeadOfIncome": "BP", "TDSCreditCarriedFwd": 0}, {"TANOfDeductor": "AHMR09048E", "TDSDeducted": 573, "TDSClaimed": 573, "GrossAmount": 57290, "HeadOfIncome": "BP", "TDSCreditCarriedFwd": 0}], "TotalTDSonOthThanSals": 140790}}}}