{
    "ITR": {
        "ITR4": {
            "CreationInfo": {
                "SWVersionNo": "R1",
                "SWCreatedBy": "SW10012122",
                "JSONCreatedBy": "SW10012122",
                "JSONCreationDate": "2021-12-08",
                "Digest": "Ej4JthmW+5V5neZ8NSYuYigP9OpsFp8AiXhMyYGftuw=",
                "IntermediaryCity": "Purulia"
            },
            "Form_ITR4": {
                "FormName": "ITR-4",
                "Description": "Indls, HUFs and Firms (other than LLP) having Inc u/s 44AD, 44ADA or 44AE",
                "AssessmentYear": "2021",
                "SchemaVer": "Ver1.2",
                "FormVer": "Ver1.2"
            },
            "PersonalInfo": {
                "AssesseeName": {
                    "FirstName": "BASANTA",
                    "MiddleName": "KUMAR",
                    "SurNameOrOrgName": "SINGHADEO"
                },
                "Address": {
                    "ResidenceNo": "BABUGRAM",
                    "ResidenceName": "RAGHUNATHPUR",
                    "LocalityOrArea": "Ratanpur",
                    "CityOrTownOrDistrict": "Purulia",
                    "StateCode": "32",
                    "CountryCode": "91",
                    "PinCode": 723145,
                    "CountryCodeMobile": 91,
                    "MobileNo": 8670050434,
                    "CountryCodeMobileNoSec": 91,
                    "MobileNoSec": 9434140376,
                    "EmailAddress": "soumyadip.sen8@gmail.com",
                    "EmailAddressSec": "subirkumars57@gmail.com"
                },
                "PAN": "AKUPS0455K",
                "DOB": "1952-06-04",
                "EmployerCategory": "OTH",
                "Status": "I",
                "AadhaarCardNo": "633940320701"
            },
            "FilingStatus": {
                "ReturnFileSec": 11,
                "NewTaxRegime": "N",
                "SeventhProvisio139": "N",
                "DepAmtAggAmtExcd1CrPrYrFlg": "N",
                "IncrExpAggAmt2LkTrvFrgnCntryFlg": "N",
                "IncrExpAggAmt1LkElctrctyPrYrFlg": "N",
                "AsseseeRepFlg": "N"
            },
            "IncomeDeductions": {
                "AllwncExemptUs10": {
                    "TotalAllwncExemptUs10": 0
                },
                "OthersInc": {
                    "OthersIncDtlsOthSrc": [
                        {
                            "OthSrcNatureDesc": "SAV",
                            "OthSrcOthNatOfInc": "Interest from Saving Account",
                            "OthSrcOthAmount": 4672
                        },
                        {
                            "OthSrcNatureDesc": "TAX",
                            "OthSrcOthNatOfInc": "Interest from Income Tax Refund",
                            "OthSrcOthAmount": 1643
                        }
                    ]
                },
                "UsrDeductUndChapVIA": {
                    "Section80C": 60323,
                    "Section80CCC": 0,
                    "Section80CCDEmployeeOrSE": 0,
                    "Section80CCD1B": 0,
                    "Section80CCDEmployer": 0,
                    "Section80D": 0,
                    "Section80DD": 0,
                    "Section80DDB": 0,
                    "Section80E": 0,
                    "Section80GG": 0,
                    "Section80GGC": 0,
                    "Section80U": 0,
                    "Section80TTA": 0,
                    "Section80TTB": 0,
                    "TotalChapVIADeductions": 60323,
                    "Section80G": 0
                },
                "DeductUndChapVIA": {
                    "Section80C": 60323,
                    "Section80CCC": 0,
                    "Section80CCDEmployeeOrSE": 0,
                    "Section80CCD1B": 0,
                    "Section80CCDEmployer": 0,
                    "Section80D": 0,
                    "Section80DD": 0,
                    "Section80DDB": 0,
                    "Section80E": 0,
                    "Section80EE": 0,
                    "Section80EEA": 0,
                    "Section80EEB": 0,
                    "Section80G": 0,
                    "Section80GG": 0,
                    "Section80GGC": 0,
                    "Section80U": 0,
                    "Section80TTA": 0,
                    "Section80TTB": 0,
                    "TotalChapVIADeductions": 60323
                },
                "IncomeFromBusinessProf": 702761,
                "GrossSalary": 0,
                "NetSalary": 0,
                "DeductionUs16": 0,
                "DeductionUs16ia": 0,
                "EntertainmntalwncUs16ii": 0,
                "IncomeFromSal": 0,
                "GrossRentReceived": 0,
                "AnnualValue": 0,
                "AnnualValue30Percent": 0,
                "TotalIncomeOfHP": 0,
                "IncomeOthSrc": 6315,
                "DeductionUs57iia": 0,
                "GrossTotIncome": 709076,
                "TotalIncome": 648750
            },
            "TaxComputation": {
                "IntrstPay": {
                    "IntrstPayUs234A": 0,
                    "IntrstPayUs234B": 0,
                    "IntrstPayUs234C": 0,
                    "LateFilingFee234F": 0
                },
                "TotalTaxPayable": 39750,
                "Rebate87A": 0,
                "TaxPayableOnRebate": 39750,
                "EducationCess": 1590,
                "GrossTaxLiability": 41340,
                "Section89": 0,
                "NetTaxLiability": 41340,
                "TotTaxPlusIntrstPay": 41340
            },
            "TaxPaid": {
                "TaxesPaid": {
                    "AdvanceTax": 0,
                    "TDS": 77222,
                    "TCS": 0,
                    "SelfAssessmentTax": 0,
                    "TotalTaxesPaid": 77222
                },
                "BalTaxPayable": 0
            },
            "Refund": {
                "BankAccountDtls": {
                    "AddtnlBankDetails": [
                        {
                            "IFSCCode": "UTIB0003472",
                            "BankName": "AXIS BANK",
                            "BankAccountNo": "917010038683806",
                            "UseForRefund": "false"
                        },
                        {
                            "IFSCCode": "SBIN0008544",
                            "BankName": "STATE BANK OF INDIA",
                            "BankAccountNo": "11320763911",
                            "UseForRefund": "false"
                        },
                        {
                            "IFSCCode": "SBIN0000160",
                            "BankName": "STATE BANK OF INDIA",
                            "BankAccountNo": "32344237498",
                            "UseForRefund": "true"
                        }
                    ]
                },
                "RefundDue": 35880
            },
            "Schedule80G": {
                "Don100Percent": {
                    "TotDon100PercentCash": 0,
                    "TotDon100PercentOtherMode": 0,
                    "TotDon100Percent": 0,
                    "TotEligibleDon100Percent": 0
                },
                "Don50PercentNoApprReqd": {
                    "TotDon50PercentNoApprReqdCash": 0,
                    "TotDon50PercentNoApprReqdOtherMode": 0,
                    "TotDon50PercentNoApprReqd": 0,
                    "TotEligibleDon50Percent": 0
                },
                "Don100PercentApprReqd": {
                    "TotDon100PercentApprReqdCash": 0,
                    "TotDon100PercentApprReqdOtherMode": 0,
                    "TotDon100PercentApprReqd": 0,
                    "TotEligibleDon100PercentApprReqd": 0
                },
                "Don50PercentApprReqd": {
                    "TotDon50PercentApprReqdCash": 0,
                    "TotDon50PercentApprReqdOtherMode": 0,
                    "TotDon50PercentApprReqd": 0,
                    "TotEligibleDon50PercentApprReqd": 0
                },
                "TotalDonationsUs80GCash": 0,
                "TotalDonationsUs80GOtherMode": 0,
                "TotalDonationsUs80G": 0,
                "TotalEligibleDonationsUs80G": 0
            },
            "Schedule80D": {
                "Sec80DSelfFamSrCtznHealth": {
                    "SeniorCitizenFlag": "S",
                    "SelfAndFamily": 0,
                    "SelfAndFamilySeniorCitizen": 0,
                    "ParentsSeniorCitizenFlag": "P",
                    "Parents": 0,
                    "ParentsSeniorCitizen": 0,
                    "EligibleAmountOfDedn": 0
                }
            },
            "TaxExmpIntIncDtls": {
                "OthersInc": {
                    "OthersTotalTaxExe": 0
                }
            },
            "Verification": {
                "Declaration": {
                    "AssesseeVerName": "BASANTA KUMAR SINGHADEO",
                    "FatherName": "JAGANNATH SINGHADEO",
                    "AssesseeVerPAN": "AKUPS0455K"
                },
                "Capacity": "S",
                "Place": "202.142.71.74"
            },
            "ScheduleBP": {
                "NatOfBus44AD": [
                    {
                        "NameOfBusiness": "BASANTA KUMAR SINGHADEO",
                        "CodeAD": "06010"
                    }
                ],
                "PersumptiveInc44AD": {
                    "GrsTrnOverBank": 7722014,
                    "PersumptiveInc44AD6Per": 617761,
                    "TotPersumptiveInc44AD": 617761
                },
                "PersumptiveInc44ADA": {
                    "GrsReceipt": 0,
                    "TotPersumptiveInc44ADA": 0
                },
                "NatOfBus44AE": [
                    {
                        "NameOfBusiness": "BASANTA KUMAR SINGHADEO",
                        "CodeAE": "11015"
                    }
                ],
                "GoodsDtlsUs44AE": [
                    {
                        "RegNumberGoodsCarriage": "WB812457",
                        "OwnedLeasedHiredFlag": "OWN",
                        "TonnageCapacity": 2,
                        "HoldingPeriod": 10,
                        "PresumptiveIncome": 85000
                    }
                ],
                "PersumptiveInc44AE": {
                    "TotPersumInc44AE": 85000,
                    "TotalPersumptiveInc": 85000,
                    "IncChargeableUnderBus": 702761
                },
                "TurnoverGrsRcptForGSTIN": [
                    {
                        "GSTINNo": "19AKUPS0455K1ZD",
                        "AmtTurnGrossRcptGSTIN": 7722014
                    }
                ],
                "FinanclPartclrOfBusiness": {
                    "SundryCreditors": 0,
                    "TotCapLiabilities": 0,
                    "Inventories": 0,
                    "SundryDebtors": 0,
                    "CashInHand": 76312,
                    "TotalAssets": 76312
                },
                "TotalTurnoverGrsRcptGSTIN": 7722014
            },
            "ScheduleIT": {
                "TotalTaxPayments": 0
            },
            "ScheduleTCS": {
                "TotalSchTCS": 0
            },
            "TDSonSalaries": {
                "TotalTDSonSalaries": 0
            },
            "TDSonOthThanSals": {
                "TDSonOthThanSalDtls": [
                    {
                        "TANOfDeductor": "CALE02458B",
                        "BroughtFwdTDSAmt": 0,
                        "TDSDeducted": 62147,
                        "TDSClaimed": 62147,
                        "GrossAmount": 6214557,
                        "HeadOfIncome": "BP",
                        "TDSCreditCarriedFwd": 0
                    },
                    {
                        "TANOfDeductor": "CALE02441F",
                        "BroughtFwdTDSAmt": 0,
                        "TDSDeducted": 15075,
                        "TDSClaimed": 15075,
                        "GrossAmount": 1507457,
                        "HeadOfIncome": "BP",
                        "TDSCreditCarriedFwd": 0
                    }
                ],
                "TotalTDSonOthThanSals": 77222
            },
            "ScheduleTDS3Dtls": {
                "TotalTDS3Details": 0
            }
        }
    }
}