{"ITR": {"ITR3": {"CreationInfo": {"SWVersionNo": "R1", "SWCreatedBy": "SW10012223", "JSONCreatedBy": "SW10012223", "JSONCreationDate": "2022-10-26", "Digest": "kKE2wYxcvLqzHI3Grsy1hC8Z9LZdvdMq0bXBS2rIKn8=", "IntermediaryCity": "Delhi"}, "Form_ITR3": {"FormName": "ITR-3", "Description": "Indls, HUFs having income from profits and gains of business or profession", "AssessmentYear": "2022", "SchemaVer": "Ver1.0", "FormVer": "Ver1.0"}, "PartA_GEN1": {"PersonalInfo": {"AssesseeName": {"FirstName": "BASANTA", "MiddleName": "KUMAR", "SurNameOrOrgName": "SINGHADEO"}, "Address": {"ResidenceNo": "BABUGRAM", "ResidenceName": "RAGHUNATHPUR", "LocalityOrArea": "Batmanmi", "CityOrTownOrDistrict": "Purulia", "StateCode": "32", "CountryCode": "91", "PinCode": 723145, "CountryCodeMobile": 91, "MobileNo": 8670050434, "CountryCodeMobileNoSec": 91, "MobileNoSec": 9434140376, "EmailAddress": "soumyadip.sen8@gmail.com", "EmailAddressSec": "subirkumars57@gmail.com"}, "PAN": "AKUPS0455K", "DOB": "1952-06-04", "Status": "I", "AadhaarCardNo": "633940320701"}, "FilingStatus": {"ReturnFileSec": 11, "NewTaxRegime": "N", "OptingNewTaxRegime": 2, "SeventhProvisio139": "N", "DepAmtAggAmtExcd1CrPrYrFlg": "N", "IncrExpAggAmt2LkTrvFrgnCntryFlg": "N", "IncrExpAggAmt1LkElctrctyPrYrFlg": "N", "clauseiv7provisio139i": "N", "ResidentialStatus": "RES", "ConditionsResStatus": "1", "BenefitUs115HFlg": "N", "PortugeseCC5A": "N", "AsseseeRepFlg": "N", "CompDirectorPrvYrFlg": "N", "PartnerInFirmFlg": "N", "HeldUnlistedEqShrPrYrFlg": "N", "NriSEPinIndia": "N", "ForeignExchangeFlag": "N"}}, "PartA_GEN2": {"AuditInfo": {"AuditDetails": [{"OthAuditDtls": "N"}], "AuditReportDetails": [{"OtherITActFlag": "N"}], "LiableSec44AAflg": "Y", "IncDclrdUs": "N", "TotalSalesExcOneCr": "Y", "AgrOFAllAmtsRcvd": "N", "AgrOFAllPayMade": "N", "LiableSec44ABflg": "Y", "AuditAccountantFlg": "Y", "AuditReportFurnishDate": "2022-09-27", "AuditorName": "SAMIR GOENKA", "AuditorMemNo": "064641", "AudFrmName": "M.GOENKA & CO", "AudFrmRegNo": "0309134E", "AudFrmPAN": "AAFFM0976L", "AuditDate": "2022-09-27", "LiableSec92Eflg": "N", "AccountAuditFlag": "N"}, "NatOfBus": {"NatureOfBusiness": [{"Code": "06010"}]}}, "PARTA_BS": {"FundSrc": {"PropFund": {"ResrNSurp": {"RevResr": 0, "CapResr": 0, "StatResr": 0, "OthResr": 0, "TotResrNSurp": 0}, "PropCap": 5305060, "TotPropFund": 5305060}, "LoanFunds": {"SecrLoan": {"RupeeLoan": {"FrmBank": 1242387, "FrmOthrs": 362500, "TotRupeeLoan": 1604887}, "ForeignCurrLoan": 0, "TotSecrLoan": 1604887}, "UnsecrLoan": {"FrmBank": 0, "FrmOthrs": 0, "TotUnSecrLoan": 0}, "TotLoanFund": 1604887}, "DeferredTax": 0, "TotFundSrc": 6909947}, "FundApply": {"FixedAsset": {"GrossBlock": 858300, "Depreciation": 121170, "NetBlock": 737130, "CapWrkProg": 0, "TotFixedAsset": 737130}, "Investments": {"LongTermInv": {"GovtOthSecQuoted": 0, "GovOthSecUnQoted": 0, "TotLongTermInv": 0}, "TradeInv": {"EquityShares": 0, "PreferShares": 0, "Debenture": 0, "TotTradeInv": 0}, "TotInvestments": 0}, "CurrAssetLoanAdv": {"CurrAsset": {"Inventories": {"StoresConsumables": 0, "RawMatl": 0, "StkInProcess": 0, "FinOrTradGood": 0, "TotInventries": 0}, "CashOrBankBal": {"CashinHand": 65098, "BankBal": 1773494, "TotCashOrBankBal": 1838592}, "SndryDebtors": 0, "OthCurrAsset": 3550000, "TotCurrAsset": 5388592}, "LoanAdv": {"AdvRecoverable": 0, "Deposits": 923990, "BalWithRevAuth": 119185, "TotLoanAdv": 1043175}, "CurrLiabilitiesProv": {"CurrLiabilities": {"SundryCred": 0, "LiabForLeasedAsset": 0, "AccrIntonLeasedAsset": 0, "AccrIntNotDue": 0, "TotCurrLiabilities": 0}, "Provisions": {"ITProvision": 0, "ELSuperAnnGratProvision": 0, "OthProvision": 258950, "TotProvisions": 258950}, "TotCurrLiabilitiesProvision": 258950}, "TotCurrAssetLoanAdv": 6431767, "NetCurrAsset": 6172817}, "MiscAdjust": {"MiscExpndr": 0, "DefTaxAsset": 0, "AccumaltedLosses": 0, "TotMiscAdjust": 0}, "TotFundApply": 6909947}}, "ManufacturingAccount": {"OpeningInventory": {"OpngInvntryTotal": 0, "DirectExpenses": 0, "TotalFactoryOverheads": 0, "TotalDebtsManfctrngAcc": 0}, "ClosingStock": {"ClsngStckTotal": 0}, "CostOfGoodsPrdcd": 0}, "TradingAccount": {"ExciseCustomsVAT": {"TotExciseCustomsVAT": 0}, "OtherIncDtls": [{"NatureOfIncome": "LABOUR CHARGES & OTHERS", "Amount": 5088171}, {"NatureOfIncome": "FREIGHT CHARGES", "Amount": 105200}, {"NatureOfIncome": "LOADING & UNLOADING", "Amount": 68400}], "DutyTaxPay": {"ExciseCustomsVAT": {"TotExciseCustomsVAT": 0}}, "SaleOfServices": 11918472, "OperatingRevenueTotal": 0, "SalesGrossReceiptsTotal": 11918472, "TotRevenueFrmOperations": 11918472, "TardingAccTotCred": 11918472, "Purchases": 2459734, "DirectExpenses": 5261771, "CarriageInward": 0, "PowerAndFuel": 0, "DirectExpensesTotal": 5261771, "GoodsCostPrdcdFrmMA": 0, "GrossProfitFrmBusProf": 4196967}, "PARTA_PL": {"CreditsToPL": {"OthIncome": {"RentInc": 0, "Comissions": 0, "Dividends": 0, "InterestInc": 0, "ProfitOnSaleFixedAsset": 0, "ProfitOnInvChrSTT": 0, "ProfitOnOthInv": 0, "ProfitOnCurrFluct": 0, "ProfitOnCnvInvntryToCapAsst": 0, "ProfitOnAgriIncome": 0, "MiscOthIncome": 0, "TotOthIncome": 0}, "GrossProfitTrnsfFrmTrdAcc": 4196967, "TotCreditsToPL": 4196967}, "DebitsToPL": {"EmployeeComp": {"SalsWages": 1956000, "Bonus": 163000, "MedExpReimb": 0, "LeaveEncash": 0, "LeaveTravelBenft": 0, "ContToSuperAnnFund": 0, "ContToPF": 0, "ContToGratFund": 0, "ContToOthFund": 0, "OthEmpBenftExpdr": 0, "TotEmployeeComp": 2119000, "AnyCompPaidToNonRes": "N"}, "Insurances": {"MedInsur": 0, "LifeInsur": 0, "KeyManInsur": 0, "OthInsur": 0, "TotInsurances": 0}, "CommissionExpdrDtls": {"NonResOtherCompany": 0, "Others": 0, "Total": 0}, "RoyalityDtls": {"NonResOtherCompany": 0, "Others": 0, "Total": 0}, "ProfessionalConstDtls": {"NonResOtherCompany": 0, "Others": 0, "Total": 0}, "RatesTaxesPays": {"ExciseCustomsVAT": {"UnionExciseDuty": 0, "ServiceTax": 0, "VATorSaleTax": 0, "Cess": 123917, "CentralGoodServiceTax": 0, "StateGoodServiceTax": 0, "IntegratedGoodServiceTax": 0, "UnionTerrGoodServiceTax": 0, "OthDutyTaxCess": 0, "TotExciseCustomsVAT": 123917}}, "OtherExpensesDtls": [{"ExpenseNature": "Electric & Generator", "Amount": 24000}, {"ExpenseNature": "Bank Charges", "Amount": 7200}, {"ExpenseNature": "Site & Mechanic  Expenses", "Amount": 650000}, {"ExpenseNature": "Tea & Tifin Etc.", "Amount": 38900}, {"ExpenseNature": "Misc. Expenses", "Amount": 12300}, {"ExpenseNature": "Printing & Stationery", "Amount": 7700}, {"ExpenseNature": "Project Design Expenses", "Amount": 32100}, {"ExpenseNature": "Tender Expenses", "Amount": 64300}, {"ExpenseNature": "Other deduction", "Amount": 1250}, {"ExpenseNature": "Bank Charges", "Amount": 13390}], "BadDebtDtls": {"BadDebtAmtDtlsTotal": 0, "OthersPANNotAvlblDtlTotal": 0, "OthersAmtLt1Lakh": 0, "BadDebt": 0}, "InterestExpdrtDtls": {"NonResOtherCompany": 0, "Others": 144440, "InterestExpdr": 144440}, "Freight": 0, "ConsumptionOfStores": 0, "PowerFuel": 0, "RentExpdr": 0, "RepairsBldg": 0, "RepairMach": 0, "StaffWelfareExp": 0, "Entertainment": 0, "Hospitality": 0, "Conference": 0, "SalePromoExp": 0, "Advertisement": 0, "HotelBoardLodge": 0, "TravelExp": 62600, "ForeignTravelExp": 0, "ConveyanceExp": 0, "TelephoneExp": 0, "GuestHouseExp": 0, "ClubExp": 0, "FestivalCelebExp": 0, "Scholarship": 0, "Gift": 0, "Donation": 0, "AuditFee": 0, "OtherExpenses": 851140, "ProvForBadDoubtDebt": 0, "OthProvisionsExpdr": 0, "PBIDTA": 1040310, "DepreciationAmort": 121170, "PBT": 774700}, "TaxProvAppr": {"ProvForCurrTax": 0, "ProvDefTax": 0, "ProfitAfterTax": 774700, "BalBFPrevYr": 0, "AmtAvlAppr": 774700, "TrfToReserves": 0, "ProprietorAccBalTrf": 774700}, "PersumptiveInc44AD": {"GrsTrnOverOrReceipt": 0, "TotPersumptiveInc44AD": 0}, "NatOfBus44AE": [{"NameOfBusiness": "BASANTA KUMAR SINGHADEO", "CodeAE": "11015"}], "GoodsDtlsUs44AE": [{"RegNumberGoodsCarriage": "WB812457", "OwnedLeasedHiredFlag": "OWN", "TonnageCapacity": 2, "HoldingPeriod": 12, "PresumptiveIncome": 90000}], "NoBooksOfAccPL": {"GrossReceipt": 0, "GrsRcptAccPayeeOrBankMode": 0, "GrsRcptOtherMode": 0, "GrossProfit": 0, "Expenses": 0, "NetProfit": 0, "GrossReceiptPrf": 0, "GrsRcptAccPayeeOrBankModePrf": 0, "GrsRcptOtherModePrf": 0, "GrossProfitPrf": 0, "ExpensesPrf": 0, "NetProfitPrf": 0, "TotBusinessProfession": 0}, "TotalNumOfMonths": 12, "TotalPrsumptvIncUs44EGoods": 90000, "TotalPrsumptvIncUs44E": 90000, "TurnverFrmSpecActivity": 0, "NetIncomeFrmSpecActivity": 0}, "PARTA_OI": {"MethodOfValClgStk": {"ValRawMaterial": "2", "ValFinishedGoods": "2", "ChngStockValMetFlg": "N", "EffectOnPL": 0, "DecProOrIncLossUs145_A": 0}, "NoCredToPLAmt": {"Section28Items": 0, "ProformaCreditsDue": 0, "PrevYrEscalClaim": 0, "OthItemInc": 0, "CapReceipt": 0, "TotNoCredToPLAmt": 0}, "AmtDisallUs36": {"StkInsurPrem": 0, "EmpHealthInsurPrem": 0, "EmpBonusCommSum": 0, "IntOnBorrCap": 0, "ZeroCoupBondDisc": 0, "RecogPFContribAmt": 0, "AppSuperAnnFundAmt": 0, "PensionSchemeSec80CCD": 0, "AppGratFundAmt": 0, "OthFundAmt": 0, "EmpContributionCredits": 0, "BadDebtDoubtAmt": 0, "BadDebtDoubtProvn": 0, "SpecResrvTranfr": 0, "FamPlanPromoExp": 0, "SecuritiesPaidAmt": 0, "MrktLossOthExpLossICDS": 0, "OthDisallowances": 0, "TotAmtDisallUs36": 0}, "AmtDisallUs37": {"CapitalNatureExp": 0, "PersonalExp": 0, "BusOrProfessnExp": 0, "PoliticPartyExp": 0, "LawVoilatPenalExp": 0, "OthPenalFineExp": 0, "OffenceExp": 0, "ContigentLiability": 0, "OthAmtNotAllowUs37": 0, "TotAmtDisallUs37": 0}, "AmtDisallUs40": {"NonCompChapXVIIBAmt": 0, "NonComp40aiiChapXVIIBAmt": 0, "NonComp40aibChapXVIIBAmt": 0, "NonComp40aiiiChapXVIIBAmt": 0, "TaxAmtOnProfits": 0, "WTAmt": 0, "RolyatyOrServiceFee": 0, "IntSalBonPartner": 0, "OthDisallow": 0, "TotAmtDisallUs40": 0, "AmtDisallUs40PyNowAll": 0}, "AmtDisallUs40A": {"AmtPaidUs40A2b": 0, "AmtGT20kCash": 0, "ProvPmtGrat": 0, "ContToSetupTrust": 0, "OthDisallow": 0, "TotAmtDisallUs40A": 0}, "AmtDisallUs43BPyNowAll": {"AmtUs43B": {"TaxDutyCesAmt": 0, "ContToEmpPFSFGF": 0, "EmpBonusComm": 0, "IntPayaleToFI": 0, "SumPayaleLoanBrToFinComp": 0, "IntPayaleToFISchBank": 0, "LeaveEncashPayable": 0, "RailwayAssetsPayable": 0, "TotAmtUs43b": 0}}, "AmtDisall43B": {"AmtUs43B": {"TaxDutyCesAmt": 0, "ContToEmpPFSFGF": 0, "EmpBonusComm": 0, "IntPayaleToFI": 0, "SumPayaleLoanBrToFinComp": 0, "IntPayaleToFISchBank": 0, "LeaveEncashPayable": 0, "RailwayAssetsPayable": 0, "TotAmtUs43b": 0}}, "AmtExciseCustomsVATOutstanding": {"ExciseCustomsVAT": {"UnionExciseDuty": 0, "ServiceTax": 0, "VATorSaleTax": 0, "CentralGoodServiceTax": 0, "StateGoodServiceTax": 0, "IntegratedGoodServiceTax": 0, "UnionTerrGoodServiceTax": 0, "OthDutyTaxCess": 0, "TotExciseCustomsVAT": 0}}, "MethodOfAcct": "MERC", "ChangeInAcctMethFlg": "N", "ProfDeviatDueAcctMeth": 0, "DecProOrIncLossUs145_2": 0, "DeemedProfUs33ABs": 0, "DeemedProfUs33AB": 0, "DeemedProfUs33ABA": 0, "ProfTaxAmtUs41": 0, "PriorAmtIncCrDrPL": 0, "AmountOfExpDisAllwUs14A": 0, "ScheduleTPSAFlg": "N"}, "ScheduleS": {"TotalGrossSalary": 0, "AllwncExtentExemptUs10": 0, "NetSalary": 0, "DeductionUS16": 0, "DeductionUnderSection16ia": 0, "EntertainmntalwncUs16ii": 0, "ProfessionalTaxUs16iii": 0, "TotIncUnderHeadSalaries": 0}, "ITR3ScheduleBP": {"BusinessIncOthThanSpec": {"IncRecCredPLOthHeadDtls": {"Salary": 0, "HouseProperty": 0, "CapitalGains": 0, "OtherSources": 0, "Dividend": 0, "OtherThanDividend": 0, "Us115BBF": 0, "Us115BBG": 0}, "ProfitLossInclRefrdSec": {"ProfitLossUs44AD": 0, "ProfitLossUs44ADA": 0, "ProfitLossUs44AE": 90000, "ProfitLossUs44B": 0, "ProfitLossUs44BB": 0, "ProfitLossUs44BBA": 0, "ProfitLossUs44DA": 0}, "ProfitFrmActCvrd": {"ProfitFrmActCvrdUndrRule7": 0, "ProfitFrmActCvrdUndrRule7A": 0, "ProfitFrmActCvrdUndrRule7B1": 0, "ProfitFrmActCvrdUndrRule7B1A": 0, "ProfitFrmActCvrdUndrRule8": 0}, "IncCredPL": {"FirmShareInc": 0, "AOPBOISharInc": 0, "OthExempInc": 0, "TotExempIncPL": 0}, "ExpDebToPLOthHeadDtls": {"Salary": 0, "HouseProperty": 0, "CapitalGains": 0, "OtherSources": 0, "Us115BBF": 0, "Us115BBG": 0}, "DepreciationAllowITAct32": {"DepreciationAllowUs32_1_ii": 121170, "DepreciationAllowUs32_1_i": 0, "TotDeprAllowITAct": 121170}, "DeemedProfitBusUs": {"Section44AD": 0, "Section44ADA": 0, "Section44AE": 90000, "Section44B": 0, "Section44BB": 0, "Section44BBA": 0, "Section44DA": 0, "TotDeemedProfitBusUs": 90000}, "ProfBfrTaxPL": 864700, "NetPLFromSpecBus": 0, "NetPLFromSpecifiedBus": 0, "PLUs44sChapXIIG": 90000, "TotalProfitFrmActCvrd": 0, "BalancePLOthThanSpecBus": 774700, "ExpDebToPLExemptInc": 0, "ExpDebToPLExemptIncDisAllwUs14A": 0, "TotExpDebPL": 0, "AdjustedPLOthThanSpecBus": 774700, "DepreciationDebPLCosAct": 121170, "AdjustPLAfterDeprOthSpecInc": 774700, "AmtDebPLDisallowUs36": 0, "AmtDebPLDisallowUs37": 0, "AmtDebPLDisallowUs40": 0, "AmtDebPLDisallowUs40A": 0, "AmtDebPLDisallowUs43B": 0, "InterestDisAllowUs23SMEAct": 0, "DeemIncUs41": 0, "DeemIncUs3380HHD80IA": 0, "DeemIncUs32AD": 0, "DeemIncUs33AB": 0, "DeemIncUs33ABA": 0, "DeemIncUs35ABB": 0, "DeemIncUs40A3A": 0, "DeemIncUs72A": 0, "DeemIncUs80HHD": 0, "DeemIncUs80IA": 0, "DeemIncUs43CA": 0, "OthItemDisallowUs28To44DA": 0, "AnyOthIncNotInclInExpDisallowPL": 0, "AnyOthIncNotInclInSalary": 0, "AnyOthIncNotInclInBonus": 0, "AnyOthIncNotInclInCommission": 0, "AnyOthIncNotInclInInterest": 0, "AnyOthIncNotInclInOthers": 0, "IncProfDecLossAccICDSAdj": 0, "TotAfterAddToPLDeprOthSpecInc": 0, "DeductUs32_1_iii": 0, "DebPLUs35ExcessAmt": 0, "AmtDisallUs40NowAllow": 0, "AmtDisallUs43BNowAllow": 0, "AnyOthAmtAllDeduct": 0, "DecProfIncLossAccICDSAdj": 0, "TotDeductionAmts": 0, "PLAftAdjDedBusOthThanSpec": 774700, "NetPLAftAdjBusOthThanSpec": 864700, "NetPLBusOthThanSpec7A7B7C": 864700, "ChrgblIncUndrRule7": 0, "DeemedChrgblIncUndrRule7A": 0, "DeemedChrgblIncUndrRule7B1": 0, "DeemedChrgblIncUndrRule7B1A": 0, "DeemedChrgblIncUndrRule8": 0, "IncomeOtherThanRule": 864700, "BalIncDeemedFrmAgri": 0}, "SpecBusinessInc": {"NetPLFrmSpecBus": 0, "AdditionUs28to44DA": 0, "DeductUs28to44DA": 0, "AdjustedPLFrmSpecuBus": 0}, "SpecifiedBusinessInc": {"NetPLFrmSpecifiedBus": 0, "AddSec28to44DA": 0, "DedSec28to44DAOTDedSec35AD": 0, "ProfitLossSpecifiedBusiness": 0, "DeductionUs35AD": 0, "PLFrmSpecifiedBus": 0}, "BusSetoffCurrYr": {"SpeculativeInc": {"IncOfCurYrUnderThatHead": 0, "BusLossSetoff": 0, "IncOfCurYrAfterSetOff": 0}, "SpecifiedInc": {"IncOfCurYrUnderThatHead": 0, "BusLossSetoff": 0, "IncOfCurYrAfterSetOff": 0}, "LossSetOffOnBusLoss": 0, "TotLossSetOffOnBus": 0, "LossRemainSetOffOnBus": 0}, "IncChrgUnHdProftGain": 864700}, "ScheduleDPM": {"PlantMachinery": {"Rate15": {"DepreciationDetail": {"WDVFirstDay": 807800, "AdditionsGrThan180Days": 0, "RealizationTotalPeriod": 0, "FullRateDeprAmt": 807800, "AdditionsLessThan180Days": 0, "RealizationPeriodLessThan180days": 0, "HalfRateDeprAmt": 0, "DepreciationAtFullRate": 121170, "DepreciationAtHalfRate": 0, "TotalDepreciation": 121170, "DepDisAllowUs38_2": 0, "NetAggregateDepreciation": 121170, "ProportionateAggDepreciation": 0, "ExpdrOnTrforSaleAsset": 0, "CapGainUs50": 0, "WDVLastDay": 686630}}, "Rate30": {"DepreciationDetail": {"WDVFirstDay": 0, "AdditionsGrThan180Days": 0, "RealizationTotalPeriod": 0, "FullRateDeprAmt": 0, "AdditionsLessThan180Days": 0, "RealizationPeriodLessThan180days": 0, "HalfRateDeprAmt": 0, "DepreciationAtFullRate": 0, "DepreciationAtHalfRate": 0, "TotalDepreciation": 0, "DepDisAllowUs38_2": 0, "NetAggregateDepreciation": 0, "ProportionateAggDepreciation": 0, "ExpdrOnTrforSaleAsset": 0, "CapGainUs50": 0, "WDVLastDay": 0}}, "Rate40": {"DepreciationDetail": {"WDVFirstDay": 0, "AdditionsGrThan180Days": 0, "RealizationTotalPeriod": 0, "FullRateDeprAmt": 0, "AdditionsLessThan180Days": 0, "RealizationPeriodLessThan180days": 0, "HalfRateDeprAmt": 0, "DepreciationAtFullRate": 0, "DepreciationAtHalfRate": 0, "TotalDepreciation": 0, "DepDisAllowUs38_2": 0, "NetAggregateDepreciation": 0, "ProportionateAggDepreciation": 0, "ExpdrOnTrforSaleAsset": 0, "CapGainUs50": 0, "WDVLastDay": 0}}, "Rate45": {"DepreciationDetail": {"WDVFirstDay": 0, "RealizationTotalPeriod": 0, "FullRateDeprAmt": 0, "DepreciationAtFullRate": 0, "TotalDepreciation": 0, "DepDisAllowUs38_2": 0, "NetAggregateDepreciation": 0, "ProportionateAggDepreciation": 0, "ExpdrOnTrforSaleAsset": 0, "CapGainUs50": 0, "WDVLastDay": 0}}}}, "ScheduleDOA": {"Land": {"DepreciationDetail": {"WDVFirstDay": 0, "WDVLastDay": 0}}, "Building": {"Rate5": {"DepreciationDetail": {"WDVFirstDay": 0, "AdditionsGrThan180Days": 0, "RealizationTotalPeriod": 0, "FullRateDeprAmt": 0, "AdditionsLessThan180Days": 0, "RealizationPeriodLessThan180days": 0, "HalfRateDeprAmt": 0, "DepreciationAtFullRate": 0, "DepreciationAtHalfRate": 0, "TotalDepreciation": 0, "DepDisAllowUs38_2": 0, "NetAggregateDepreciation": 0, "ProportionateAggDepreciation": 0, "ExpdrOnTrforSaleAsset": 0, "CapGainUs50": 0, "WDVLastDay": 0}}, "Rate10": {"DepreciationDetail": {"WDVFirstDay": 0, "AdditionsGrThan180Days": 0, "RealizationTotalPeriod": 0, "FullRateDeprAmt": 0, "AdditionsLessThan180Days": 0, "RealizationPeriodLessThan180days": 0, "HalfRateDeprAmt": 0, "DepreciationAtFullRate": 0, "DepreciationAtHalfRate": 0, "TotalDepreciation": 0, "DepDisAllowUs38_2": 0, "NetAggregateDepreciation": 0, "ProportionateAggDepreciation": 0, "ExpdrOnTrforSaleAsset": 0, "CapGainUs50": 0, "WDVLastDay": 0}}, "Rate40": {"DepreciationDetail": {"WDVFirstDay": 0, "AdditionsGrThan180Days": 0, "RealizationTotalPeriod": 0, "FullRateDeprAmt": 0, "AdditionsLessThan180Days": 0, "RealizationPeriodLessThan180days": 0, "HalfRateDeprAmt": 0, "DepreciationAtFullRate": 0, "DepreciationAtHalfRate": 0, "TotalDepreciation": 0, "DepDisAllowUs38_2": 0, "NetAggregateDepreciation": 0, "ProportionateAggDepreciation": 0, "ExpdrOnTrforSaleAsset": 0, "CapGainUs50": 0, "WDVLastDay": 0}}}, "FurnitureFittings": {"Rate10": {"DepreciationDetail": {"WDVFirstDay": 0, "AdditionsGrThan180Days": 0, "RealizationTotalPeriod": 0, "FullRateDeprAmt": 0, "AdditionsLessThan180Days": 0, "RealizationPeriodLessThan180days": 0, "HalfRateDeprAmt": 0, "DepreciationAtFullRate": 0, "DepreciationAtHalfRate": 0, "TotalDepreciation": 0, "DepDisAllowUs38_2": 0, "NetAggregateDepreciation": 0, "ProportionateAggDepreciation": 0, "ExpdrOnTrforSaleAsset": 0, "CapGainUs50": 0, "WDVLastDay": 0}}}, "IntangibleAssets": {"Rate25": {"DepreciationDetail": {"WDVFirstDay": 0, "AdditionsGrThan180Days": 0, "RealizationTotalPeriod": 0, "FullRateDeprAmt": 0, "AdditionsLessThan180Days": 0, "RealizationPeriodLessThan180days": 0, "HalfRateDeprAmt": 0, "DepreciationAtFullRate": 0, "DepreciationAtHalfRate": 0, "TotalDepreciation": 0, "DepDisAllowUs38_2": 0, "NetAggregateDepreciation": 0, "ProportionateAggDepreciation": 0, "ExpdrOnTrforSaleAsset": 0, "CapGainUs50": 0, "WDVLastDay": 0}}}, "Ships": {"Rate20": {"DepreciationDetail": {"WDVFirstDay": 0, "AdditionsGrThan180Days": 0, "RealizationTotalPeriod": 0, "FullRateDeprAmt": 0, "AdditionsLessThan180Days": 0, "RealizationPeriodLessThan180days": 0, "HalfRateDeprAmt": 0, "DepreciationAtFullRate": 0, "DepreciationAtHalfRate": 0, "TotalDepreciation": 0, "DepDisAllowUs38_2": 0, "NetAggregateDepreciation": 0, "ProportionateAggDepreciation": 0, "ExpdrOnTrforSaleAsset": 0, "CapGainUs50": 0, "WDVLastDay": 0}}}}, "ScheduleDEP": {"SummaryFromDeprSch": {"PlantMachinerySummary": {"DeprBlockTot15Percent": 121170, "DeprBlockTot30Percent": 0, "DeprBlockTot40Percent": 0, "DeprBlockTot45Percent": 0, "TotPlntMach": 121170}, "BuildingSummary": {"DeprBlockTot5Percent": 0, "DeprBlockTot10Percent": 0, "DeprBlockTot40Percent": 0, "TotBuildng": 0}, "FurnitureSummary": 0, "IntangibleAssetSummary": 0, "ShipsSummary": 0, "TotalDepreciation": 121170}}, "ScheduleDCG": {"SummaryFromDeprSchCG": {"PlantMachinerySummaryCG": {"DeprBlockTot15Percent": 0, "DeprBlockTot30Percent": 0, "DeprBlockTot40Percent": 0, "DeprBlockTot45Percent": 0, "TotPlntMach": 0}, "BuildingSummaryCG": {"DeprBlockTot5Percent": 0, "DeprBlockTot10Percent": 0, "DeprBlockTot40Percent": 0, "TotBuildng": 0}, "FurnitureSummary": 0, "IntangibleAssetSummary": 0, "ShipsSummary": 0, "TotalDepreciation": 0}}, "ScheduleCGFor23": {"ShortTermCapGainFor23": {"SlumpSaleInStcg": {"FMV11UAEii": 0, "FMV11UAEiii": 0, "FullConsideration": 0, "NetWorthOfDivision": 0, "CapgainonAssets": 0}, "NRITransacSec48Dtl": {"NRItaxSTTPaid": 0, "NRItaxSTTNotPaid": 0}, "NRISecur115AD": {"DeductSec48": {"AquisitCost": 0, "ImproveCost": 0, "ExpOnTrans": 0, "TotalDedn": 0}, "FullValueConsdRecvUnqshr": 0, "FairMrktValueUnqshr": 0, "FullValueConsdSec50CA": 0, "FullValueConsdOthUnqshr": 0, "FullConsideration": 0, "BalanceCG": 0, "LossSec94of7Or94of8": 0, "CapgainonAssets": 0}, "SaleOnOtherAssets": {"DeductSec48": {"AquisitCost": 0, "ImproveCost": 0, "ExpOnTrans": 0, "TotalDedn": 0}, "ExemptionOrDednUs54": {"ExemptionGrandTotal": 0}, "FullValueConsdRecvUnqshr": 0, "FairMrktValueUnqshr": 0, "FullValueConsdSec50CA": 0, "FullValueConsdOthUnqshr": 0, "FullConsideration": 0, "BalanceCG": 0, "LossSec94of7Or94of8": 0, "DeemedStcgOnAssets": 0, "CapgainonAssets": 0}, "TotalAmtDeemedStcg": 0, "PassThrIncNatureSTCG": 0, "TotalAmtNotTaxUsDTAAStcg": 0, "TotalAmtTaxUsDTAAStcg": 0, "TotalSTCG": 0}, "LongTermCapGain23": {"SlumpSaleInLtcg": {"ExemptionOrDednUs54": {"ExemptionGrandTotal": 0}, "FMV11UAEii": 0, "FMV11UAEiii": 0, "FullConsideration": 0, "NetWorthOfDivision": 0, "SlumpBalance": 0, "CapgainonAssets": 0}, "SaleofBondsDebntr": {"DeductSec48": {"AquisitCost": 0, "ImproveCost": 0, "ExpOnTrans": 0, "TotalDedn": 0}, "FullConsideration": 0, "BalanceCG": 0, "DeductionUs54F": 0, "CapgainonAssets": 0}, "SaleOfEquityShareUs112A": {"BalanceCG": 0, "DeductionUs54F": 0, "CapgainonAssets": 0}, "NRIProvisoSec48": {"LTCGWithoutBenefit": 0, "DeductionUs54F": 0, "BalanceCG": 0}, "NRISaleOfEquityShareUs112A": {"BalanceCG": 0, "DeductionUs54F": 0, "CapgainonAssets": 0}, "NRISaleofForeignAsset": {"SaleonSpecAsset": 0, "DednSpecAssetus115": 0, "BalonSpeciAsset": 0, "SaleOtherSpecAsset": 0, "DednOtherSpecAssetus115": 0, "BalOtherthanSpecAsset": 0}, "SaleofAssetNA": {"DeductSec48": {"AquisitCost": 0, "ImproveCost": 0, "ExpOnTrans": 0, "TotalDedn": 0}, "ExemptionOrDednUs54": {"ExemptionGrandTotal": 0}, "FullValueConsdRecvUnqshr": 0, "FairMrktValueUnqshr": 0, "FullValueConsdSec50CA": 0, "FullValueConsdOthUnqshr": 0, "FullConsideration": 0, "BalanceCG": 0, "CapgainonAssets": 0}, "TotalAmtDeemedLtcg": 0, "PassThrIncNatureLTCG": 0, "PassThrIncNatureLTCGUs112A": 0, "TotalAmtNotTaxUsDTAALtcg": 0, "TotalAmtTaxUsDTAALtcg": 0, "TotalLTCG": 0}, "DeducClaimInfo": {"TotDeductClaim": 0}, "CurrYrLosses": {"InLossSetOff": {"StclSetoff15Per": 0, "StclSetoff30Per": 0, "StclSetoffAppRate": 0, "StclSetoffDTAARate": 0, "LtclSetOff10Per": 0, "LtclSetOff20Per": 0, "LtclSetOffDTAARate": 0}, "InStcg15Per": {"CurrYearIncome": 0, "StclSetoff30Per": 0, "StclSetoffAppRate": 0, "StclSetoffDTAARate": 0, "CurrYrCapGain": 0}, "InStcg30Per": {"CurrYearIncome": 0, "StclSetoff15Per": 0, "StclSetoffAppRate": 0, "StclSetoffDTAARate": 0, "CurrYrCapGain": 0}, "InStcgAppRate": {"CurrYearIncome": 0, "StclSetoff15Per": 0, "StclSetoff30Per": 0, "StclSetoffDTAARate": 0, "CurrYrCapGain": 0}, "InStcgDTAARate": {"CurrYearIncome": 0, "StclSetoff15Per": 0, "StclSetoff30Per": 0, "StclSetoffAppRate": 0, "CurrYrCapGain": 0}, "InLtcg10Per": {"CurrYearIncome": 0, "StclSetoff15Per": 0, "StclSetoff30Per": 0, "StclSetoffAppRate": 0, "StclSetoffDTAARate": 0, "LtclSetOff20Per": 0, "LtclSetOffDTAARate": 0, "CurrYrCapGain": 0}, "InLtcg20Per": {"CurrYearIncome": 0, "StclSetoff15Per": 0, "StclSetoff30Per": 0, "StclSetoffAppRate": 0, "StclSetoffDTAARate": 0, "LtclSetOff10Per": 0, "LtclSetOffDTAARate": 0, "CurrYrCapGain": 0}, "InLtcgDTAARate": {"CurrYearIncome": 0, "StclSetoff15Per": 0, "StclSetoff30Per": 0, "StclSetoffAppRate": 0, "StclSetoffDTAARate": 0, "LtclSetOff10Per": 0, "LtclSetOff20Per": 0, "CurrYrCapGain": 0}, "TotLossSetOff": {"StclSetoff15Per": 0, "StclSetoff30Per": 0, "StclSetoffAppRate": 0, "StclSetoffDTAARate": 0, "LtclSetOff10Per": 0, "LtclSetOff20Per": 0, "LtclSetOffDTAARate": 0}, "LossRemainSetOff": {"StclSetoff15Per": 0, "StclSetoff30Per": 0, "StclSetoffAppRate": 0, "StclSetoffDTAARate": 0, "LtclSetOff10Per": 0, "LtclSetOff20Per": 0, "LtclSetOffDTAARate": 0}}, "AccruOrRecOfCG": {"ShortTermUnder15Per": {"DateRange": {"Upto15Of6": 0, "Upto15Of9": 0, "Up16Of9To15Of12": 0, "Up16Of12To15Of3": 0, "Up16Of3To31Of3": 0}}, "ShortTermUnder30Per": {"DateRange": {"Upto15Of6": 0, "Upto15Of9": 0, "Up16Of9To15Of12": 0, "Up16Of12To15Of3": 0, "Up16Of3To31Of3": 0}}, "ShortTermUnderAppRate": {"DateRange": {"Upto15Of6": 0, "Upto15Of9": 0, "Up16Of9To15Of12": 0, "Up16Of12To15Of3": 0, "Up16Of3To31Of3": 0}}, "ShortTermUnderDTAARate": {"DateRange": {"Upto15Of6": 0, "Upto15Of9": 0, "Up16Of9To15Of12": 0, "Up16Of12To15Of3": 0, "Up16Of3To31Of3": 0}}, "LongTermUnder10Per": {"DateRange": {"Upto15Of6": 0, "Upto15Of9": 0, "Up16Of9To15Of12": 0, "Up16Of12To15Of3": 0, "Up16Of3To31Of3": 0}}, "LongTermUnder20Per": {"DateRange": {"Upto15Of6": 0, "Upto15Of9": 0, "Up16Of9To15Of12": 0, "Up16Of12To15Of3": 0, "Up16Of3To31Of3": 0}}, "LongTermUnderDTAARate": {"DateRange": {"Upto15Of6": 0, "Upto15Of9": 0, "Up16Of9To15Of12": 0, "Up16Of12To15Of3": 0, "Up16Of3To31Of3": 0}}}, "TotScheduleCGFor23": 0}, "Schedule112A": {"SaleValue112A": 0, "CostAcqWithoutIndx112A": 0, "AcquisitionCost112A": 0, "LTCGBeforelowerB1B2112A": 0, "FairMktValueCapAst112A": 0, "ExpExclCnctTransfer112A": 0, "Deductions112A": 0, "Balance112A": 0}, "ScheduleOS": {"IncOthThanOwnRaceHorse": {"OthersInc": {"OthersIncDtls": [{"OthNatOfInc": "TOWER RENT", "OthAmount": 21254}]}, "TaxAccumulatedBalRecPF": {"TotalIncomeBenefit": 0, "TotalTaxBenefit": 0}, "IncChargblSplRateOS": {"TotalAmtTaxUsDTAASchOs": 0}, "Deductions": {"UsrIntExp57": 0, "IntExp57": 0, "DeductionUs57iia": 0, "Depreciation": 0, "TotDeductions": 0}, "GrossIncChrgblTaxAtAppRate": 27162, "DividendGross": 0, "DividendOthThan22e": 0, "Dividend22e": 0, "InterestGross": 5908, "IntrstFrmSavingBank": 3939, "IntrstFrmTermDeposit": 0, "IntrstFrmIncmTaxRefund": 1969, "NatofPassThrghIncome": 0, "IntrstFrmOthers": 0, "RentFromMachPlantBldgs": 0, "Tot562x": 0, "Aggrtvaluewithoutcons562x": 0, "Immovpropwithoutcons562x": 0, "Immovpropinadeqcons562x": 0, "Anyotherpropwithoutcons562x": 0, "Anyotherpropinadeqcons562x": 0, "FamilyPension": 0, "IncomeNotified89AOS": 0, "AnyOtherIncome": 21254, "IncChargeableSpecialRates": 0, "LtryPzzlChrgblUs115BB": 0, "IncChrgblUs115BBE": 0, "CashCreditsUs68": 0, "UnExplndInvstmntsUs69": 0, "UnExplndMoneyUs69A": 0, "UnDsclsdInvstmntsUs69B": 0, "UnExplndExpndtrUs69C": 0, "AmtBrwdRepaidOnHundiUs69D": 0, "OthersGross": 0, "PassThrIncOSChrgblSplRate": 0, "BalanceNoRaceHorse": 27162}, "IncFromOwnHorse": {"Receipts": 0, "DeductSec57": 0, "BalanceOwnRaceHorse": 0}, "IncFrmLottery": {"DateRange": {"Upto15Of6": 0, "Up16Of6To15Of9": 0, "Up16Of9To15Of12": 0, "Up16Of12To15Of3": 0, "Up16Of3To31Of3": 0}}, "DividendIncUs115BBDA": {"DateRange": {"Upto15Of6": 0, "Up16Of6To15Of9": 0, "Up16Of9To15Of12": 0, "Up16Of12To15Of3": 0, "Up16Of3To31Of3": 0}}, "DividendIncUs115A1ai": {"DateRange": {"Upto15Of6": 0, "Up16Of6To15Of9": 0, "Up16Of9To15Of12": 0, "Up16Of12To15Of3": 0, "Up16Of3To31Of3": 0}}, "DividendIncUs115AC": {"DateRange": {"Upto15Of6": 0, "Up16Of6To15Of9": 0, "Up16Of9To15Of12": 0, "Up16Of12To15Of3": 0, "Up16Of3To31Of3": 0}}, "DividendIncUs115ACA": {"DateRange": {"Upto15Of6": 0, "Up16Of6To15Of9": 0, "Up16Of9To15Of12": 0, "Up16Of12To15Of3": 0, "Up16Of3To31Of3": 0}}, "DividendIncUs115AD1i": {"DateRange": {"Upto15Of6": 0, "Up16Of6To15Of9": 0, "Up16Of9To15Of12": 0, "Up16Of12To15Of3": 0, "Up16Of3To31Of3": 0}}, "NOT89A": {"DateRange": {"Upto15Of6": 0, "Up16Of6To15Of9": 0, "Up16Of9To15Of12": 0, "Up16Of12To15Of3": 0, "Up16Of3To31Of3": 0}}, "DividendDTAA": {"DateRange": {"Upto15Of6": 0, "Up16Of6To15Of9": 0, "Up16Of9To15Of12": 0, "Up16Of12To15Of3": 0, "Up16Of3To31Of3": 0}}, "TotOthSrcNoRaceHorse": 27162, "IncChargeable": 27162}, "ScheduleCYLA": {"Salary": {"IncCYLA": {"IncOfCurYrUnderThatHead": 0, "HPlossCurYrSetoff": 0, "OthSrcLossNoRaceHorseSetoff": 0, "IncOfCurYrAfterSetOff": 0}}, "HP": {"IncCYLA": {"IncOfCurYrUnderThatHead": 0, "BusLossSetoff": 0, "OthSrcLossNoRaceHorseSetoff": 0, "IncOfCurYrAfterSetOff": 0}}, "BusProfExclSpecProf": {"IncCYLA": {"IncOfCurYrUnderThatHead": 864700, "HPlossCurYrSetoff": 0, "OthSrcLossNoRaceHorseSetoff": 0, "IncOfCurYrAfterSetOff": 864700}}, "SpeculativeInc": {"IncCYLA": {"IncOfCurYrUnderThatHead": 0, "HPlossCurYrSetoff": 0, "OthSrcLossNoRaceHorseSetoff": 0, "IncOfCurYrAfterSetOff": 0}}, "SpecifiedInc": {"IncCYLA": {"IncOfCurYrUnderThatHead": 0, "HPlossCurYrSetoff": 0, "OthSrcLossNoRaceHorseSetoff": 0, "IncOfCurYrAfterSetOff": 0}}, "STCG15Per": {"IncCYLA": {"IncOfCurYrUnderThatHead": 0, "HPlossCurYrSetoff": 0, "BusLossSetoff": 0, "OthSrcLossNoRaceHorseSetoff": 0, "IncOfCurYrAfterSetOff": 0}}, "STCG30Per": {"IncCYLA": {"IncOfCurYrUnderThatHead": 0, "HPlossCurYrSetoff": 0, "BusLossSetoff": 0, "OthSrcLossNoRaceHorseSetoff": 0, "IncOfCurYrAfterSetOff": 0}}, "STCGAppRate": {"IncCYLA": {"IncOfCurYrUnderThatHead": 0, "HPlossCurYrSetoff": 0, "BusLossSetoff": 0, "OthSrcLossNoRaceHorseSetoff": 0, "IncOfCurYrAfterSetOff": 0}}, "STCGDTAARate": {"IncCYLA": {"IncOfCurYrUnderThatHead": 0, "HPlossCurYrSetoff": 0, "BusLossSetoff": 0, "OthSrcLossNoRaceHorseSetoff": 0, "IncOfCurYrAfterSetOff": 0}}, "LTCG10Per": {"IncCYLA": {"IncOfCurYrUnderThatHead": 0, "HPlossCurYrSetoff": 0, "BusLossSetoff": 0, "OthSrcLossNoRaceHorseSetoff": 0, "IncOfCurYrAfterSetOff": 0}}, "LTCG20Per": {"IncCYLA": {"IncOfCurYrUnderThatHead": 0, "HPlossCurYrSetoff": 0, "BusLossSetoff": 0, "OthSrcLossNoRaceHorseSetoff": 0, "IncOfCurYrAfterSetOff": 0}}, "LTCGDTAARate": {"IncCYLA": {"IncOfCurYrUnderThatHead": 0, "HPlossCurYrSetoff": 0, "BusLossSetoff": 0, "OthSrcLossNoRaceHorseSetoff": 0, "IncOfCurYrAfterSetOff": 0}}, "OthSrcExclRaceHorse": {"IncCYLA": {"IncOfCurYrUnderThatHead": 27162, "HPlossCurYrSetoff": 0, "BusLossSetoff": 0, "IncOfCurYrAfterSetOff": 27162}}, "OthSrcRaceHorse": {"IncCYLA": {"IncOfCurYrUnderThatHead": 0, "HPlossCurYrSetoff": 0, "BusLossSetoff": 0, "OthSrcLossNoRaceHorseSetoff": 0, "IncOfCurYrAfterSetOff": 0}}, "IncOSDTAA": {"IncCYLA": {"IncOfCurYrUnderThatHead": 0, "HPlossCurYrSetoff": 0, "BusLossSetoff": 0, "OthSrcLossNoRaceHorseSetoff": 0, "IncOfCurYrAfterSetOff": 0}}, "TotalCurYr": {"TotHPlossCurYr": 0, "TotBusLoss": 0, "TotOthSrcLossNoRaceHorse": 0}, "TotalLossSetOff": {"TotHPlossCurYrSetoff": 0, "TotBusLossSetoff": 0, "TotOthSrcLossNoRaceHorseSetoff": 0}, "LossRemAftSetOff": {"BalHPlossCurYrAftSetoff": 0, "BalBusLossAftSetoff": 0, "BalOthSrcLossNoRaceHorseAftSetoff": 0}}, "ScheduleBFLA": {"Salary": {"IncBFLA": {"IncOfCurYrUndHeadFromCYLA": 0, "IncOfCurYrAfterSetOffBFLosses": 0}}, "HP": {"IncBFLA": {"IncOfCurYrUndHeadFromCYLA": 0, "BFUnabsorbedDeprSetoff": 0, "BFAllUs35Cl4Setoff": 0, "IncOfCurYrAfterSetOffBFLosses": 0}}, "BusProfExclSpecProf": {"IncBFLA": {"IncOfCurYrUndHeadFromCYLA": 864700, "BFUnabsorbedDeprSetoff": 0, "BFAllUs35Cl4Setoff": 0, "IncOfCurYrAfterSetOffBFLosses": 864700}}, "SpeculativeInc": {"IncBFLA": {"IncOfCurYrUndHeadFromCYLA": 0, "BFUnabsorbedDeprSetoff": 0, "BFAllUs35Cl4Setoff": 0, "IncOfCurYrAfterSetOffBFLosses": 0}}, "SpecifiedInc": {"IncBFLA": {"IncOfCurYrUndHeadFromCYLA": 0, "BFUnabsorbedDeprSetoff": 0, "BFAllUs35Cl4Setoff": 0, "IncOfCurYrAfterSetOffBFLosses": 0}}, "STCG15Per": {"IncBFLA": {"IncOfCurYrUndHeadFromCYLA": 0, "BFUnabsorbedDeprSetoff": 0, "BFAllUs35Cl4Setoff": 0, "IncOfCurYrAfterSetOffBFLosses": 0}}, "STCG30Per": {"IncBFLA": {"IncOfCurYrUndHeadFromCYLA": 0, "BFUnabsorbedDeprSetoff": 0, "BFAllUs35Cl4Setoff": 0, "IncOfCurYrAfterSetOffBFLosses": 0}}, "STCGAppRate": {"IncBFLA": {"IncOfCurYrUndHeadFromCYLA": 0, "BFUnabsorbedDeprSetoff": 0, "BFAllUs35Cl4Setoff": 0, "IncOfCurYrAfterSetOffBFLosses": 0}}, "STCGDTAARate": {"IncBFLA": {"IncOfCurYrUndHeadFromCYLA": 0, "BFUnabsorbedDeprSetoff": 0, "BFAllUs35Cl4Setoff": 0, "IncOfCurYrAfterSetOffBFLosses": 0}}, "LTCG10Per": {"IncBFLA": {"IncOfCurYrUndHeadFromCYLA": 0, "BFUnabsorbedDeprSetoff": 0, "BFAllUs35Cl4Setoff": 0, "IncOfCurYrAfterSetOffBFLosses": 0}}, "LTCG20Per": {"IncBFLA": {"IncOfCurYrUndHeadFromCYLA": 0, "BFUnabsorbedDeprSetoff": 0, "BFAllUs35Cl4Setoff": 0, "IncOfCurYrAfterSetOffBFLosses": 0}}, "LTCGDTAARate": {"IncBFLA": {"IncOfCurYrUndHeadFromCYLA": 0, "BFUnabsorbedDeprSetoff": 0, "BFAllUs35Cl4Setoff": 0, "IncOfCurYrAfterSetOffBFLosses": 0}}, "OthSrcExclRaceHorse": {"IncBFLA": {"IncOfCurYrUndHeadFromCYLA": 27162, "BFUnabsorbedDeprSetoff": 0, "BFAllUs35Cl4Setoff": 0, "IncOfCurYrAfterSetOffBFLosses": 27162}}, "OthSrcRaceHorse": {"IncBFLA": {"IncOfCurYrUndHeadFromCYLA": 0, "BFUnabsorbedDeprSetoff": 0, "BFAllUs35Cl4Setoff": 0, "IncOfCurYrAfterSetOffBFLosses": 0}}, "IncOSDTAA": {"IncBFLA": {"IncOfCurYrUndHeadFromCYLA": 0, "BFUnabsorbedDeprSetoff": 0, "BFAllUs35Cl4Setoff": 0, "IncOfCurYrAfterSetOffBFLosses": 0}}, "TotalBFLossSetOff": {"TotBFLossSetoff": 0, "TotUnabsorbedDeprSetoff": 0, "TotAllUs35cl4Setoff": 0}, "IncomeOfCurrYrAftCYLABFLA": 891862}, "ScheduleCFL": {"TotalOfBFLossesEarlierYrs": {"LossSummaryDetail": {"TotalHPPTILossCF": 0, "BusLossOthThanSpecLossCF": 0, "LossFrmSpecBusCF": 0, "LossFrmSpecifiedBusCF": 0, "TotalSTCGPTILossCF": 0, "TotalLTCGPTILossCF": 0, "OthSrcLossRaceHorseCF": 0}}, "AdjTotBFLossInBFLA": {"LossSummaryDetail": {"TotalHPPTILossCF": 0, "LossFrmSpecBusCF": 0, "LossFrmSpecifiedBusCF": 0, "OthSrcLossRaceHorseCF": 0}}, "CurrentAYloss": {"LossSummaryDetail": {"TotalHPPTILossCF": 0, "BusLossOthThanSpecLossCF": 0, "LossFrmSpecBusCF": 0, "LossFrmSpecifiedBusCF": 0, "TotalSTCGPTILossCF": 0, "TotalLTCGPTILossCF": 0, "OthSrcLossRaceHorseCF": 0}}, "TotalLossCFSummary": {"LossSummaryDetail": {"TotalHPPTILossCF": 0, "BusLossOthThanSpecLossCF": 0, "LossFrmSpecBusCF": 0, "LossFrmSpecifiedBusCF": 0, "TotalSTCGPTILossCF": 0, "TotalLTCGPTILossCF": 0, "OthSrcLossRaceHorseCF": 0}}}, "ITR3ScheduleUD": {"CurrAssYr": "2022-23", "CurBalCFNY": 0, "CurAllowBalCFNY": 0, "TotBFUDepritAmt": 0, "TotAdjustAccTax115BACAmt": 0, "TotCurYrdepritSetoffInc": 0, "TotDepritBalCFNY": 0, "TotBFUAllowAmt": 0, "TotCurYrAllowSetoffInc": 0, "TotalBalCFNY": 0}, "Schedule80D": {"Sec80DSelfFamSrCtznHealth": {"SeniorCitizenFlag": "S", "SelfAndFamily": 0, "SelfAndFamilySeniorCitizen": 0, "ParentsSeniorCitizenFlag": "P", "Parents": 0, "ParentsSeniorCitizen": 0, "EligibleAmountOfDedn": 0}}, "ScheduleVIA": {"UsrDeductUndChapVIA": {"Section80C": 74158, "Section80D": 0, "Section80DD": 0, "Section80DDB": 0, "Section80G": 0, "Section80GGA": 0, "Section80GGC": 0, "TotPartBchapterVIA": 74158, "Section80IA": 0, "Section80IB": 0, "Section80IBA": 0, "Section80IC": 0, "Section80JJA": 0, "TotPartCchapterVIA": 0, "Section80TTA": 0, "Section80TTB": 3939, "Section80U": 0, "TotPartCAandDchapterVIA": 3939, "TotalChapVIADeductions": 78097}, "DeductUndChapVIA": {"Section80C": 74158, "Section80CCC": 0, "Section80CCDEmployeeOrSE": 0, "Section80CCD1B": 0, "Section80CCDEmployer": 0, "Section80D": 0, "Section80DD": 0, "Section80DDB": 0, "Section80E": 0, "Section80EE": 0, "Section80EEA": 0, "Section80EEB": 0, "Section80G": 0, "Section80GG": 0, "Section80GGA": 0, "Section80GGC": 0, "TotPartBchapterVIA": 74158, "Section80IA": 0, "Section80IAB": 0, "Section80IB": 0, "Section80IBA": 0, "Section80IC": 0, "Section80JJA": 0, "Section80JJAA": 0, "Section80QQB": 0, "Section80RRB": 0, "TotPartCchapterVIA": 0, "Section80TTA": 0, "Section80TTB": 3939, "Section80U": 0, "TotPartCAandDchapterVIA": 3939, "TotalChapVIADeductions": 78097}}, "ScheduleAMT": {"AdjustmentSec115JC": {"DeductClaimSec6A": 0, "DeductClaimSec10AA": 0, "DeductClaimSec35AD": 0, "Total": 0}, "TotalIncItem11": 813770, "AdjustedUnderSec115JC": 813770, "AdjustedUnderSec115JCIFSC": 0, "AdjustedUnderSec115JCOther": 813770, "TaxPayableUnderSec115JC": 0}, "ScheduleAMTC": {"TaxSection115JC": 0, "TaxOthProvisions": 75664, "AmtTaxCreditAvailable": 75664, "CurrAssYr": "2022-23", "CurrYrAmtCreditFwd": 0, "CurrYrCreditCarryFwd": 0, "TotAMTGross": 0, "TotSetOffEys": 0, "TotBalBF": 0, "TotAmtCreditUtilisedCY": 0, "TotBalAMTCreditCF": 0, "TaxSection115JD": 0, "AmtLiabilityAvailable": 0}, "ScheduleSI": {"SplCodeRateTax": [{"SecCode": "1", "SplRatePercent": 1, "SplRateInc": 0, "SplRateIncTax": 0}, {"SecCode": "1A", "SplRatePercent": 15, "SplRateInc": 0, "SplRateIncTax": 0}, {"SecCode": "5AD1biip", "SplRatePercent": 15, "SplRateInc": 0, "SplRateIncTax": 0}, {"SecCode": "21", "SplRatePercent": 20, "SplRateInc": 0, "SplRateIncTax": 0}, {"SecCode": "22", "SplRatePercent": 10, "SplRateInc": 0, "SplRateIncTax": 0}, {"SecCode": "21ciii", "SplRatePercent": 10, "SplRateInc": 0, "SplRateIncTax": 0}, {"SecCode": "2A", "SplRatePercent": 10, "SplRateInc": 0, "SplRateIncTax": 0}, {"SecCode": "5A1ai", "SplRatePercent": 20, "SplRateInc": 0, "SplRateIncTax": 0}, {"SecCode": "5A1aii", "SplRatePercent": 20, "SplRateInc": 0, "SplRateIncTax": 0}, {"SecCode": "5A1aiia", "SplRatePercent": 5, "SplRateInc": 0, "SplRateIncTax": 0}, {"SecCode": "5A1aiiaa", "SplRatePercent": 5, "SplRateInc": 0, "SplRateIncTax": 0}, {"SecCode": "5A1aiiaaP", "SplRatePercent": 4, "SplRateInc": 0, "SplRateIncTax": 0}, {"SecCode": "5A1aiiab", "SplRatePercent": 5, "SplRateInc": 0, "SplRateIncTax": 0}, {"SecCode": "5A1aiiac", "SplRatePercent": 5, "SplRateInc": 0, "SplRateIncTax": 0}, {"SecCode": "5A1aiii", "SplRatePercent": 20, "SplRateInc": 0, "SplRateIncTax": 0}, {"SecCode": "5A1bA", "SplRatePercent": 10, "SplRateInc": 0, "SplRateIncTax": 0}, {"SecCode": "5AC1ab", "SplRatePercent": 10, "SplRateInc": 0, "SplRateIncTax": 0}, {"SecCode": "5AC1abD", "SplRatePercent": 10, "SplRateInc": 0, "SplRateIncTax": 0}, {"SecCode": "5AC1c", "SplRatePercent": 10, "SplRateInc": 0, "SplRateIncTax": 0}, {"SecCode": "5ACA1a", "SplRatePercent": 10, "SplRateInc": 0, "SplRateIncTax": 0}, {"SecCode": "5ACA1b", "SplRatePercent": 10, "SplRateInc": 0, "SplRateIncTax": 0}, {"SecCode": "5AD1i", "SplRatePercent": 20, "SplRateInc": 0, "SplRateIncTax": 0}, {"SecCode": "5AD1iDiv", "SplRatePercent": 20, "SplRateInc": 0, "SplRateIncTax": 0}, {"SecCode": "5AD1iP", "SplRatePercent": 5, "SplRateInc": 0, "SplRateIncTax": 0}, {"SecCode": "5ADii", "SplRatePercent": 30, "SplRateInc": 0, "SplRateIncTax": 0}, {"SecCode": "5ADiii", "SplRatePercent": 10, "SplRateInc": 0, "SplRateIncTax": 0}, {"SecCode": "5ADiiiP", "SplRatePercent": 10, "SplRateInc": 0, "SplRateIncTax": 0}, {"SecCode": "5BB", "SplRatePercent": 30, "SplRateInc": 0, "SplRateIncTax": 0}, {"SecCode": "5BBA", "SplRatePercent": 20, "SplRateInc": 0, "SplRateIncTax": 0}, {"SecCode": "5BBC", "SplRatePercent": 30, "SplRateInc": 0, "SplRateIncTax": 0}, {"SecCode": "5BBE", "SplRatePercent": 60, "SplRateInc": 0, "SplRateIncTax": 0}, {"SecCode": "5BBF_BP", "SplRatePercent": 10, "SplRateInc": 0, "SplRateIncTax": 0}, {"SecCode": "5BBF", "SplRatePercent": 10, "SplRateInc": 0, "SplRateIncTax": 0}, {"SecCode": "5BBG_BP", "SplRatePercent": 10, "SplRateInc": 0, "SplRateIncTax": 0}, {"SecCode": "5BBG", "SplRatePercent": 10, "SplRateInc": 0, "SplRateIncTax": 0}, {"SecCode": "5Ea", "SplRatePercent": 20, "SplRateInc": 0, "SplRateIncTax": 0}, {"SecCode": "5Eacg", "SplRatePercent": 20, "SplRateInc": 0, "SplRateIncTax": 0}, {"SecCode": "5Eb", "SplRatePercent": 10, "SplRateInc": 0, "SplRateIncTax": 0}, {"SecCode": "DTAASTCG", "SplRatePercent": 1, "SplRateInc": 0, "SplRateIncTax": 0}, {"SecCode": "DTAALTCG", "SplRatePercent": 1, "SplRateInc": 0, "SplRateIncTax": 0}, {"SecCode": "DTAAOS", "SplRatePercent": 1, "SplRateInc": 0, "SplRateIncTax": 0}, {"SecCode": "PTI_STCG15P", "SplRatePercent": 15, "SplRateInc": 0, "SplRateIncTax": 0}, {"SecCode": "PTI_STCG30P", "SplRatePercent": 30, "SplRateInc": 0, "SplRateIncTax": 0}, {"SecCode": "PTI_LTCG10P112A", "SplRatePercent": 10, "SplRateInc": 0, "SplRateIncTax": 0}, {"SecCode": "PTI_LTCG10P", "SplRatePercent": 10, "SplRateInc": 0, "SplRateIncTax": 0}, {"SecCode": "PTI_LTCG20P", "SplRatePercent": 20, "SplRateInc": 0, "SplRateIncTax": 0}, {"SecCode": "PTI_5A1ai", "SplRatePercent": 20, "SplRateInc": 0, "SplRateIncTax": 0}, {"SecCode": "PTI_5A1aii", "SplRatePercent": 20, "SplRateInc": 0, "SplRateIncTax": 0}, {"SecCode": "PTI_5A1aiia", "SplRatePercent": 5, "SplRateInc": 0, "SplRateIncTax": 0}, {"SecCode": "PTI_5A1aiiaa", "SplRatePercent": 5, "SplRateInc": 0, "SplRateIncTax": 0}, {"SecCode": "PTI_5A1aiiaaP", "SplRatePercent": 4, "SplRateInc": 0, "SplRateIncTax": 0}, {"SecCode": "PTI_5A1aiiab", "SplRatePercent": 5, "SplRateInc": 0, "SplRateIncTax": 0}, {"SecCode": "PTI_5A1aiiac", "SplRatePercent": 5, "SplRateInc": 0, "SplRateIncTax": 0}, {"SecCode": "PTI_5A1aiii", "SplRatePercent": 20, "SplRateInc": 0, "SplRateIncTax": 0}, {"SecCode": "PTI_5A1bA", "SplRatePercent": 10, "SplRateInc": 0, "SplRateIncTax": 0}, {"SecCode": "PTI_5AC1ab", "SplRatePercent": 10, "SplRateInc": 0, "SplRateIncTax": 0}, {"SecCode": "PTI_5AC1abD", "SplRatePercent": 10, "SplRateInc": 0, "SplRateIncTax": 0}, {"SecCode": "PTI_5ACA1a", "SplRatePercent": 10, "SplRateInc": 0, "SplRateIncTax": 0}, {"SecCode": "PTI_5AD1i", "SplRatePercent": 20, "SplRateInc": 0, "SplRateIncTax": 0}, {"SecCode": "PTI_5AD1iDiv", "SplRatePercent": 20, "SplRateInc": 0, "SplRateIncTax": 0}, {"SecCode": "PTI_5AD1iP", "SplRatePercent": 5, "SplRateInc": 0, "SplRateIncTax": 0}, {"SecCode": "PTI_5BBA", "SplRatePercent": 20, "SplRateInc": 0, "SplRateIncTax": 0}, {"SecCode": "PTI_5BBF", "SplRatePercent": 10, "SplRateInc": 0, "SplRateIncTax": 0}, {"SecCode": "PTI_5BBG", "SplRatePercent": 10, "SplRateInc": 0, "SplRateIncTax": 0}, {"SecCode": "PTI_5Ea", "SplRatePercent": 20, "SplRateInc": 0, "SplRateIncTax": 0}], "TotSplRateInc": 0, "TotSplRateIncTax": 0}, "ScheduleGST": {"TurnoverGrsRcptForGSTIN": [{"GSTINNo": "19AKUPS0455K1ZD", "AmtTurnGrossRcptGSTIN": 11918472}]}, "PartB-TI": {"ProfBusGain": {"ProfGainNoSpecBus": 864700, "ProfGainSpecBus": 0, "ProfGainSpecifiedBus": 0, "ProfIncome115BBF": 0, "TotProfBusGain": 864700}, "CapGain": {"ShortTerm": {"ShortTerm15Per": 0, "ShortTerm30Per": 0, "ShortTermAppRate": 0, "ShortTermSplRateDTAA": 0, "TotalShortTerm": 0}, "LongTerm": {"LongTerm10Per": 0, "LongTerm20Per": 0, "LongTermSplRateDTAA": 0, "TotalLongTerm": 0}, "TotalCapGains": 0}, "IncFromOS": {"OtherSrcThanOwnRaceHorse": 27162, "IncChargblSplRate": 0, "FromOwnRaceHorse": 0, "TotIncFromOS": 27162}, "DeductionsUndSchVIADtl": {"PartBchapterVIA": 78097, "PartCchapterVIA": 0, "TotDeductUndSchVIA": 78097}, "Salaries": 0, "IncomeFromHP": 0, "TotalTI": 891862, "CurrentYearLoss": 0, "BalanceAfterSetoffLosses": 891862, "BroughtFwdLossesSetoff": 0, "GrossTotalIncome": 891862, "IncChargeTaxSplRate111A112": 0, "DeductionsUnder10Aor10AA": 0, "TotalIncome": 813770, "IncChargeableTaxSplRates": 0, "NetAgricultureIncomeOrOtherIncomeForRate": 0, "AggregateIncome": 813770, "LossesOfCurrentYearCarriedFwd": 0, "DeemedIncomeUs115JC": 813770}, "PartB_TTI": {"ComputationOfTaxLiability": {"TaxPayableOnDeemedTI": {"TaxDeemedTISec115JC": 0, "SurchargeOnAboveCrore": 0, "EducationCess": 0, "TotalTax": 0}, "TaxPayableOnTI": {"TaxAtNormalRatesOnAggrInc": 72754, "TaxAtSpecialRates": 0, "RebateOnAgriInc": 0, "TaxPayableOnTotInc": 72754, "Rebate87A": 0, "TaxPayableOnRebate": 72754, "Surcharge25ofSI": 0, "Surcharge25ofSIBeforeMarginal": 0, "SurchargeOnAboveCroreBeforeMarginal": 0, "SurchargeOnAboveCrore": 0, "TotalSurcharge": 0, "EducationCess": 2910, "GrossTaxLiability": 75664}, "GrossTaxPay": {"TaxInc17": 75664, "TaxDeferred17": 0, "TaxDeferredPayableCY": 0}, "TaxRelief": {"Section90": 0, "Section91": 0, "TotTaxRelief": 0}, "IntrstPay": {"IntrstPayUs234A": 0, "IntrstPayUs234B": 0, "IntrstPayUs234C": 0, "LateFilingFee234F": 0, "TotalIntrstPay": 0}, "GrossTaxPayable": 75664, "CreditUS115JD": 0, "TaxPayAfterCreditUs115JD": 75664, "NetTaxLiability": 75664, "AggregateTaxInterestLiability": 75664}, "TaxPaid": {"TaxesPaid": {"AdvanceTax": 0, "TDS": 119185, "TCS": 0, "SelfAssessmentTax": 0, "TotalTaxesPaid": 119185}, "BalTaxPayable": 0}, "Refund": {"BankAccountDtls": {"AddtnlBankDetails": [{"IFSCCode": "UTIB0003472", "BankName": "AXIS BANK", "BankAccountNo": "917010038683806", "UseForRefund": "true"}, {"IFSCCode": "SBIN0008544", "BankName": "STATE BANK OF INDIA", "BankAccountNo": "11320763911", "UseForRefund": "true"}, {"IFSCCode": "SBIN0000160", "BankName": "STATE BANK OF INDIA", "BankAccountNo": "32344237498", "UseForRefund": "true"}], "BankDtlsFlag": "Y"}, "RefundDue": 43520}, "AssetOutIndiaFlag": "NO"}, "ScheduleIT": {"TotalTaxPayments": 0}, "ScheduleTDS1": {"TotalTDSonSalaries": 0}, "ScheduleTDS2": {"TDSOthThanSalaryDtls": [{"TaxDeductCreditDtls": {"TaxDeductedOwnHands": 22769, "TaxClaimedOwnHands": 22769}, "TDSCreditName": "S", "TANOfDeductor": "CALE02458B", "GrossAmount": 2276832, "HeadOfIncome": "BP", "AmtCarriedFwd": 0}, {"TaxDeductCreditDtls": {"TaxDeductedOwnHands": 96416, "TaxClaimedOwnHands": 96416}, "TDSCreditName": "S", "TANOfDeductor": "CALE02441F", "GrossAmount": 9641640, "HeadOfIncome": "BP", "AmtCarriedFwd": 0}], "TotalTDSonOthThanSals": 119185}, "ScheduleTDS3": {"TotalTDS3OnOthThanSal": 0}, "Verification": {"Declaration": {"AssesseeVerName": "BASANTA KUMAR SINGHADEO", "FatherName": "JAGANNATH SINGHADEO", "AssesseeVerPAN": "AKUPS0455K"}, "Capacity": "S"}}}}