{"ITR": {"ITR4": {"CreationInfo": {"SWVersionNo": "R1", "SWCreatedBy": "SW10012122", "JSONCreatedBy": "SW10012122", "JSONCreationDate": "2021-10-27", "Digest": "9ADTKcZIUNv52on5D7a9wkT4cdi4Wdx49imXavBHyZc=", "IntermediaryCity": "BANGALORE"}, "Form_ITR4": {"FormName": "ITR-4", "Description": "Indls, HUFs and Firms (other than LLP) having Inc u/s 44AD, 44ADA or 44AE", "AssessmentYear": "2021", "SchemaVer": "Ver1.2", "FormVer": "Ver1.2"}, "PersonalInfo": {"AssesseeName": {"FirstName": "SHEKAR", "SurNameOrOrgName": "RAVI"}, "Address": {"ResidenceNo": "NO.50 SURVEY NO.1/11", "ResidenceName": "PILLIGANAHALLI, BG ROAD", "RoadOrStreet": "Bannerghatta S.O", "LocalityOrArea": "Bangalore South", "CityOrTownOrDistrict": "BANGALORE", "StateCode": "15", "CountryCode": "91", "PinCode": 560083, "CountryCodeMobile": 91, "MobileNo": 8217721133, "CountryCodeMobileNoSec": 91, "EmailAddress": "ravishekar429@gmail.com"}, "PAN": "AWVPS3636B", "DOB": "1971-10-10", "EmployerCategory": "OTH", "Status": "I", "AadhaarCardNo": "327155523800"}, "FilingStatus": {"ReturnFileSec": 11, "NewTaxRegime": "N", "SeventhProvisio139": "N", "DepAmtAggAmtExcd1CrPrYrFlg": "N", "IncrExpAggAmt2LkTrvFrgnCntryFlg": "N", "IncrExpAggAmt1LkElctrctyPrYrFlg": "N", "AsseseeRepFlg": "N"}, "IncomeDeductions": {"AllwncExemptUs10": {"TotalAllwncExemptUs10": 0}, "UsrDeductUndChapVIA": {"Section80C": 127653, "Section80CCC": 0, "Section80CCDEmployeeOrSE": 0, "Section80CCD1B": 0, "Section80CCDEmployer": 0, "Section80D": 0, "Section80DD": 0, "Section80DDB": 0, "Section80E": 0, "Section80GG": 180000, "Section80GGC": 0, "Section80U": 0, "Section80TTA": 0, "Section80TTB": 0, "TotalChapVIADeductions": 307653, "Section80G": 0}, "DeductUndChapVIA": {"Section80C": 127653, "Section80CCC": 0, "Section80CCDEmployeeOrSE": 0, "Section80CCD1B": 0, "Section80CCDEmployer": 0, "Section80D": 0, "Section80DD": 0, "Section80DDB": 0, "Section80E": 0, "Section80EE": 0, "Section80EEA": 0, "Section80EEB": 0, "Section80G": 0, "Section80GG": 60000, "Section80GGC": 0, "Section80U": 0, "Section80TTA": 0, "Section80TTB": 0, "TotalChapVIADeductions": 187653}, "IncomeFromBusinessProf": 695432, "GrossSalary": 0, "NetSalary": 0, "DeductionUs16": 0, "DeductionUs16ia": 0, "EntertainmntalwncUs16ii": 0, "IncomeFromSal": 0, "GrossRentReceived": 0, "AnnualValue": 0, "AnnualValue30Percent": 0, "TotalIncomeOfHP": 0, "IncomeOthSrc": 0, "DeductionUs57iia": 0, "GrossTotIncome": 695432, "TotalIncome": 507780}, "TaxComputation": {"IntrstPay": {"IntrstPayUs234A": 0, "IntrstPayUs234B": 0, "IntrstPayUs234C": 0, "LateFilingFee234F": 0}, "TotalTaxPayable": 14056, "Rebate87A": 0, "TaxPayableOnRebate": 14056, "EducationCess": 562, "GrossTaxLiability": 14618, "Section89": 0, "NetTaxLiability": 14618, "TotTaxPlusIntrstPay": 14618}, "TaxPaid": {"TaxesPaid": {"AdvanceTax": 0, "TDS": 44319, "TCS": 0, "SelfAssessmentTax": 0, "TotalTaxesPaid": 44319}, "BalTaxPayable": 0}, "Refund": {"BankAccountDtls": {"AddtnlBankDetails": [{"IFSCCode": "SBIN0004926", "BankName": "STATE BANK OF INDIA", "BankAccountNo": "38851658709", "UseForRefund": "true"}, {"IFSCCode": "SBIN0004926", "BankName": "STATE BANK OF INDIA", "BankAccountNo": "38854552186", "UseForRefund": "true"}, {"IFSCCode": "PUNB0128700", "BankName": "PUNJAB NATIONAL BANK", "BankAccountNo": "1287000100989328", "UseForRefund": "false"}, {"IFSCCode": "PUNB0128700", "BankName": "PUNJAB NATIONAL BANK", "BankAccountNo": "1287002100017593", "UseForRefund": "true"}]}, "RefundDue": 29700}, "Schedule80G": {"Don100Percent": {"TotDon100PercentCash": 0, "TotDon100PercentOtherMode": 0, "TotDon100Percent": 0, "TotEligibleDon100Percent": 0}, "Don50PercentNoApprReqd": {"TotDon50PercentNoApprReqdCash": 0, "TotDon50PercentNoApprReqdOtherMode": 0, "TotDon50PercentNoApprReqd": 0, "TotEligibleDon50Percent": 0}, "Don100PercentApprReqd": {"TotDon100PercentApprReqdCash": 0, "TotDon100PercentApprReqdOtherMode": 0, "TotDon100PercentApprReqd": 0, "TotEligibleDon100PercentApprReqd": 0}, "Don50PercentApprReqd": {"TotDon50PercentApprReqdCash": 0, "TotDon50PercentApprReqdOtherMode": 0, "TotDon50PercentApprReqd": 0, "TotEligibleDon50PercentApprReqd": 0}, "TotalDonationsUs80GCash": 0, "TotalDonationsUs80GOtherMode": 0, "TotalDonationsUs80G": 0, "TotalEligibleDonationsUs80G": 0}, "Schedule80D": {"Sec80DSelfFamSrCtznHealth": {"SeniorCitizenFlag": "S", "SelfAndFamily": 0, "SelfAndFamilySeniorCitizen": 0, "ParentsSeniorCitizenFlag": "P", "Parents": 0, "ParentsSeniorCitizen": 0, "EligibleAmountOfDedn": 0}}, "TaxExmpIntIncDtls": {"OthersInc": {"OthersTotalTaxExe": 0}}, "Verification": {"Declaration": {"AssesseeVerName": "SHEKAR RAVI", "FatherName": "SHEKAR", "AssesseeVerPAN": "AWVPS3636B"}, "Capacity": "S"}, "ScheduleBP": {"NatOfBus44AD": [{"NameOfBusiness": "Ravi Electrical Works", "CodeAD": "06010"}], "PersumptiveInc44AD": {"GrsTrnOverBank": 3944950, "PersumptiveInc44AD6Per": 695432, "TotPersumptiveInc44AD": 695432}, "PersumptiveInc44ADA": {"GrsReceipt": 0, "TotPersumptiveInc44ADA": 0}, "PersumptiveInc44AE": {"TotPersumInc44AE": 0, "TotalPersumptiveInc": 0, "IncChargeableUnderBus": 695432}, "FinanclPartclrOfBusiness": {"PartnerMemberOwnCapital": 987654, "SecuredLoans": 0, "UnSecuredLoans": 0, "Advances": 0, "SundryCreditors": 54327, "OthrCurrLiab": 24996, "TotCapLiabilities": 1066977, "FixedAssets": 398765, "Inventories": 76542, "SundryDebtors": 112765, "BalWithBanks": 84675, "CashInHand": 24930, "LoansAndAdvances": 150000, "OtherAssets": 219300, "TotalAssets": 1066977}, "TotalTurnoverGrsRcptGSTIN": 0}, "ScheduleIT": {"TotalTaxPayments": 0}, "ScheduleTCS": {"TotalSchTCS": 0}, "TDSonSalaries": {"TotalTDSonSalaries": 0}, "TDSonOthThanSals": {"TDSonOthThanSalDtls": [{"TANOfDeductor": "DELP09943D", "BroughtFwdTDSAmt": 0, "TDSDeducted": 854, "TDSClaimed": 854, "GrossAmount": 42700, "HeadOfIncome": "BP", "TDSCreditCarriedFwd": 0}, {"TANOfDeductor": "BRDV01071A", "BroughtFwdTDSAmt": 0, "TDSDeducted": 43465, "TDSClaimed": 43465, "GrossAmount": 3902250, "HeadOfIncome": "BP", "TDSCreditCarriedFwd": 0}], "TotalTDSonOthThanSals": 44319}, "ScheduleTDS3Dtls": {"TotalTDS3Details": 0}}}}