{"ITR": {"ITR4": {"CreationInfo": {"SWVersionNo": "R1", "SWCreatedBy": "SW10012223", "JSONCreatedBy": "SW10012223", "JSONCreationDate": "2022-07-31", "Digest": "hqx/oLGzIsTSFojbBf3i8xERMva5GiJfwJEYQTmZUBo=", "IntermediaryCity": "Delhi"}, "Form_ITR4": {"FormName": "ITR-4", "Description": "Indls, HUFs and Firms (other than LLP) having Inc u/s 44AD, 44ADA or 44AE", "AssessmentYear": "2022", "SchemaVer": "Ver1.0", "FormVer": "Ver1.0"}, "PersonalInfo": {"AssesseeName": {"FirstName": "RISHAV", "MiddleName": "KUMAR", "SurNameOrOrgName": "KARN"}, "Address": {"ResidenceNo": "JAYKANTLAL KAM", "ResidenceName": "BHAGANPURA", "RoadOrStreet": "Bhajan Pura S.O", "LocalityOrArea": "Bhajan Pura", "CityOrTownOrDistrict": "NORTH EAST DELHI", "StateCode": "09", "CountryCode": "91", "PinCode": 110053, "CountryCodeMobile": 91, "MobileNo": 8102372643, "EmailAddress": "ARYAKARN3435@GMAIL.COM"}, "PAN": "KRFPK0452J", "DOB": "1998-01-08", "EmployerCategory": "OTH", "Status": "I", "AadhaarCardNo": "457454661682"}, "FilingStatus": {"ReturnFileSec": 11, "NewTaxRegime": "N", "OptingNewTaxRegime": 2, "SeventhProvisio139": "N", "DepAmtAggAmtExcd1CrPrYrFlg": "N", "IncrExpAggAmt2LkTrvFrgnCntryFlg": "N", "IncrExpAggAmt1LkElctrctyPrYrFlg": "N", "clauseiv7provisio139i": "N", "AsseseeRepFlg": "N"}, "IncomeDeductions": {"AllwncExemptUs10": {"TotalAllwncExemptUs10": 0}, "UsrDeductUndChapVIA": {"Section80C": 150000, "Section80CCC": 0, "Section80CCDEmployeeOrSE": 0, "Section80CCD1B": 0, "Section80CCDEmployer": 0, "Section80D": 0, "Section80DD": 0, "Section80DDB": 0, "Section80E": 0, "Section80GG": 0, "Section80GGC": 0, "Section80U": 0, "Section80TTA": 0, "Section80TTB": 0, "TotalChapVIADeductions": 150000, "Section80G": 0}, "DeductUndChapVIA": {"Section80C": 150000, "Section80CCC": 0, "Section80CCDEmployeeOrSE": 0, "Section80CCD1B": 0, "Section80CCDEmployer": 0, "Section80D": 0, "Section80DD": 0, "Section80DDB": 0, "Section80E": 0, "Section80EE": 0, "Section80EEA": 0, "Section80EEB": 0, "Section80G": 0, "Section80GG": 0, "Section80GGC": 0, "Section80U": 0, "Section80TTA": 0, "Section80TTB": 0, "TotalChapVIADeductions": 150000}, "IncomeFromBusinessProf": 411270, "GrossSalary": 288000, "Salary": 288000, "IncomeNotified89A": 0, "NetSalary": 288000, "DeductionUs16": 50000, "DeductionUs16ia": 50000, "EntertainmntalwncUs16ii": 0, "IncomeFromSal": 238000, "AnnualValue": 0, "AnnualValue30Percent": 0, "TotalIncomeOfHP": 0, "IncomeOthSrc": 0, "DeductionUs57iia": 0, "Increliefus89AOS": 0, "GrossTotIncome": 649270, "TotalIncome": 499270}, "TaxComputation": {"IntrstPay": {"IntrstPayUs234A": 0, "IntrstPayUs234B": 0, "IntrstPayUs234C": 0, "LateFilingFee234F": 0}, "TotalTaxPayable": 12464, "Rebate87A": 12464, "TaxPayableOnRebate": 0, "EducationCess": 0, "GrossTaxLiability": 0, "Section89": 0, "NetTaxLiability": 0, "TotTaxPlusIntrstPay": 0}, "TaxPaid": {"TaxesPaid": {"AdvanceTax": 0, "TDS": 0, "TCS": 0, "SelfAssessmentTax": 0, "TotalTaxesPaid": 0}, "BalTaxPayable": 0}, "Refund": {"BankAccountDtls": {"AddtnlBankDetails": [{"IFSCCode": "KKBK0004648", "BankName": "KOTAK MAHINDRA BANK LIMITED", "BankAccountNo": "3946683597", "UseForRefund": "true"}]}, "RefundDue": 0}, "Schedule80G": {"Don100Percent": {"TotDon100PercentCash": 0, "TotDon100PercentOtherMode": 0, "TotDon100Percent": 0, "TotEligibleDon100Percent": 0}, "Don50PercentNoApprReqd": {"TotDon50PercentNoApprReqdCash": 0, "TotDon50PercentNoApprReqdOtherMode": 0, "TotDon50PercentNoApprReqd": 0, "TotEligibleDon50Percent": 0}, "Don100PercentApprReqd": {"TotDon100PercentApprReqdCash": 0, "TotDon100PercentApprReqdOtherMode": 0, "TotDon100PercentApprReqd": 0, "TotEligibleDon100PercentApprReqd": 0}, "Don50PercentApprReqd": {"TotDon50PercentApprReqdCash": 0, "TotDon50PercentApprReqdOtherMode": 0, "TotDon50PercentApprReqd": 0, "TotEligibleDon50PercentApprReqd": 0}, "TotalDonationsUs80GCash": 0, "TotalDonationsUs80GOtherMode": 0, "TotalDonationsUs80G": 0, "TotalEligibleDonationsUs80G": 0}, "Schedule80D": {"Sec80DSelfFamSrCtznHealth": {"SeniorCitizenFlag": "S", "SelfAndFamily": 0, "SelfAndFamilySeniorCitizen": 0, "ParentsSeniorCitizenFlag": "P", "Parents": 0, "ParentsSeniorCitizen": 0, "EligibleAmountOfDedn": 0}}, "TaxExmpIntIncDtls": {"OthersInc": {"OthersTotalTaxExe": 0}}, "Verification": {"Declaration": {"AssesseeVerName": "RISHAV KUMAR KARN", "FatherName": "JAYKANTLAL KARN", "AssesseeVerPAN": "KRFPK0452J"}, "Capacity": "S", "Place": "223.235.27.33"}, "ScheduleBP": {"NatOfBus44AD": [{"NameOfBusiness": "RISHAV KUMAR KARN", "CodeAD": "09028"}], "PersumptiveInc44AD": {"GrsTrnOverAnyOthMode": 5140871, "PersumptiveInc44AD8Per": 411270, "TotPersumptiveInc44AD": 411270}, "PersumptiveInc44AE": {"TotPersumInc44AE": 0, "TotalPersumptiveInc": 0, "IncChargeableUnderBus": 411270}, "FinanclPartclrOfBusiness": {"TotCapLiabilities": 0, "TotalAssets": 0}, "TotalTurnoverGrsRcptGSTIN": 0}, "ScheduleIT": {"TotalTaxPayments": 0}, "ScheduleTCS": {"TotalSchTCS": 0}, "TDSonSalaries": {"TotalTDSonSalaries": 0}, "TDSonOthThanSals": {"TotalTDSonOthThanSals": 0}, "ScheduleTDS3Dtls": {"TotalTDS3Details": 0}}}}