{"ITR": {"ITR3": {"CreationInfo": {"SWVersionNo": "17745", "SWCreatedBy": "SW20000272", "JSONCreatedBy": "SW20000272", "JSONCreationDate": "2022-07-27", "IntermediaryCity": "Jaipur", "Digest": "pbhwtlyXpgdjLoaaP/Omquk2GFyP45olHFzJlzWFrnE="}, "Form_ITR3": {"FormName": "ITR-3", "Description": "For indls and HUFs having income from  a proprietory business or profession", "AssessmentYear": "2022", "SchemaVer": "Ver1.0", "FormVer": "Ver1.0"}, "PartA_GEN1": {"PersonalInfo": {"AssesseeName": {"FirstName": "VASANT NARAYAN", "MiddleName": "", "SurNameOrOrgName": "PANCHAL"}, "PAN": "AABPP3523G", "Address": {"ResidenceNo": "B-23", "ResidenceName": "ADKE COMPOUND", "RoadOrStreet": "SURYANAGAR LBS MARG", "LocalityOrArea": "VIKHROLI", "CityOrTownOrDistrict": "MUMABI", "StateCode": "19", "CountryCode": "91", "PinCode": 400083, "Phone": {"STDcode": 22, "PhoneNo": "2577563"}, "CountryCodeMobile": 91, "MobileNo": 9819170080, "CountryCodeMobileNoSec": 91, "MobileNoSec": 9819170080, "EmailAddress": "shaktifab@gmail.com"}, "DOB": "1969-06-16", "Status": "I", "AadhaarCardNo": "375036974538"}, "FilingStatus": {"ReturnFileSec": 11, "NewTaxRegime": "N", "OptingNewTaxRegime": 2, "SeventhProvisio139": "N", "clauseiv7provisio139i": "N", "ResidentialStatus": "RES", "ConditionsResStatus": "1", "BenefitUs115HFlg": "N", "AsseseeRepFlg": "N", "CompDirectorPrvYrFlg": "N", "PartnerInFirmFlg": "N", "HeldUnlistedEqShrPrYrFlg": "N", "NriPEinIndia": "N", "ForeignExchangeFlag": "N"}}, "PartA_GEN2": {"AuditInfo": {"LiableSec44AAflg": "N", "IncDclrdUs": "N", "TotalSalesExcOneCr": "N", "LiableSec44ABflg": "N", "LiableSec92Eflg": "N", "AccountAuditFlag": "N"}, "NatOfBus": {"NatureOfBusiness": [{"Code": "09028", "TradeName1": "SHAKTI FABRICATORS"}]}}, "PARTA_BS": {"FundSrc": {"PropFund": {"PropCap": 9195417, "ResrNSurp": {"RevResr": 0, "CapResr": 0, "StatResr": 0, "OthResr": 0, "TotResrNSurp": 0}, "TotPropFund": 9195417}, "LoanFunds": {"SecrLoan": {"ForeignCurrLoan": 0, "RupeeLoan": {"FrmBank": 222437, "FrmOthrs": 0, "TotRupeeLoan": 222437}, "TotSecrLoan": 222437}, "UnsecrLoan": {"FrmBank": 0, "FrmOthrs": 0, "TotUnSecrLoan": 0}, "TotLoanFund": 222437}, "DeferredTax": 0, "TotFundSrc": 9417854}, "FundApply": {"FixedAsset": {"GrossBlock": 3863152, "Depreciation": 0, "NetBlock": 3863152, "CapWrkProg": 0, "TotFixedAsset": 3863152}, "Investments": {"LongTermInv": {"GovtOthSecQuoted": 0, "GovOthSecUnQoted": 12500, "TotLongTermInv": 12500}, "TradeInv": {"EquityShares": 0, "PreferShares": 0, "Debenture": 0, "TotTradeInv": 0}, "TotInvestments": 12500}, "CurrAssetLoanAdv": {"CurrAsset": {"Inventories": {"StoresConsumables": 0, "RawMatl": 0, "StkInProcess": 0, "FinOrTradGood": 228590, "TotInventries": 228590}, "SndryDebtors": 2583177, "CashOrBankBal": {"CashinHand": 167040, "BankBal": 794324, "TotCashOrBankBal": 961364}, "OthCurrAsset": 250000, "TotCurrAsset": 4023131}, "LoanAdv": {"AdvRecoverable": 2316000, "Deposits": 0, "BalWithRevAuth": 0, "TotLoanAdv": 2316000}, "TotCurrAssetLoanAdv": 6339131, "CurrLiabilitiesProv": {"CurrLiabilities": {"SundryCred": 796929, "LiabForLeasedAsset": 0, "AccrIntonLeasedAsset": 0, "AccrIntNotDue": 0, "TotCurrLiabilities": 796929}, "Provisions": {"ITProvision": 0, "ELSuperAnnGratProvision": 0, "OthProvision": 0, "TotProvisions": 0}, "TotCurrLiabilitiesProvision": 796929}, "NetCurrAsset": 5542202}, "MiscAdjust": {"MiscExpndr": 0, "DefTaxAsset": 0, "AccumaltedLosses": 0, "TotMiscAdjust": 0}, "TotFundApply": 9417854}, "NoBooksOfAccBS": {"TotSundryDbtAmt": 0, "TotSundryCrdAmt": 0, "TotStkInTradAmt": 0, "CashBalAmt": 0}}, "ManufacturingAccount": {"OpeningInventory": {"OpngStckRawMat": 0, "OpngStckWrkinPrgrs": 0, "OpngInvntryTotal": 0, "Purchases": 0, "DirectWages": 0, "DirectExpenses": 0, "CarriageInward": 0, "PowerAndFuel": 0, "OthDirectExpenses": 0, "IndirectWages": 0, "FactoryRentAndRates": 0, "FactoryInsurance": 0, "FactoryFuelAndPower": 0, "FactoryGeneralExpenses": 0, "DeprctnOfFactoryMachinery": 0, "TotalFactoryOverheads": 0, "TotalDebtsManfctrngAcc": 0}, "ClosingStock": {"ClsngStckRawMaterial": 0, "ClsngStckWrkInPrgrs": 0, "ClsngStckTotal": 0}, "CostOfGoodsPrdcd": 0}, "TradingAccount": {"SaleOfGoods": 0, "SaleOfServices": 5689749, "OperatingRevenueTotal": 0, "SalesGrossReceiptsTotal": 5689749, "GrossRcptFromProfession": 0, "ExciseCustomsVAT": {"UnionExciseDuty": 0, "ServiceTax": 0, "VATorSaleTax": 0, "CentralGoodServiceTax": 0, "StateGoodServiceTax": 0, "IntegratedGoodServiceTax": 0, "UnionTerrGoodServiceTax": 0, "OthDutyTaxCess": 0, "TotExciseCustomsVAT": 0}, "TotRevenueFrmOperations": 5689749, "ClsngStckOfFinishedStcks": 228590, "TardingAccTotCred": 5918339, "OpngStckOfFinishedStcks": 318560, "Purchases": 3331134, "DirectExpenses": 960000, "CarriageInward": 0, "PowerAndFuel": 0, "OtherIncDtls": [{"NatureOfIncome": "SURESH MAURYA", "Amount": 228000}, {"NatureOfIncome": "RAMPHAL", "Amount": 288000}, {"NatureOfIncome": "RAMLAL PATEL", "Amount": 288000}, {"NatureOfIncome": "HANUMANTH ALGOORE", "Amount": 156000}], "DirectExpensesTotal": 960000, "DutyTaxPay": {"ExciseCustomsVAT": {"CustomDuty": 0, "CounterVailDuty": 0, "SplAddDuty": 0, "UnionExciseDuty": 0, "ServiceTax": 0, "VATorSaleTax": 0, "CentralGoodServiceTax": 0, "StateGoodServiceTax": 0, "IntegratedGoodServiceTax": 0, "UnionTerrGoodServiceTax": 0, "OthDutyTaxCess": 0, "TotExciseCustomsVAT": 0}}, "GoodsCostPrdcdFrmMA": 0, "GrossProfitFrmBusProf": 1308645}, "PARTA_PL": {"CreditsToPL": {"GrossProfitTrnsfFrmTrdAcc": 1308645, "OthIncome": {"RentInc": 0, "Comissions": 0, "Dividends": 0, "InterestInc": 0, "ProfitOnSaleFixedAsset": 0, "ProfitOnInvChrSTT": 0, "ProfitOnOthInv": 0, "ProfitOnCurrFluct": 0, "ProfitOnCnvInvntryToCapAsst": 0, "ProfitOnAgriIncome": 0, "MiscOthIncome": 0, "TotOthIncome": 0}, "TotCreditsToPL": 1308645}, "DebitsToPL": {"Freight": 0, "ConsumptionOfStores": 0, "PowerFuel": 0, "RentExpdr": 132000, "RepairsBldg": 0, "RepairMach": 0, "EmployeeComp": {"SalsWages": 144000, "Bonus": 0, "MedExpReimb": 0, "LeaveEncash": 0, "LeaveTravelBenft": 0, "ContToSuperAnnFund": 0, "ContToPF": 0, "ContToGratFund": 0, "ContToOthFund": 0, "OthEmpBenftExpdr": 0, "TotEmployeeComp": 144000, "AnyCompPaidToNonRes": "N", "AmtPaidToNonRes": 0}, "Insurances": {"MedInsur": 0, "LifeInsur": 0, "KeyManInsur": 0, "OthInsur": 0, "TotInsurances": 0}, "StaffWelfareExp": 0, "Entertainment": 0, "Hospitality": 0, "Conference": 0, "SalePromoExp": 0, "Advertisement": 0, "CommissionExpdrDtls": {"NonResOtherCompany": 0, "Others": 0, "Total": 0}, "RoyalityDtls": {"NonResOtherCompany": 0, "Others": 0, "Total": 0}, "ProfessionalConstDtls": {"NonResOtherCompany": 0, "Others": 35000, "Total": 35000}, "HotelBoardLodge": 0, "TravelExp": 36146, "ForeignTravelExp": 0, "ConveyanceExp": 0, "TelephoneExp": 2850, "GuestHouseExp": 0, "ClubExp": 0, "FestivalCelebExp": 0, "Scholarship": 0, "Gift": 0, "Donation": 0, "RatesTaxesPays": {"ExciseCustomsVAT": {"UnionExciseDuty": 0, "ServiceTax": 0, "VATorSaleTax": 0, "Cess": 0, "CentralGoodServiceTax": 0, "StateGoodServiceTax": 0, "IntegratedGoodServiceTax": 0, "UnionTerrGoodServiceTax": 0, "OthDutyTaxCess": 0, "TotExciseCustomsVAT": 0}}, "AuditFee": 0, "OtherExpensesDtls": [{"ExpenseNature": "BANK CHARGES", "Amount": 3337}, {"ExpenseNature": "ELECTRIC & HARDWARE EXP", "Amount": 22423}, {"ExpenseNature": "ELECTRICITY EXP", "Amount": 41869}, {"ExpenseNature": "INT ON LOAN", "Amount": 50891}, {"ExpenseNature": "PETROL DIESEL EXP", "Amount": 45254}, {"ExpenseNature": "REPAIR & MAINTENANCE", "Amount": 44114}, {"ExpenseNature": "STAFF WELAFARE EXP", "Amount": 37825}, {"ExpenseNature": "TRANSPORTATION CHARGES", "Amount": 75600}, {"ExpenseNature": "WATER CHARGES", "Amount": 34221}], "OtherExpenses": 355534, "BadDebtDtls": {"BadDebtAmtDtlsTotal": 0, "OthersPANNotAvlblDtlTotal": 0, "OthersAmtLt1Lakh": 0, "BadDebt": 0}, "ProvForBadDoubtDebt": 0, "OthProvisionsExpdr": 0, "PBIDTA": 603115, "InterestExpdrtDtls": {"NonResOtherCompany": 0, "Others": 0, "InterestExpdr": 0}, "DepreciationAmort": 34140, "PBT": 568975}, "TaxProvAppr": {"ProvForCurrTax": 0, "ProvDefTax": 0, "ProfitAfterTax": 568975, "BalBFPrevYr": 0, "AmtAvlAppr": 568975, "TrfToReserves": 0, "ProprietorAccBalTrf": 568975}, "PersumptiveInc44AD": {"GrsTrnOverOrReceipt": 0, "GrsTrnOverBank": 0, "GrsTrnOverAnyOthMode": 0, "TotPersumptiveInc44AD": 0, "PersumptiveInc44AD6Per": 0, "PersumptiveInc44AD8Per": 0}, "TotalNumOfMonths": 0, "TotalPrsumptvIncUs44EGoods": 0, "TotalPrsumptvIncUs44E": 0, "NoBooksOfAccPL": {"GrossReceipt": 0, "GrsRcptAccPayeeOrBankMode": 0, "GrsRcptOtherMode": 0, "GrossProfit": 0, "Expenses": 0, "NetProfit": 0, "GrossReceiptPrf": 0, "GrsRcptAccPayeeOrBankModePrf": 0, "GrsRcptOtherModePrf": 0, "GrossProfitPrf": 0, "ExpensesPrf": 0, "NetProfitPrf": 0, "TotBusinessProfession": 0}, "TurnverFrmSpecActivity": 0, "GrossProfit": 0, "Expenditure": 0, "NetIncomeFrmSpecActivity": 0}, "PARTA_OI": {"MethodOfAcct": "MERC", "ChangeInAcctMethFlg": "N", "ProfDeviatDueAcctMeth": 0, "DecProOrIncLossUs145_2": 0, "NoCredToPLAmt": {"Section28Items": 0, "ProformaCreditsDue": 0, "PrevYrEscalClaim": 0, "OthItemInc": 0, "CapReceipt": 0, "TotNoCredToPLAmt": 0}, "AmtDisallUs36": {"StkInsurPrem": 0, "EmpHealthInsurPrem": 0, "EmpBonusCommSum": 0, "IntOnBorrCap": 0, "ZeroCoupBondDisc": 0, "RecogPFContribAmt": 0, "AppSuperAnnFundAmt": 0, "PensionSchemeSec80CCD": 0, "AppGratFundAmt": 0, "OthFundAmt": 0, "EmpContributionCredits": 0, "BadDebtDoubtAmt": 0, "BadDebtDoubtProvn": 0, "SpecResrvTranfr": 0, "FamPlanPromoExp": 0, "SecuritiesPaidAmt": 0, "MrktLossOthExpLossICDS": 0, "OthDisallowances": 0, "TotAmtDisallUs36": 0}, "AmtDisallUs37": {"CapitalNatureExp": 0, "PersonalExp": 0, "BusOrProfessnExp": 0, "PoliticPartyExp": 0, "LawVoilatPenalExp": 0, "OthPenalFineExp": 0, "OffenceExp": 0, "ContigentLiability": 0, "OthAmtNotAllowUs37": 0, "TotAmtDisallUs37": 0}, "AmtDisallUs40": {"NonCompChapXVIIBAmt": 0, "NonComp40aiiChapXVIIBAmt": 0, "NonComp40aibChapXVIIBAmt": 0, "NonComp40aiiiChapXVIIBAmt": 0, "TaxAmtOnProfits": 0, "WTAmt": 0, "RolyatyOrServiceFee": 0, "IntSalBonPartner": 0, "OthDisallow": 0, "TotAmtDisallUs40": 0, "AmtDisallUs40PyNowAll": 0}, "AmtDisallUs40A": {"AmtPaidUs40A2b": 0, "AmtGT20kCash": 0, "ProvPmtGrat": 0, "ContToSetupTrust": 0, "OthDisallow": 0, "TotAmtDisallUs40A": 0}, "AmtDisallUs43BPyNowAll": {"AmtUs43B": {"TaxDutyCesAmt": 0, "ContToEmpPFSFGF": 0, "EmpBonusComm": 0, "IntPayaleToFI": 0, "SumPayaleLoanBrToFinComp": 0, "IntPayaleToFISchBank": 0, "LeaveEncashPayable": 0, "RailwayAssetsPayable": 0, "TotAmtUs43b": 0}}, "AmtDisall43B": {"AmtUs43B": {"TaxDutyCesAmt": 0, "ContToEmpPFSFGF": 0, "EmpBonusComm": 0, "IntPayaleToFI": 0, "SumPayaleLoanBrToFinComp": 0, "IntPayaleToFISchBank": 0, "LeaveEncashPayable": 0, "RailwayAssetsPayable": 0, "TotAmtUs43b": 0}}, "AmtExciseCustomsVATOutstanding": {"ExciseCustomsVAT": {"UnionExciseDuty": 0, "ServiceTax": 0, "VATorSaleTax": 0, "CentralGoodServiceTax": 0, "StateGoodServiceTax": 0, "IntegratedGoodServiceTax": 0, "UnionTerrGoodServiceTax": 0, "OthDutyTaxCess": 0, "TotExciseCustomsVAT": 0}}, "DeemedProfUs33ABs": 0, "DeemedProfUs33AB": 0, "DeemedProfUs33ABA": 0, "ProfTaxAmtUs41": 0, "PriorAmtIncCrDrPL": 0, "AmountOfExpDisAllwUs14A": 0, "ScheduleTPSAFlg": "N"}, "ITR3ScheduleBP": {"BusinessIncOthThanSpec": {"ProfBfrTaxPL": 568975, "NetPLFromSpecBus": 0, "NetPLFromSpecifiedBus": 0, "IncRecCredPLOthHeadDtls": {"Salary": 0, "HouseProperty": 0, "CapitalGains": 0, "OtherSources": 0, "Dividend": 0, "OtherThanDividend": 0, "Us115BBF": 0, "Us115BBG": 0}, "PLUs44sChapXIIG": 0, "ProfitLossInclRefrdSec": {"ProfitLossUs44AD": 0, "ProfitLossUs44ADA": 0, "ProfitLossUs44AE": 0, "ProfitLossUs44B": 0, "ProfitLossUs44BB": 0, "ProfitLossUs44BBA": 0, "ProfitLossUs44DA": 0}, "TotalProfitFrmActCvrd": 0, "ProfitFrmActCvrd": {"ProfitFrmActCvrdUndrRule7": 0, "ProfitFrmActCvrdUndrRule7A": 0, "ProfitFrmActCvrdUndrRule7B1": 0, "ProfitFrmActCvrdUndrRule7B1A": 0, "ProfitFrmActCvrdUndrRule8": 0}, "IncCredPL": {"FirmShareInc": 0, "AOPBOISharInc": 0, "OthExempInc": 0, "TotExempIncPL": 0}, "BalancePLOthThanSpecBus": 568975, "ExpDebToPLOthHeadDtls": {"Salary": 0, "HouseProperty": 0, "CapitalGains": 0, "OtherSources": 0, "Us115BBF": 0, "Us115BBG": 0}, "ExpDebToPLExemptInc": 0, "ExpDebToPLExemptIncDisAllwUs14A": 0, "TotExpDebPL": 0, "AdjustedPLOthThanSpecBus": 568975, "DepreciationDebPLCosAct": 34140, "DepreciationAllowITAct32": {"DepreciationAllowUs32_1_ii": 34140, "DepreciationAllowUs32_1_i": 0, "TotDeprAllowITAct": 34140}, "AdjustPLAfterDeprOthSpecInc": 568975, "AmtDebPLDisallowUs36": 0, "AmtDebPLDisallowUs37": 0, "AmtDebPLDisallowUs40": 0, "AmtDebPLDisallowUs40A": 0, "AmtDebPLDisallowUs43B": 0, "InterestDisAllowUs23SMEAct": 0, "DeemIncUs41": 0, "DeemIncUs3380HHD80IA": 0, "DeemIncUs32AD": 0, "DeemIncUs33AB": 0, "DeemIncUs33ABA": 0, "DeemIncUs35ABB": 0, "DeemIncUs40A3A": 0, "DeemIncUs72A": 0, "DeemIncUs80HHD": 0, "DeemIncUs80IA": 0, "DeemIncUs43CA": 0, "OthItemDisallowUs28To44DA": 0, "AnyOthIncNotInclInExpDisallowPL": 0, "AnyOthIncNotInclInSalary": 0, "AnyOthIncNotInclInBonus": 0, "AnyOthIncNotInclInCommission": 0, "AnyOthIncNotInclInInterest": 0, "AnyOthIncNotInclInOthers": 0, "IncProfDecLossAccICDSAdj": 0, "TotAfterAddToPLDeprOthSpecInc": 0, "DeductUs32_1_iii": 0, "DebPLUs35ExcessAmt": 0, "AmtDisallUs40NowAllow": 0, "AmtDisallUs43BNowAllow": 0, "AnyOthAmtAllDeduct": 0, "DecProfIncLossAccICDSAdj": 0, "TotDeductionAmts": 0, "PLAftAdjDedBusOthThanSpec": 568975, "DeemedProfitBusUs": {"Section44AD": 0, "Section44ADA": 0, "Section44AE": 0, "Section44B": 0, "Section44BB": 0, "Section44BBA": 0, "Section44DA": 0, "TotDeemedProfitBusUs": 0}, "NetPLAftAdjBusOthThanSpec": 568975, "NetPLBusOthThanSpec7A7B7C": 568975, "ChrgblIncUndrRule7": 0, "DeemedChrgblIncUndrRule7A": 0, "DeemedChrgblIncUndrRule7B1": 0, "DeemedChrgblIncUndrRule7B1A": 0, "DeemedChrgblIncUndrRule8": 0, "IncomeOtherThanRule": 568975, "BalIncDeemedFrmAgri": 0}, "SpecBusinessInc": {"NetPLFrmSpecBus": 0, "AdditionUs28to44DA": 0, "DeductUs28to44DA": 0, "AdjustedPLFrmSpecuBus": 0}, "SpecifiedBusinessInc": {"NetPLFrmSpecifiedBus": 0, "AddSec28to44DA": 0, "DedSec28to44DAOTDedSec35AD": 0, "ProfitLossSpecifiedBusiness": 0, "DeductionUs35AD": 0, "PLFrmSpecifiedBus": 0}, "IncChrgUnHdProftGain": 568975, "BusSetoffCurrYr": {"LossSetOffOnBusLoss": 0, "SpeculativeInc": {"IncOfCurYrUnderThatHead": 0, "BusLossSetoff": 0, "IncOfCurYrAfterSetOff": 0}, "SpecifiedInc": {"IncOfCurYrUnderThatHead": 0, "BusLossSetoff": 0, "IncOfCurYrAfterSetOff": 0}, "TotLossSetOffOnBus": 0, "LossRemainSetOffOnBus": 0}}, "ScheduleDPM": {"PlantMachinery": {"Rate15": {"DepreciationDetail": {"WDVFirstDay": 227602, "AdditionsGrThan180Days": 0, "RealizationTotalPeriod": 0, "FullRateDeprAmt": 227602, "AdditionsLessThan180Days": 0, "RealizationPeriodLessThan180days": 0, "HalfRateDeprAmt": 0, "DepreciationAtFullRate": 34140, "DepreciationAtHalfRate": 0, "AddlnDeprOnGT180DayAdditions": 0, "AddlnDeprOnLessThan180DayAdditions": 0, "AddlnDeprOnAssetLessThan180Days": 0, "TotalDepreciation": 34140, "DepDisAllowUs38_2": 0, "NetAggregateDepreciation": 34140, "ProportionateAggDepreciation": 0, "ExpdrOnTrforSaleAsset": 0, "CapGainUs50": 0, "WDVLastDay": 193462}}}}, "ScheduleDEP": {"SummaryFromDeprSch": {"PlantMachinerySummary": {"DeprBlockTot15Percent": 34140, "DeprBlockTot30Percent": 0, "DeprBlockTot40Percent": 0, "DeprBlockTot45Percent": 0, "TotPlntMach": 34140}, "BuildingSummary": {"DeprBlockTot5Percent": 0, "DeprBlockTot10Percent": 0, "DeprBlockTot40Percent": 0, "TotBuildng": 0}, "FurnitureSummary": 0, "IntangibleAssetSummary": 0, "ShipsSummary": 0, "TotalDepreciation": 34140}}, "ScheduleDCG": {"SummaryFromDeprSchCG": {"PlantMachinerySummaryCG": {"DeprBlockTot15Percent": 0, "DeprBlockTot30Percent": 0, "DeprBlockTot40Percent": 0, "DeprBlockTot45Percent": 0, "TotPlntMach": 0}, "BuildingSummaryCG": {"DeprBlockTot5Percent": 0, "DeprBlockTot10Percent": 0, "DeprBlockTot40Percent": 0, "TotBuildng": 0}, "FurnitureSummary": 0, "IntangibleAssetSummary": 0, "ShipsSummary": 0, "TotalDepreciation": 0}}, "ScheduleCGFor23": {"ShortTermCapGainFor23": {"SlumpSaleInStcg": {"FMV11UAEii": 0, "FMV11UAEiii": 0, "FullConsideration": 0, "NetWorthOfDivision": 0, "CapgainonAssets": 0}, "EquityMFonSTT": [{"MFSectionCode": "1A", "EquityMFonSTTDtls": {"FullConsideration": 0, "DeductSec48": {"AquisitCost": 0, "ImproveCost": 0, "ExpOnTrans": 0, "TotalDedn": 0}, "BalanceCG": 0, "LossSec94of7Or94of8": 0, "CapgainonAssets": 0}}], "NRITransacSec48Dtl": {"NRItaxSTTPaid": 0, "NRItaxSTTNotPaid": 0}, "NRISecur115AD": {"FullValueConsdRecvUnqshr": 0, "FairMrktValueUnqshr": 0, "FullValueConsdSec50CA": 0, "FullValueConsdOthUnqshr": 0, "FullConsideration": 0, "DeductSec48": {"AquisitCost": 0, "ImproveCost": 0, "ExpOnTrans": 0, "TotalDedn": 0}, "BalanceCG": 0, "LossSec94of7Or94of8": 0, "CapgainonAssets": 0}, "SaleOnOtherAssets": {"FullValueConsdRecvUnqshr": 0, "FairMrktValueUnqshr": 0, "FullValueConsdSec50CA": 0, "FullValueConsdOthUnqshr": 0, "FullConsideration": 0, "DeductSec48": {"AquisitCost": 0, "ImproveCost": 0, "ExpOnTrans": 0, "TotalDedn": 0}, "BalanceCG": 0, "LossSec94of7Or94of8": 0, "DeemedStcgOnAssets": 0, "ExemptionOrDednUs54": {"ExemptionGrandTotal": 0}, "CapgainonAssets": 0}, "UnutilizedStcgFlag": "N", "TotalAmtDeemedStcg": 0, "PassThrIncNatureSTCG": 0, "PassThrIncNatureSTCG15Per": 0, "PassThrIncNatureSTCG30Per": 0, "PassThrIncNatureSTCGAppRate": 0, "TotalAmtNotTaxUsDTAAStcg": 0, "TotalAmtTaxUsDTAAStcg": 0, "TotalSTCG": 0}, "LongTermCapGain23": {"SlumpSaleInLtcg": {"FMV11UAEii": 0, "FMV11UAEiii": 0, "FullConsideration": 0, "NetWorthOfDivision": 0, "SlumpBalance": 0, "ExemptionOrDednUs54": {"ExemptionGrandTotal": 0}, "CapgainonAssets": 0}, "SaleofBondsDebntr": {"FullConsideration": 0, "DeductSec48": {"AquisitCost": 0, "ImproveCost": 0, "ExpOnTrans": 0, "TotalDedn": 0}, "BalanceCG": 0, "DeductionUs54F": 0, "CapgainonAssets": 0}, "Proviso112Applicable": [{"Proviso112SectionCode": "22", "Proviso112Applicabledtls": {"FullConsideration": 0, "DeductSec48": {"AquisitCost": 0, "ImproveCost": 0, "ExpOnTrans": 0, "TotalDedn": 0}, "BalanceCG": 0, "DeductionUs54F": 0, "CapgainonAssets": 0}}], "SaleOfEquityShareUs112A": {"BalanceCG": 0, "DeductionUs54F": 0, "CapgainonAssets": 0}, "NRIProvisoSec48": {"LTCGWithoutBenefit": 0, "DeductionUs54F": 0, "BalanceCG": 0}, "NRIOnSec112and115": {"NRIOnSec112and115Dtls": [{"SectionCode": "5AC1c", "FullValueConsdRecvUnqshr": 0, "FairMrktValueUnqshr": 0, "FullValueConsdSec50CA": 0, "FullValueConsdOthUnqshr": 0, "FullConsideration": 0, "DeductSec48": {"AquisitCost": 0, "ImproveCost": 0, "ExpOnTrans": 0, "TotalDedn": 0}, "BalanceCG": 0, "DeductionUs54F": 0, "CapgainonAssets": 0}, {"SectionCode": "5ADiii", "FullValueConsdRecvUnqshr": 0, "FairMrktValueUnqshr": 0, "FullValueConsdSec50CA": 0, "FullValueConsdOthUnqshr": 0, "FullConsideration": 0, "DeductSec48": {"AquisitCost": 0, "ImproveCost": 0, "ExpOnTrans": 0, "TotalDedn": 0}, "BalanceCG": 0, "DeductionUs54F": 0, "CapgainonAssets": 0}, {"SectionCode": "21ciii", "FullValueConsdRecvUnqshr": 0, "FairMrktValueUnqshr": 0, "FullValueConsdSec50CA": 0, "FullValueConsdOthUnqshr": 0, "FullConsideration": 0, "DeductSec48": {"AquisitCost": 0, "ImproveCost": 0, "ExpOnTrans": 0, "TotalDedn": 0}, "BalanceCG": 0, "DeductionUs54F": 0, "CapgainonAssets": 0}]}, "NRISaleOfEquityShareUs112A": {"BalanceCG": 0, "DeductionUs54F": 0, "CapgainonAssets": 0}, "NRISaleofForeignAsset": {"SaleonSpecAsset": 0, "DednSpecAssetus115": 0, "BalonSpeciAsset": 0, "SaleOtherSpecAsset": 0, "DednOtherSpecAssetus115": 0, "BalOtherthanSpecAsset": 0}, "SaleofAssetNA": {"FullValueConsdRecvUnqshr": 0, "FairMrktValueUnqshr": 0, "FullValueConsdSec50CA": 0, "FullValueConsdOthUnqshr": 0, "FullConsideration": 0, "DeductSec48": {"AquisitCost": 0, "ImproveCost": 0, "ExpOnTrans": 0, "TotalDedn": 0}, "BalanceCG": 0, "ExemptionOrDednUs54": {"ExemptionGrandTotal": 0}, "CapgainonAssets": 0}, "UnutilizedLtcgFlag": "N", "TotalAmtDeemedLtcg": 0, "PassThrIncNatureLTCG": 0, "PassThrIncNatureLTCGUs112A": 0, "PassThrIncNatureLTCG10Per": 0, "PassThrIncNatureLTCG20Per": 0, "TotalAmtNotTaxUsDTAALtcg": 0, "TotalAmtTaxUsDTAALtcg": 0, "TotalLTCG": 0}, "TotScheduleCGFor23": 0, "DeducClaimInfo": {"TotDeductClaim": 0}, "CurrYrLosses": {"InLossSetOff": {"StclSetoff15Per": 0, "StclSetoff30Per": 0, "StclSetoffAppRate": 0, "StclSetoffDTAARate": 0, "LtclSetOff10Per": 0, "LtclSetOff20Per": 0, "LtclSetOffDTAARate": 0}, "InStcg15Per": {"CurrYearIncome": 0, "StclSetoff30Per": 0, "StclSetoffAppRate": 0, "StclSetoffDTAARate": 0, "CurrYrCapGain": 0}, "InStcg30Per": {"CurrYearIncome": 0, "StclSetoff15Per": 0, "StclSetoffAppRate": 0, "StclSetoffDTAARate": 0, "CurrYrCapGain": 0}, "InStcgAppRate": {"CurrYearIncome": 0, "StclSetoff15Per": 0, "StclSetoff30Per": 0, "StclSetoffDTAARate": 0, "CurrYrCapGain": 0}, "InStcgDTAARate": {"CurrYearIncome": 0, "StclSetoff15Per": 0, "StclSetoff30Per": 0, "StclSetoffAppRate": 0, "CurrYrCapGain": 0}, "InLtcg10Per": {"CurrYearIncome": 0, "StclSetoff15Per": 0, "StclSetoff30Per": 0, "StclSetoffAppRate": 0, "StclSetoffDTAARate": 0, "LtclSetOff20Per": 0, "LtclSetOffDTAARate": 0, "CurrYrCapGain": 0}, "InLtcg20Per": {"CurrYearIncome": 0, "StclSetoff15Per": 0, "StclSetoff30Per": 0, "StclSetoffAppRate": 0, "StclSetoffDTAARate": 0, "LtclSetOff10Per": 0, "LtclSetOffDTAARate": 0, "CurrYrCapGain": 0}, "InLtcgDTAARate": {"CurrYearIncome": 0, "StclSetoff15Per": 0, "StclSetoff30Per": 0, "StclSetoffAppRate": 0, "StclSetoffDTAARate": 0, "LtclSetOff10Per": 0, "LtclSetOff20Per": 0, "CurrYrCapGain": 0}, "TotLossSetOff": {"StclSetoff15Per": 0, "StclSetoff30Per": 0, "StclSetoffAppRate": 0, "StclSetoffDTAARate": 0, "LtclSetOff10Per": 0, "LtclSetOff20Per": 0, "LtclSetOffDTAARate": 0}, "LossRemainSetOff": {"StclSetoff15Per": 0, "StclSetoff30Per": 0, "StclSetoffAppRate": 0, "StclSetoffDTAARate": 0, "LtclSetOff10Per": 0, "LtclSetOff20Per": 0, "LtclSetOffDTAARate": 0}}, "AccruOrRecOfCG": {"ShortTermUnder15Per": {"DateRange": {"Upto15Of6": 0, "Upto15Of9": 0, "Up16Of9To15Of12": 0, "Up16Of12To15Of3": 0, "Up16Of3To31Of3": 0}}, "ShortTermUnder30Per": {"DateRange": {"Upto15Of6": 0, "Upto15Of9": 0, "Up16Of9To15Of12": 0, "Up16Of12To15Of3": 0, "Up16Of3To31Of3": 0}}, "ShortTermUnderAppRate": {"DateRange": {"Upto15Of6": 0, "Upto15Of9": 0, "Up16Of9To15Of12": 0, "Up16Of12To15Of3": 0, "Up16Of3To31Of3": 0}}, "ShortTermUnderDTAARate": {"DateRange": {"Upto15Of6": 0, "Upto15Of9": 0, "Up16Of9To15Of12": 0, "Up16Of12To15Of3": 0, "Up16Of3To31Of3": 0}}, "LongTermUnder10Per": {"DateRange": {"Upto15Of6": 0, "Upto15Of9": 0, "Up16Of9To15Of12": 0, "Up16Of12To15Of3": 0, "Up16Of3To31Of3": 0}}, "LongTermUnder20Per": {"DateRange": {"Upto15Of6": 0, "Upto15Of9": 0, "Up16Of9To15Of12": 0, "Up16Of12To15Of3": 0, "Up16Of3To31Of3": 0}}, "LongTermUnderDTAARate": {"DateRange": {"Upto15Of6": 0, "Upto15Of9": 0, "Up16Of9To15Of12": 0, "Up16Of12To15Of3": 0, "Up16Of3To31Of3": 0}}}}, "ScheduleOS": {"IncOthThanOwnRaceHorse": {"GrossIncChrgblTaxAtAppRate": 81335, "DividendGross": 0, "DividendOthThan22e": 0, "Dividend22e": 0, "InterestGross": 81335, "IntrstFrmSavingBank": 8129, "IntrstFrmTermDeposit": 0, "IntrstFrmIncmTaxRefund": 0, "NatofPassThrghIncome": 0, "IntrstSec10XIFirstProviso": 0, "IntrstSec10XISecondProviso": 0, "IntrstSec10XIIFirstProviso": 0, "IntrstSec10XIISecondProviso": 0, "IntrstFrmOthers": 73206, "RentFromMachPlantBldgs": 0, "Tot562x": 0, "Aggrtvaluewithoutcons562x": 0, "Immovpropwithoutcons562x": 0, "Immovpropinadeqcons562x": 0, "Anyotherpropwithoutcons562x": 0, "Anyotherpropinadeqcons562x": 0, "FamilyPension": 0, "AnyOtherIncome": 0, "IncChargeableSpecialRates": 0, "LtryPzzlChrgblUs115BB": 0, "IncChrgblUs115BBE": 0, "CashCreditsUs68": 0, "UnExplndInvstmntsUs69": 0, "UnExplndMoneyUs69A": 0, "UnDsclsdInvstmntsUs69B": 0, "UnExplndExpndtrUs69C": 0, "AmtBrwdRepaidOnHundiUs69D": 0, "TaxAccumulatedBalRecPF": {"TotalIncomeBenefit": 0, "TotalTaxBenefit": 0}, "OthersGross": 0, "PassThrIncOSChrgblSplRate": 0, "IncChargblSplRateOS": {"TotalAmtTaxUsDTAASchOs": 0}, "Deductions": {"Expenses": 0, "UsrIntExp57": 0, "IntExp57": 0, "DeductionUs57iia": 0, "Depreciation": 0, "TotDeductions": 0}, "AmtNotDeductibleUs58": 0, "ProfitChargTaxUs59": 0, "Increliefus89AOS": 0, "BalanceNoRaceHorse": 81335}, "TotOthSrcNoRaceHorse": 81335, "IncFromOwnHorse": {"Receipts": 0, "DeductSec57": 0, "AmtNotDeductibleUs58": 0, "ProfitChargTaxUs59": 0, "BalanceOwnRaceHorse": 0}, "IncChargeable": 81335, "DividendIncUs115BBDA": {"DateRange": {"Upto15Of6": 0, "Up16Of6To15Of9": 0, "Up16Of9To15Of12": 0, "Up16Of12To15Of3": 0, "Up16Of3To31Of3": 0}}, "IncFrmLottery": {"DateRange": {"Upto15Of6": 0, "Up16Of6To15Of9": 0, "Up16Of9To15Of12": 0, "Up16Of12To15Of3": 0, "Up16Of3To31Of3": 0}}, "DividendIncUs115A1ai": {"DateRange": {"Upto15Of6": 0, "Up16Of6To15Of9": 0, "Up16Of9To15Of12": 0, "Up16Of12To15Of3": 0, "Up16Of3To31Of3": 0}}, "DividendIncUs115AC": {"DateRange": {"Upto15Of6": 0, "Up16Of6To15Of9": 0, "Up16Of9To15Of12": 0, "Up16Of12To15Of3": 0, "Up16Of3To31Of3": 0}}, "DividendIncUs115ACA": {"DateRange": {"Upto15Of6": 0, "Up16Of6To15Of9": 0, "Up16Of9To15Of12": 0, "Up16Of12To15Of3": 0, "Up16Of3To31Of3": 0}}, "DividendIncUs115AD1i": {"DateRange": {"Upto15Of6": 0, "Up16Of6To15Of9": 0, "Up16Of9To15Of12": 0, "Up16Of12To15Of3": 0, "Up16Of3To31Of3": 0}}, "NOT89A": {"DateRange": {"Upto15Of6": 0, "Up16Of6To15Of9": 0, "Up16Of9To15Of12": 0, "Up16Of12To15Of3": 0, "Up16Of3To31Of3": 0}}, "DividendDTAA": {"DateRange": {"Upto15Of6": 0, "Up16Of6To15Of9": 0, "Up16Of9To15Of12": 0, "Up16Of12To15Of3": 0, "Up16Of3To31Of3": 0}}}, "ScheduleCYLA": {"Salary": {"IncCYLA": {"IncOfCurYrUnderThatHead": 0, "HPlossCurYrSetoff": 0, "OthSrcLossNoRaceHorseSetoff": 0, "IncOfCurYrAfterSetOff": 0}}, "HP": {"IncCYLA": {"IncOfCurYrUnderThatHead": 0, "BusLossSetoff": 0, "OthSrcLossNoRaceHorseSetoff": 0, "IncOfCurYrAfterSetOff": 0}}, "BusProfExclSpecProf": {"IncCYLA": {"IncOfCurYrUnderThatHead": 568975, "HPlossCurYrSetoff": 0, "OthSrcLossNoRaceHorseSetoff": 0, "IncOfCurYrAfterSetOff": 568975}}, "SpeculativeInc": {"IncCYLA": {"IncOfCurYrUnderThatHead": 0, "HPlossCurYrSetoff": 0, "OthSrcLossNoRaceHorseSetoff": 0, "IncOfCurYrAfterSetOff": 0}}, "SpecifiedInc": {"IncCYLA": {"IncOfCurYrUnderThatHead": 0, "HPlossCurYrSetoff": 0, "OthSrcLossNoRaceHorseSetoff": 0, "IncOfCurYrAfterSetOff": 0}}, "STCG15Per": {"IncCYLA": {"IncOfCurYrUnderThatHead": 0, "HPlossCurYrSetoff": 0, "BusLossSetoff": 0, "OthSrcLossNoRaceHorseSetoff": 0, "IncOfCurYrAfterSetOff": 0}}, "STCG30Per": {"IncCYLA": {"IncOfCurYrUnderThatHead": 0, "HPlossCurYrSetoff": 0, "BusLossSetoff": 0, "OthSrcLossNoRaceHorseSetoff": 0, "IncOfCurYrAfterSetOff": 0}}, "STCGAppRate": {"IncCYLA": {"IncOfCurYrUnderThatHead": 0, "HPlossCurYrSetoff": 0, "BusLossSetoff": 0, "OthSrcLossNoRaceHorseSetoff": 0, "IncOfCurYrAfterSetOff": 0}}, "STCGDTAARate": {"IncCYLA": {"IncOfCurYrUnderThatHead": 0, "HPlossCurYrSetoff": 0, "OthSrcLossNoRaceHorseSetoff": 0, "IncOfCurYrAfterSetOff": 0}}, "LTCG10Per": {"IncCYLA": {"IncOfCurYrUnderThatHead": 0, "HPlossCurYrSetoff": 0, "BusLossSetoff": 0, "OthSrcLossNoRaceHorseSetoff": 0, "IncOfCurYrAfterSetOff": 0}}, "LTCG20Per": {"IncCYLA": {"IncOfCurYrUnderThatHead": 0, "HPlossCurYrSetoff": 0, "BusLossSetoff": 0, "OthSrcLossNoRaceHorseSetoff": 0, "IncOfCurYrAfterSetOff": 0}}, "LTCGDTAARate": {"IncCYLA": {"IncOfCurYrUnderThatHead": 0, "HPlossCurYrSetoff": 0, "OthSrcLossNoRaceHorseSetoff": 0, "IncOfCurYrAfterSetOff": 0}}, "OthSrcExclRaceHorse": {"IncCYLA": {"IncOfCurYrUnderThatHead": 81335, "HPlossCurYrSetoff": 0, "BusLossSetoff": 0, "IncOfCurYrAfterSetOff": 81335}}, "OthSrcRaceHorse": {"IncCYLA": {"IncOfCurYrUnderThatHead": 0, "HPlossCurYrSetoff": 0, "BusLossSetoff": 0, "OthSrcLossNoRaceHorseSetoff": 0, "IncOfCurYrAfterSetOff": 0}}, "IncOSDTAA": {"IncCYLA": {"IncOfCurYrUnderThatHead": 0, "HPlossCurYrSetoff": 0, "BusLossSetoff": 0, "IncOfCurYrAfterSetOff": 0}}, "TotalCurYr": {"TotHPlossCurYr": 0, "TotBusLoss": 0, "TotOthSrcLossNoRaceHorse": 0}, "TotalLossSetOff": {"TotHPlossCurYrSetoff": 0, "TotBusLossSetoff": 0, "TotOthSrcLossNoRaceHorseSetoff": 0}, "LossRemAftSetOff": {"BalHPlossCurYrAftSetoff": 0, "BalBusLossAftSetoff": 0, "BalOthSrcLossNoRaceHorseAftSetoff": 0}}, "ScheduleBFLA": {"Salary": {"IncBFLA": {"IncOfCurYrUndHeadFromCYLA": 0, "IncOfCurYrAfterSetOffBFLosses": 0}}, "HP": {"IncBFLA": {"IncOfCurYrUndHeadFromCYLA": 0, "BFlossPrevYrUndSameHeadSetoff": 0, "BFUnabsorbedDeprSetoff": 0, "BFAllUs35Cl4Setoff": 0, "IncOfCurYrAfterSetOffBFLosses": 0}}, "BusProfExclSpecProf": {"IncBFLA": {"IncOfCurYrUndHeadFromCYLA": 568975, "BFlossPrevYrUndSameHeadSetoff": 0, "BFUnabsorbedDeprSetoff": 0, "BFAllUs35Cl4Setoff": 0, "IncOfCurYrAfterSetOffBFLosses": 568975}}, "SpeculativeInc": {"IncBFLA": {"IncOfCurYrUndHeadFromCYLA": 0, "BFlossPrevYrUndSameHeadSetoff": 0, "BFUnabsorbedDeprSetoff": 0, "BFAllUs35Cl4Setoff": 0, "IncOfCurYrAfterSetOffBFLosses": 0}}, "SpecifiedInc": {"IncBFLA": {"IncOfCurYrUndHeadFromCYLA": 0, "BFlossPrevYrUndSameHeadSetoff": 0, "BFUnabsorbedDeprSetoff": 0, "BFAllUs35Cl4Setoff": 0, "IncOfCurYrAfterSetOffBFLosses": 0}}, "STCG15Per": {"IncBFLA": {"IncOfCurYrUndHeadFromCYLA": 0, "BFlossPrevYrUndSameHeadSetoff": 0, "BFUnabsorbedDeprSetoff": 0, "BFAllUs35Cl4Setoff": 0, "IncOfCurYrAfterSetOffBFLosses": 0}}, "STCG30Per": {"IncBFLA": {"IncOfCurYrUndHeadFromCYLA": 0, "BFlossPrevYrUndSameHeadSetoff": 0, "BFUnabsorbedDeprSetoff": 0, "BFAllUs35Cl4Setoff": 0, "IncOfCurYrAfterSetOffBFLosses": 0}}, "STCGAppRate": {"IncBFLA": {"IncOfCurYrUndHeadFromCYLA": 0, "BFlossPrevYrUndSameHeadSetoff": 0, "BFUnabsorbedDeprSetoff": 0, "BFAllUs35Cl4Setoff": 0, "IncOfCurYrAfterSetOffBFLosses": 0}}, "STCGDTAARate": {"IncBFLA": {"IncOfCurYrUndHeadFromCYLA": 0, "BFlossPrevYrUndSameHeadSetoff": 0, "BFUnabsorbedDeprSetoff": 0, "BFAllUs35Cl4Setoff": 0, "IncOfCurYrAfterSetOffBFLosses": 0}}, "LTCG10Per": {"IncBFLA": {"IncOfCurYrUndHeadFromCYLA": 0, "BFlossPrevYrUndSameHeadSetoff": 0, "BFUnabsorbedDeprSetoff": 0, "BFAllUs35Cl4Setoff": 0, "IncOfCurYrAfterSetOffBFLosses": 0}}, "LTCG20Per": {"IncBFLA": {"IncOfCurYrUndHeadFromCYLA": 0, "BFlossPrevYrUndSameHeadSetoff": 0, "BFUnabsorbedDeprSetoff": 0, "BFAllUs35Cl4Setoff": 0, "IncOfCurYrAfterSetOffBFLosses": 0}}, "LTCGDTAARate": {"IncBFLA": {"IncOfCurYrUndHeadFromCYLA": 0, "BFlossPrevYrUndSameHeadSetoff": 0, "BFUnabsorbedDeprSetoff": 0, "BFAllUs35Cl4Setoff": 0, "IncOfCurYrAfterSetOffBFLosses": 0}}, "OthSrcExclRaceHorse": {"IncBFLA": {"IncOfCurYrUndHeadFromCYLA": 81335, "BFUnabsorbedDeprSetoff": 0, "BFAllUs35Cl4Setoff": 0, "IncOfCurYrAfterSetOffBFLosses": 81335}}, "OthSrcRaceHorse": {"IncBFLA": {"IncOfCurYrUndHeadFromCYLA": 0, "BFlossPrevYrUndSameHeadSetoff": 0, "BFUnabsorbedDeprSetoff": 0, "BFAllUs35Cl4Setoff": 0, "IncOfCurYrAfterSetOffBFLosses": 0}}, "IncOSDTAA": {"IncBFLA": {"IncOfCurYrUndHeadFromCYLA": 0, "BFUnabsorbedDeprSetoff": 0, "BFAllUs35Cl4Setoff": 0, "IncOfCurYrAfterSetOffBFLosses": 0}}, "TotalBFLossSetOff": {"TotBFLossSetoff": 0, "TotUnabsorbedDeprSetoff": 0, "TotAllUs35cl4Setoff": 0}, "IncomeOfCurrYrAftCYLABFLA": 650310}, "ScheduleCFL": {"LossCFFromPrev5thYearFromAY": {"CarryFwdLossDetail": {"DateOfFiling": "", "AdjustAccTax115BACAmt": 0, "BusLossOthThanSpecLossCF": 0, "TotalLTCGPTILossCF": 0}}, "LossCFFromPrev4thYearFromAY": {"CarryFwdLossDetail": {"DateOfFiling": "", "AdjustAccTax115BACAmt": 0, "BusLossOthThanSpecLossCF": 0, "TotalLTCGPTILossCF": 0}}, "LossCFFromPrev3rdYearFromAY": {"CarryFwdLossDetail": {"DateOfFiling": "", "AdjustAccTax115BACAmt": 0, "BusLossOthThanSpecLossCF": 0, "TotalLTCGPTILossCF": 0}}, "LossCFFromPrev2ndYearFromAY": {"CarryFwdLossDetail": {"DateOfFiling": "", "AdjustAccTax115BACAmt": 0, "BusLossOthThanSpecLossCF": 0, "TotalLTCGPTILossCF": 0}}, "LossCFFromPrevYrToAY": {"CarryFwdLossDetail": {"DateOfFiling": "2018-08-31", "TotalLTCGPTILossCF": 154341}}, "LossCFCurrentAssmntYear": {"CarryFwdLossDetail": {"DateOfFiling": "", "AdjustAccTax115BACAmt": 0, "BusLossOthThanSpecLossCF": 0, "TotalLTCGPTILossCF": 0}}, "LossCFCurrentAssmntYear2021": {"CarryFwdLossDetail": {"DateOfFiling": "", "AdjustAccTax115BACAmt": 0, "BusLossOthThanSpecLossCF": 0, "TotalLTCGPTILossCF": 0}}, "LossCFCurrentAssmntYear2022": {"CarryFwdLossDetail": {"DateOfFiling": "", "AdjustAccTax115BACAmt": 0, "BusLossOthThanSpecLossCF": 0, "TotalLTCGPTILossCF": 0}}, "TotalOfBFLossesEarlierYrs": {"LossSummaryDetail": {"TotalLTCGPTILossCF": 154341}}, "AdjTotBFLossInBFLA": {"LossSummaryDetail": {"TotalHPPTILossCF": 0, "BusLossOthThanSpecLossCF": 0, "LossFrmSpecBusCF": 0, "LossFrmSpecifiedBusCF": 0, "TotalSTCGPTILossCF": 0, "TotalLTCGPTILossCF": 0, "OthSrcLossRaceHorseCF": 0}}, "CurrentAYloss": {"LossSummaryDetail": {"TotalHPPTILossCF": 0, "BusLossOthThanSpecLossCF": 0, "LossFrmSpecBusCF": 0, "LossFrmSpecifiedBusCF": 0, "TotalSTCGPTILossCF": 0, "TotalLTCGPTILossCF": 0, "OthSrcLossRaceHorseCF": 0}}, "TotalLossCFSummary": {"LossSummaryDetail": {"LossFrmSpecifiedBusCF": 0, "TotalLTCGPTILossCF": 154341, "OthSrcLossRaceHorseCF": 0}}}, "ScheduleVIA": {"UsrDeductUndChapVIA": {"Section80C": 63241, "Section80CCC": 0, "Section80CCDEmployeeOrSE": 0, "Section80CCD1B": 0, "Section80CCDEmployer": 0, "Section80D": 0, "Section80DD": 0, "Section80DDB": 0, "Section80E": 0, "Section80EE": 0, "Section80EEA": 0, "Section80EEB": 0, "Section80G": 0, "Section80GG": 0, "Section80GGA": 0, "Section80GGC": 0, "TotPartBchapterVIA": 63241, "Section80IA": 0, "Section80IAB": 0, "Section80IB": 0, "Section80IBA": 0, "Section80IC": 0, "Section80JJA": 0, "Section80JJAA": 0, "Section80QQB": 0, "Section80RRB": 0, "TotPartCchapterVIA": 0, "Section80TTA": 8129, "Section80TTB": 0, "Section80U": 0, "TotPartCAandDchapterVIA": 8129, "TotalChapVIADeductions": 71370}, "DeductUndChapVIA": {"Section80C": 63241, "Section80CCC": 0, "Section80CCDEmployeeOrSE": 0, "Section80CCD1B": 0, "Section80CCDEmployer": 0, "Section80D": 0, "Section80DD": 0, "Section80DDB": 0, "Section80E": 0, "Section80EE": 0, "Section80EEA": 0, "Section80EEB": 0, "Section80G": 0, "Section80GG": 0, "Section80GGA": 0, "Section80GGC": 0, "TotPartBchapterVIA": 63241, "Section80IA": 0, "Section80IAB": 0, "Section80IB": 0, "Section80IBA": 0, "Section80IC": 0, "Section80JJA": 0, "Section80JJAA": 0, "Section80QQB": 0, "Section80RRB": 0, "TotPartCchapterVIA": 0, "Section80TTA": 8129, "Section80TTB": 0, "Section80U": 0, "TotPartCAandDchapterVIA": 8129, "TotalChapVIADeductions": 71370}}, "Schedule80D": {"Sec80DSelfFamSrCtznHealth": {"SeniorCitizenFlag": "S", "SelfAndFamily": 0, "HealthInsPremSlfFam": 0, "PrevHlthChckUpSlfFam": 0, "SelfAndFamilySeniorCitizen": 0, "HlthInsPremSlfFamSrCtzn": 0, "PrevHlthChckUpSlfFamSrCtzn": 0, "MedicalExpSlfFamSrCtzn": 0, "ParentsSeniorCitizenFlag": "P", "Parents": 0, "HlthInsPremParents": 0, "PrevHlthChckUpParents": 0, "ParentsSeniorCitizen": 0, "HlthInsPremParentsSrCtzn": 0, "PrevHlthChckUpParentsSrCtzn": 0, "MedicalExpParentsSrCtzn": 0, "EligibleAmountOfDedn": 0}}, "ScheduleAMT": {"TotalIncItem11": 578940, "AdjustmentSec115JC": {"DeductClaimSec6A": 0, "DeductClaimSec10AA": 0, "DeductClaimSec35AD": 0, "Total": 0}, "AdjustedUnderSec115JC": 578940, "AdjustedUnderSec115JCIFSC": 0, "AdjustedUnderSec115JCOther": 578940, "TaxPayableUnderSec115JC": 0}, "ScheduleAMTC": {"TaxSection115JC": 0, "TaxOthProvisions": 29420, "AmtTaxCreditAvailable": 29420, "ScheduleAMTCDtls": [{"AssYr": "2021-22", "AmtCreditFwd": 0, "AmtCreditSetOfEy": 0, "AmtCreditBalBroughtFwd": 0, "AmtCreditUtilized": 0, "BalAmtCreditCarryFwd": 0}], "CurrAssYr": "2022-23", "CurrYrAmtCreditFwd": 0, "CurrYrCreditCarryFwd": 0, "TotAMTGross": 0, "TotSetOffEys": 0, "TotBalBF": 0, "TotAmtCreditUtilisedCY": 0, "TotBalAMTCreditCF": 0, "TaxSection115JD": 0, "AmtLiabilityAvailable": 0}, "ScheduleEI": {"InterestInc": 0, "GrossAgriRecpt": 0, "ExpIncAgri": 0, "UnabAgriLossPrev8": 0, "AgriIncRule7and8": 0, "NetAgriIncOrOthrIncRule7": 0, "OthersInc": {"OthersIncDtls": [{"NatureDesc": "OTH", "OthNatOfInc": "LIC MATURED", "OthAmount": 452500}]}, "Others": 452500, "IncChrgblAsPerDTAA": 0, "PassThrIncNotChrgblTax": 0, "TotalExemptInc": 452500}, "ScheduleGST": {"TurnoverGrsRcptForGSTIN": [{"GSTINNo": "27AABPP3523G1ZX", "AmtTurnGrossRcptGSTIN": 3101667}]}, "PartB-TI": {"Salaries": 0, "IncomeFromHP": 0, "ProfBusGain": {"ProfGainNoSpecBus": 568975, "ProfGainSpecBus": 0, "ProfGainSpecifiedBus": 0, "ProfIncome115BBF": 0, "TotProfBusGain": 568975}, "CapGain": {"ShortTerm": {"ShortTerm15Per": 0, "ShortTerm30Per": 0, "ShortTermAppRate": 0, "ShortTermSplRateDTAA": 0, "TotalShortTerm": 0}, "LongTerm": {"LongTerm10Per": 0, "LongTerm20Per": 0, "LongTermSplRateDTAA": 0, "TotalLongTerm": 0}, "TotalCapGains": 0}, "IncFromOS": {"OtherSrcThanOwnRaceHorse": 81335, "IncChargblSplRate": 0, "FromOwnRaceHorse": 0, "TotIncFromOS": 81335}, "TotalTI": 650310, "CurrentYearLoss": 0, "BalanceAfterSetoffLosses": 650310, "BroughtFwdLossesSetoff": 0, "GrossTotalIncome": 650310, "IncChargeTaxSplRate111A112": 0, "DeductionsUndSchVIADtl": {"PartBchapterVIA": 71370, "PartCchapterVIA": 0, "TotDeductUndSchVIA": 71370}, "DeductionsUnder10Aor10AA": 0, "TotalIncome": 578940, "IncChargeableTaxSplRates": 0, "NetAgricultureIncomeOrOtherIncomeForRate": 0, "AggregateIncome": 578940, "LossesOfCurrentYearCarriedFwd": 0, "DeemedIncomeUs115JC": 578940}, "PartB_TTI": {"ComputationOfTaxLiability": {"TaxPayableOnDeemedTI": {"TaxDeemedTISec115JC": 0, "SurchargeOnAboveCrore": 0, "EducationCess": 0, "TotalTax": 0}, "TaxPayableOnTI": {"TaxAtNormalRatesOnAggrInc": 28288, "TaxAtSpecialRates": 0, "RebateOnAgriInc": 0, "TaxPayableOnTotInc": 28288, "Rebate87A": 0, "TaxPayableOnRebate": 28288, "Surcharge25ofSI": 0, "Surcharge25ofSIBeforeMarginal": 0, "SurchargeOnAboveCroreBeforeMarginal": 0, "SurchargeOnAboveCrore": 0, "TotalSurcharge": 0, "EducationCess": 1132, "GrossTaxLiability": 29420}, "GrossTaxPayable": 29420, "GrossTaxPay": {"TaxInc17": 29420, "TaxDeferred17": 0, "TaxDeferredPayableCY": 0}, "CreditUS115JD": 0, "TaxPayAfterCreditUs115JD": 29420, "TaxRelief": {"Section89": 0, "Section90": 0, "Section91": 0, "TotTaxRelief": 0}, "NetTaxLiability": 29420, "IntrstPay": {"IntrstPayUs234A": 0, "IntrstPayUs234B": 1116, "IntrstPayUs234C": 1404, "LateFilingFee234F": 0, "TotalIntrstPay": 2520}, "AggregateTaxInterestLiability": 31940}, "TaxPaid": {"TaxesPaid": {"AdvanceTax": 0, "TDS": 1476, "TCS": 0, "SelfAssessmentTax": 30460, "TotalTaxesPaid": 31936}, "BalTaxPayable": 0}, "Refund": {"RefundDue": 0, "BankAccountDtls": {"BankDtlsFlag": "Y", "AddtnlBankDetails": [{"IFSCCode": "SRCB0000055", "BankName": "SARASWAT BANK", "BankAccountNo": "055100100001122", "UseForRefund": "true"}]}}, "AssetOutIndiaFlag": "NO"}, "ScheduleIT": {"TaxPayment": [{"BSRCode": "0004329", "DateDep": "2022-07-27", "SrlNoOfChaln": 7139, "Amt": 30460}], "TotalTaxPayments": 30460}, "ScheduleTDS2": {"TDSOthThanSalaryDtls": [{"TDSCreditName": "S", "TANOfDeductor": "MUMM31433D", "TaxDeductCreditDtls": {"TaxDeductedOwnHands": 455, "TaxClaimedOwnHands": 455}, "GrossAmount": 45500, "HeadOfIncome": "BP", "AmtCarriedFwd": 0}, {"TDSCreditName": "S", "TANOfDeductor": "MUMK29947B", "TaxDeductCreditDtls": {"TaxDeductedOwnHands": 60, "TaxClaimedOwnHands": 60}, "GrossAmount": 6000, "HeadOfIncome": "BP", "AmtCarriedFwd": 0}, {"TDSCreditName": "S", "TANOfDeductor": "MUMG00108D", "TaxDeductCreditDtls": {"TaxDeductedOwnHands": 206, "TaxClaimedOwnHands": 206}, "GrossAmount": 27500, "HeadOfIncome": "BP", "AmtCarriedFwd": 0}, {"TDSCreditName": "S", "TANOfDeductor": "MUMG13468A", "TaxDeductCreditDtls": {"TaxDeductedOwnHands": 755, "TaxClaimedOwnHands": 755}, "GrossAmount": 75500, "HeadOfIncome": "BP", "AmtCarriedFwd": 0}], "TotalTDSonOthThanSals": 1476}, "Verification": {"Declaration": {"AssesseeVerName": "VASANT NARAYAN  PANCHAL", "FatherName": "NARAYAN PANCHAL", "AssesseeVerPAN": "AABPP3523G"}, "Capacity": "S"}, "ScheduleESOP": {"TotalTaxAttributedAmt": 0}}}}