{"ITR": {"ITR4": {"CreationInfo": {"SWVersionNo": "1.0", "SWCreatedBy": "SW20000268", "JSONCreatedBy": "SW20000268", "JSONCreationDate": "2021-12-03", "IntermediaryCity": "New Delhi", "Digest": "Imvgzazxoyr26qiX6HBF5n2ICgCPSQlrTZibEsFQLXc="}, "Form_ITR4": {"FormName": "ITR-4", "Description": "Indls, HUFs and Firms (other than LLP) having Inc u/s 44AD, 44ADA or 44AE", "AssessmentYear": "2021", "SchemaVer": "Ver1.2", "FormVer": "Ver1.2"}, "PersonalInfo": {"AssesseeName": {"FirstName": "SAIKIRAN", "SurNameOrOrgName": "NIMMALA"}, "PAN": "AKTPN9207F", "Address": {"ResidenceNo": "PLOT.NO.24,SRI SAI ENCLAVE", "RoadOrStreet": "ROAD.NO.1", "LocalityOrArea": "BODUPPAL", "CityOrTownOrDistrict": "HYDERABAD", "StateCode": "36", "CountryCode": "91", "PinCode": 500039, "CountryCodeMobile": 91, "MobileNo": 9966993405, "EmailAddress": "sai.ignis@gmail.com"}, "DOB": "1984-02-12", "EmployerCategory": "NA", "Status": "I", "AadhaarCardNo": "847692195020"}, "FilingStatus": {"ReturnFileSec": 11, "NewTaxRegime": "N", "SeventhProvisio139": "N", "DepAmtAggAmtExcd1CrPrYrFlg": "N", "IncrExpAggAmt2LkTrvFrgnCntryFlg": "N", "IncrExpAggAmt1LkElctrctyPrYrFlg": "N", "AsseseeRepFlg": "N"}, "IncomeDeductions": {"IncomeFromBusinessProf": 203433, "GrossSalary": 0, "AllwncExemptUs10": {"TotalAllwncExemptUs10": 0}, "NetSalary": 0, "DeductionUs16": 0, "DeductionUs16ia": 0, "EntertainmntalwncUs16ii": 0, "ProfessionalTaxUs16iii": 0, "AnnualValue": 0, "AnnualValue30Percent": 0, "TotalIncomeOfHP": 0, "IncomeOthSrc": 0, "DeductionUs57iia": 0, "GrossTotIncome": 203433, "UsrDeductUndChapVIA": {"Section80C": 0, "Section80CCC": 0, "Section80CCDEmployeeOrSE": 0, "Section80CCD1B": 0, "Section80CCDEmployer": 0, "Section80D": 0, "Section80DD": 0, "Section80DDB": 0, "Section80E": 0, "Section80EE": 0, "Section80EEA": 0, "Section80EEB": 0, "Section80G": 0, "Section80GG": 0, "Section80GGC": 0, "Section80U": 0, "Section80TTA": 0, "Section80TTB": 0, "TotalChapVIADeductions": 0}, "DeductUndChapVIA": {"Section80C": 0, "Section80CCC": 0, "Section80CCDEmployeeOrSE": 0, "Section80CCD1B": 0, "Section80CCDEmployer": 0, "Section80D": 0, "Section80DD": 0, "Section80DDB": 0, "Section80E": 0, "Section80EE": 0, "Section80EEA": 0, "Section80EEB": 0, "Section80G": 0, "Section80GG": 0, "Section80GGC": 0, "Section80U": 0, "Section80TTA": 0, "Section80TTB": 0, "TotalChapVIADeductions": 0}, "TotalIncome": 203430}, "TaxComputation": {"TotalTaxPayable": 0, "Rebate87A": 0, "TaxPayableOnRebate": 0, "EducationCess": 0, "GrossTaxLiability": 0, "Section89": 0, "NetTaxLiability": 0, "IntrstPay": {"IntrstPayUs234A": 0, "IntrstPayUs234B": 0, "IntrstPayUs234C": 0, "LateFilingFee234F": 0}, "TotTaxPlusIntrstPay": 0}, "TaxPaid": {"TaxesPaid": {"AdvanceTax": 0, "TDS": 0, "TCS": 0, "SelfAssessmentTax": 0, "TotalTaxesPaid": 0}, "BalTaxPayable": 0}, "Refund": {"RefundDue": 0, "BankAccountDtls": {"AddtnlBankDetails": [{"IFSCCode": "IDIB000P238", "BankName": "INDIAN BANK", "BankAccountNo": "6020027822", "UseForRefund": "true"}]}}, "Schedule80G": {"Don100Percent": {"TotDon100PercentCash": 0, "TotDon100PercentOtherMode": 0, "TotDon100Percent": 0, "TotEligibleDon100Percent": 0}, "Don50PercentNoApprReqd": {"TotDon50PercentNoApprReqdCash": 0, "TotDon50PercentNoApprReqdOtherMode": 0, "TotDon50PercentNoApprReqd": 0, "TotEligibleDon50Percent": 0}, "Don100PercentApprReqd": {"TotDon100PercentApprReqdCash": 0, "TotDon100PercentApprReqdOtherMode": 0, "TotDon100PercentApprReqd": 0, "TotEligibleDon100PercentApprReqd": 0}, "Don50PercentApprReqd": {"TotDon50PercentApprReqdCash": 0, "TotDon50PercentApprReqdOtherMode": 0, "TotDon50PercentApprReqd": 0, "TotEligibleDon50PercentApprReqd": 0}, "TotalDonationsUs80GCash": 0, "TotalDonationsUs80GOtherMode": 0, "TotalDonationsUs80G": 0, "TotalEligibleDonationsUs80G": 0}, "Schedule80D": {"Sec80DSelfFamSrCtznHealth": {"SeniorCitizenFlag": "S", "SelfAndFamily": 0, "SelfAndFamilySeniorCitizen": 0, "ParentsSeniorCitizenFlag": "P", "Parents": 0, "ParentsSeniorCitizen": 0, "EligibleAmountOfDedn": 0}}, "TaxExmpIntIncDtls": {"OthersInc": {"OthersTotalTaxExe": 0}}, "Verification": {"Declaration": {"AssesseeVerName": "SAIKIRAN NIMMALA", "FatherName": "VENKATESWAR RAO NIMMALA", "AssesseeVerPAN": "AKTPN9207F"}, "Capacity": "S", "Place": "HYDERABAD"}, "ScheduleBP": {"NatOfBus44AD": [{"NameOfBusiness": "SHRI RAM POLY HOUSE AND IRRIGATION SERVICES", "CodeAD": "09028"}], "PersumptiveInc44AD": {"GrsTrnOverBank": 0, "GrsTrnOverAnyOthMode": 1624596, "PersumptiveInc44AD6Per": 0, "PersumptiveInc44AD8Per": 203433, "TotPersumptiveInc44AD": 203433}, "PersumptiveInc44AE": {"TotPersumInc44AE": 0, "SalInterestByFirm": 0, "TotalPersumptiveInc": 0, "IncChargeableUnderBus": 203433}, "TotalTurnoverGrsRcptGSTIN": 0, "FinanclPartclrOfBusiness": {"PartnerMemberOwnCapital": 0, "SecuredLoans": 0, "UnSecuredLoans": 690989, "Advances": 0, "SundryCreditors": 823897, "OthrCurrLiab": 0, "TotCapLiabilities": 1514886, "FixedAssets": 0, "Inventories": 2214150, "SundryDebtors": 118450, "BalWithBanks": 0, "CashInHand": 34150, "LoansAndAdvances": 50000, "OtherAssets": 0, "TotalAssets": 2416750}}, "ScheduleIT": {"TotalTaxPayments": 0}, "ScheduleTCS": {"TotalSchTCS": 0}, "TDSonSalaries": {"TotalTDSonSalaries": 0}, "TDSonOthThanSals": {"TotalTDSonOthThanSals": 0}, "ScheduleTDS3Dtls": {"TotalTDS3Details": 0}}}}