{"ITR": {"ITR4": {"CreationInfo": {"SWVersionNo": "21.4", "SWCreatedBy": "SW20000026", "JSONCreatedBy": "SW20000026", "JSONCreationDate": "2021-09-19", "IntermediaryCity": "JAIPUR", "Digest": "oSdpMa7L9/4Z6mGMLGMkYvwN8Nr78XOaLoCzzzuoKNg="}, "Form_ITR4": {"FormName": "ITR-4", "Description": "For Individuals having Income From Presemptive Business", "AssessmentYear": "2021", "SchemaVer": "Ver1.2", "FormVer": "Ver1.2"}, "PersonalInfo": {"AssesseeName": {"FirstName": "GIRIRAJ", "MiddleName": "SHARMENDRA", "SurNameOrOrgName": "MAHESHWARI"}, "PAN": "FQRPM7356B", "Address": {"ResidenceNo": "HOUSE NO4,NEAR TDC GODODWN", "RoadOrStreet": "ALLA PALLI ROAD,GAV RAJPUR PACH,TEHSIL AHERI", "LocalityOrArea": "Rajpur Patch", "CityOrTownOrDistrict": "GADCHIROLI", "StateCode": "19", "CountryCode": "91", "PinCode": 442705, "CountryCodeMobile": 91, "MobileNo": 9359135220, "EmailAddress": "girrajmaheswari55@yahoo.com"}, "DOB": "1975-06-01", "EmployerCategory": "NA", "AadhaarCardNo": "485158426456", "Status": "I"}, "FilingStatus": {"ReturnFileSec": 11, "NewTaxRegime": "N", "SeventhProvisio139": "N", "AsseseeRepFlg": "N"}, "IncomeDeductions": {"IncomeFromBusinessProf": 462477, "GrossSalary": 0, "Salary": 0, "PerquisitesValue": 0, "ProfitsInSalary": 0, "AllwncExemptUs10": {"TotalAllwncExemptUs10": 0}, "NetSalary": 0, "DeductionUs16": 0, "DeductionUs16ia": 0, "EntertainmntalwncUs16ii": 0, "ProfessionalTaxUs16iii": 0, "IncomeFromSal": 0, "GrossRentReceived": 0, "TaxPaidlocalAuth": 0, "AnnualValue": 0, "AnnualValue30Percent": 0, "InterestPayable": 0, "ArrearsUnrealizedRentRcvd": 0, "TotalIncomeOfHP": 0, "IncomeOthSrc": 0, "DeductionUs57iia": 0, "GrossTotIncome": 462477, "UsrDeductUndChapVIA": {"Section80C": 0, "Section80CCC": 0, "Section80CCDEmployeeOrSE": 0, "Section80CCD1B": 0, "Section80CCDEmployer": 0, "Section80D": 0, "Section80DD": 0, "Section80DDB": 0, "Section80E": 0, "Section80EE": 0, "Section80EEA": 0, "Section80EEB": 0, "Section80G": 0, "Section80GG": 0, "Section80GGC": 0, "Section80U": 0, "Section80TTA": 0, "Section80TTB": 0, "TotalChapVIADeductions": 0}, "DeductUndChapVIA": {"Section80C": 0, "Section80CCC": 0, "Section80CCDEmployeeOrSE": 0, "Section80CCD1B": 0, "Section80CCDEmployer": 0, "Section80D": 0, "Section80DD": 0, "Section80DDB": 0, "Section80E": 0, "Section80EE": 0, "Section80EEA": 0, "Section80EEB": 0, "Section80G": 0, "Section80GG": 0, "Section80GGC": 0, "Section80U": 0, "Section80TTA": 0, "Section80TTB": 0, "TotalChapVIADeductions": 0}, "TotalIncome": 462480}, "TaxComputation": {"TotalTaxPayable": 10624, "Rebate87A": 10624, "TaxPayableOnRebate": 0, "EducationCess": 0, "GrossTaxLiability": 0, "Section89": 0, "NetTaxLiability": 0, "IntrstPay": {"IntrstPayUs234A": 0, "IntrstPayUs234B": 0, "IntrstPayUs234C": 0, "LateFilingFee234F": 0}, "TotTaxPlusIntrstPay": 0}, "TaxPaid": {"TaxesPaid": {"AdvanceTax": 0, "TDS": 0, "TCS": 0, "SelfAssessmentTax": 0, "TotalTaxesPaid": 0}, "BalTaxPayable": 0}, "Refund": {"RefundDue": 0, "BankAccountDtls": {"AddtnlBankDetails": [{"IFSCCode": "GDCB0000001", "BankName": "THE GADCHIROLI DISTRICT CENTRAL COOPERATIVE BANK L", "BankAccountNo": "203310069000057", "UseForRefund": "true"}]}}, "Schedule80G": {"TotalDonationsUs80GCash": 0, "TotalDonationsUs80GOtherMode": 0, "TotalDonationsUs80G": 0, "TotalEligibleDonationsUs80G": 0}, "Schedule80D": {"Sec80DSelfFamSrCtznHealth": {"SeniorCitizenFlag": "S", "SelfAndFamily": 0, "HealthInsPremSlfFam": 0, "PrevHlthChckUpSlfFam": 0, "SelfAndFamilySeniorCitizen": 0, "HlthInsPremSlfFamSrCtzn": 0, "PrevHlthChckUpSlfFamSrCtzn": 0, "MedicalExpSlfFamSrCtzn": 0, "ParentsSeniorCitizenFlag": "P", "Parents": 0, "HlthInsPremParents": 0, "PrevHlthChckUpParents": 0, "ParentsSeniorCitizen": 0, "HlthInsPremParentsSrCtzn": 0, "PrevHlthChckUpParentsSrCtzn": 0, "MedicalExpParentsSrCtzn": 0, "EligibleAmountOfDedn": 0}}, "TaxExmpIntIncDtls": {"OthersInc": {"OthersTotalTaxExe": 0}}, "Verification": {"Declaration": {"AssesseeVerName": "GIRIRAJ SHARMENDRA MAHESHWARI", "FatherName": "SHARMENDRA MAHESHWARI", "AssesseeVerPAN": "FQRPM7356B"}, "Capacity": "S", "Place": "gadchiroli"}, "ScheduleBP": {"NatOfBus44AD": [{"NameOfBusiness": "M/S MAHAVIR TRADING COMPANY", "CodeAD": "09024", "Description": "WHOLESALE AND RETAIL TRADE [Retail sale of textiles, apparel, footwear, lea"}], "PersumptiveInc44AD": {"GrsTrnOverBank": 2554475, "GrsTrnOverAnyOthMode": 2013302, "PersumptiveInc44AD6Per": 258635, "PersumptiveInc44AD8Per": 203842, "TotPersumptiveInc44AD": 462477}, "PersumptiveInc44ADA": {"GrsReceipt": 0, "TotPersumptiveInc44ADA": 0}, "PersumptiveInc44AE": {"TotPersumInc44AE": 0, "SalInterestByFirm": 0, "TotalPersumptiveInc": 0, "IncChargeableUnderBus": 462477}, "TurnoverGrsRcptForGSTIN": [{"GSTINNo": "27FQRPM7356B1ZD", "AmtTurnGrossRcptGSTIN": 4567777}], "TotalTurnoverGrsRcptGSTIN": 4567777, "FinanclPartclrOfBusiness": {"PartnerMemberOwnCapital": 0, "SecuredLoans": 0, "UnSecuredLoans": 0, "Advances": 0, "SundryCreditors": 564470, "OthrCurrLiab": 0, "TotCapLiabilities": 564470, "FixedAssets": 0, "Inventories": 443994, "SundryDebtors": 865447, "BalWithBanks": 0, "CashInHand": 135474, "LoansAndAdvances": 0, "OtherAssets": 0, "TotalAssets": 1444915}}, "ScheduleTCS": {"TotalSchTCS": 0}, "TDSonOthThanSals": {"TotalTDSonOthThanSals": 0}, "ScheduleTDS3Dtls": {"TotalTDS3Details": 0}}}}