{"ITR": {"ITR3": {"CreationInfo": {"SWVersionNo": "2.22.11", "SWCreatedBy": "SW20000126", "JSONCreatedBy": "SW20000126", "JSONCreationDate": "2022-12-05", "IntermediaryCity": "JAIPUR", "Digest": "JAPWnxztHoGfTcM2ccXGQGZy++l8mxUWybkeAQbULQU="}, "Form_ITR3": {"FormName": "ITR-3", "Description": "For indls and HUFs having income from a proprietory business or profession", "AssessmentYear": "2022", "SchemaVer": "Ver1.0", "FormVer": "Ver1.0"}, "PartA_GEN1": {"PersonalInfo": {"AssesseeName": {"FirstName": "KARUPPAN CHETTIAR", "SurNameOrOrgName": "KHULANTHAYAN"}, "PAN": "ASBPK3520E", "Address": {"ResidenceNo": "32", "RoadOrStreet": "BUNGALOW ROAD,", "LocalityOrArea": "K.N.P.PURAM", "CityOrTownOrDistrict": "TIRUPUR", "StateCode": "29", "CountryCode": "91", "PinCode": 641602, "CountryCodeMobile": 91, "MobileNo": 9943041888, "CountryCodeMobileNoSec": 91, "MobileNoSec": 9976634388, "EmailAddress": "svssandcoit@yahoo.in"}, "DOB": "1971-10-31", "Status": "I", "AadhaarCardNo": "478221971695"}, "FilingStatus": {"ReturnFileSec": 12, "NewTaxRegime": "N", "OptingNewTaxRegime": 2, "SeventhProvisio139": "N", "ResidentialStatus": "RES", "ConditionsResStatus": "1", "BenefitUs115HFlg": "N", "PortugeseCC5A": "N", "AsseseeRepFlg": "N", "CompDirectorPrvYrFlg": "N", "PartnerInFirmFlg": "N", "HeldUnlistedEqShrPrYrFlg": "N", "NriSEPinIndia": "NA", "ForeignExchangeFlag": "N"}}, "PartA_GEN2": {"AuditInfo": {"LiableSec44AAflg": "N", "IncDclrdUs": "Y", "LiableSec44ABflg": "N", "LiableSec92Eflg": "N", "AccountAuditFlag": "N"}}, "PARTA_BS": {"FundSrc": {"PropFund": {"PropCap": 0, "ResrNSurp": {"RevResr": 0, "CapResr": 0, "StatResr": 0, "OthResr": 0, "TotResrNSurp": 0}, "TotPropFund": 0}, "LoanFunds": {"SecrLoan": {"ForeignCurrLoan": 0, "RupeeLoan": {"FrmBank": 0, "FrmOthrs": 0, "TotRupeeLoan": 0}, "TotSecrLoan": 0}, "UnsecrLoan": {"FrmBank": 0, "FrmOthrs": 0, "TotUnSecrLoan": 0}, "TotLoanFund": 0}, "DeferredTax": 0, "TotFundSrc": 0}, "FundApply": {"FixedAsset": {"GrossBlock": 0, "Depreciation": 0, "NetBlock": 0, "CapWrkProg": 0, "TotFixedAsset": 0}, "Investments": {"LongTermInv": {"GovtOthSecQuoted": 0, "GovOthSecUnQoted": 0, "TotLongTermInv": 0}, "TradeInv": {"EquityShares": 0, "PreferShares": 0, "Debenture": 0, "TotTradeInv": 0}, "TotInvestments": 0}, "CurrAssetLoanAdv": {"CurrAsset": {"Inventories": {"StoresConsumables": 0, "RawMatl": 0, "StkInProcess": 0, "FinOrTradGood": 0, "TotInventries": 0}, "SndryDebtors": 0, "CashOrBankBal": {"CashinHand": 0, "BankBal": 0, "TotCashOrBankBal": 0}, "OthCurrAsset": 0, "TotCurrAsset": 0}, "LoanAdv": {"AdvRecoverable": 0, "Deposits": 0, "BalWithRevAuth": 0, "TotLoanAdv": 0}, "TotCurrAssetLoanAdv": 0, "CurrLiabilitiesProv": {"CurrLiabilities": {"SundryCred": 0, "LiabForLeasedAsset": 0, "AccrIntonLeasedAsset": 0, "AccrIntNotDue": 0, "TotCurrLiabilities": 0}, "Provisions": {"ITProvision": 0, "ELSuperAnnGratProvision": 0, "OthProvision": 0, "TotProvisions": 0}, "TotCurrLiabilitiesProvision": 0}, "NetCurrAsset": 0}, "MiscAdjust": {"MiscExpndr": 0, "DefTaxAsset": 0, "AccumaltedLosses": 0, "TotMiscAdjust": 0}, "TotFundApply": 0}, "NoBooksOfAccBS": {"TotSundryDbtAmt": 1332136, "TotSundryCrdAmt": 980725, "TotStkInTradAmt": 4856947, "CashBalAmt": 324992}}, "ManufacturingAccount": {"OpeningInventory": {"OpngStckRawMat": 0, "OpngStckWrkinPrgrs": 0, "OpngInvntryTotal": 0, "Purchases": 0, "DirectWages": 0, "DirectExpenses": 0, "CarriageInward": 0, "PowerAndFuel": 0, "OthDirectExpenses": 0, "IndirectWages": 0, "FactoryRentAndRates": 0, "FactoryInsurance": 0, "FactoryFuelAndPower": 0, "FactoryGeneralExpenses": 0, "DeprctnOfFactoryMachinery": 0, "TotalFactoryOverheads": 0, "TotalDebtsManfctrngAcc": 0}, "ClosingStock": {"ClsngStckRawMaterial": 0, "ClsngStckWrkInPrgrs": 0, "ClsngStckTotal": 0}, "CostOfGoodsPrdcd": 0}, "TradingAccount": {"SaleOfGoods": 0, "SaleOfServices": 0, "OperatingRevenueTotal": 0, "SalesGrossReceiptsTotal": 0, "GrossRcptFromProfession": 0, "ExciseCustomsVAT": {"UnionExciseDuty": 0, "ServiceTax": 0, "VATorSaleTax": 0, "CentralGoodServiceTax": 0, "StateGoodServiceTax": 0, "IntegratedGoodServiceTax": 0, "UnionTerrGoodServiceTax": 0, "OthDutyTaxCess": 0, "TotExciseCustomsVAT": 0}, "TotRevenueFrmOperations": 0, "ClsngStckOfFinishedStcks": 0, "TardingAccTotCred": 0, "OpngStckOfFinishedStcks": 0, "Purchases": 0, "DirectExpenses": 0, "CarriageInward": 0, "PowerAndFuel": 0, "DirectExpensesTotal": 0, "DutyTaxPay": {"ExciseCustomsVAT": {"CustomDuty": 0, "CounterVailDuty": 0, "SplAddDuty": 0, "UnionExciseDuty": 0, "ServiceTax": 0, "VATorSaleTax": 0, "CentralGoodServiceTax": 0, "StateGoodServiceTax": 0, "IntegratedGoodServiceTax": 0, "UnionTerrGoodServiceTax": 0, "OthDutyTaxCess": 0, "TotExciseCustomsVAT": 0}}, "GoodsCostPrdcdFrmMA": 0, "GrossProfitFrmBusProf": 0}, "PARTA_PL": {"CreditsToPL": {"GrossProfitTrnsfFrmTrdAcc": 0, "OthIncome": {"RentInc": 0, "Comissions": 0, "Dividends": 0, "InterestInc": 0, "ProfitOnSaleFixedAsset": 0, "ProfitOnInvChrSTT": 0, "ProfitOnOthInv": 0, "ProfitOnCurrFluct": 0, "ProfitOnCnvInvntryToCapAsst": 0, "ProfitOnAgriIncome": 0, "MiscOthIncome": 0, "TotOthIncome": 0}, "TotCreditsToPL": 0}, "DebitsToPL": {"Freight": 0, "ConsumptionOfStores": 0, "PowerFuel": 0, "RentExpdr": 0, "RepairsBldg": 0, "RepairMach": 0, "EmployeeComp": {"SalsWages": 0, "Bonus": 0, "MedExpReimb": 0, "LeaveEncash": 0, "LeaveTravelBenft": 0, "ContToSuperAnnFund": 0, "ContToPF": 0, "ContToGratFund": 0, "ContToOthFund": 0, "OthEmpBenftExpdr": 0, "TotEmployeeComp": 0, "AmtPaidToNonRes": 0}, "Insurances": {"MedInsur": 0, "LifeInsur": 0, "KeyManInsur": 0, "OthInsur": 0, "TotInsurances": 0}, "StaffWelfareExp": 0, "Entertainment": 0, "Hospitality": 0, "Conference": 0, "SalePromoExp": 0, "Advertisement": 0, "CommissionExpdrDtls": {"NonResOtherCompany": 0, "Others": 0, "Total": 0}, "RoyalityDtls": {"NonResOtherCompany": 0, "Others": 0, "Total": 0}, "ProfessionalConstDtls": {"NonResOtherCompany": 0, "Others": 0, "Total": 0}, "HotelBoardLodge": 0, "TravelExp": 0, "ForeignTravelExp": 0, "ConveyanceExp": 0, "TelephoneExp": 0, "GuestHouseExp": 0, "ClubExp": 0, "FestivalCelebExp": 0, "Scholarship": 0, "Gift": 0, "Donation": 0, "RatesTaxesPays": {"ExciseCustomsVAT": {"UnionExciseDuty": 0, "ServiceTax": 0, "VATorSaleTax": 0, "Cess": 0, "CentralGoodServiceTax": 0, "StateGoodServiceTax": 0, "IntegratedGoodServiceTax": 0, "UnionTerrGoodServiceTax": 0, "OthDutyTaxCess": 0, "TotExciseCustomsVAT": 0}}, "AuditFee": 0, "OtherExpenses": 0, "BadDebtDtls": {"BadDebtAmtDtlsTotal": 0, "OthersPANNotAvlblDtlTotal": 0, "OthersAmtLt1Lakh": 0, "BadDebt": 0}, "ProvForBadDoubtDebt": 0, "OthProvisionsExpdr": 0, "PBIDTA": 0, "InterestExpdrtDtls": {"NonResOtherCompany": 0, "Others": 0, "InterestExpdr": 0}, "DepreciationAmort": 0, "PBT": 0}, "TaxProvAppr": {"ProvForCurrTax": 0, "ProvDefTax": 0, "ProfitAfterTax": 0, "BalBFPrevYr": 0, "AmtAvlAppr": 0, "TrfToReserves": 0, "ProprietorAccBalTrf": 0}, "NatOfBus44AD": [{"NameOfBusiness": "MEENAKSHI KNIT EXPORTS", "CodeAD": "04024", "Description": "SALE OF HOSIERY GARMENTS"}], "PersumptiveInc44AD": {"GrsTrnOverOrReceipt": 2324086, "GrsTrnOverBank": 0, "GrsTrnOverAnyOthMode": 2324086, "TotPersumptiveInc44AD": 395690, "PersumptiveInc44AD6Per": 0, "PersumptiveInc44AD8Per": 395690}, "PersumptiveInc44ADA": {"GrsReceipt": 0, "TotPersumptiveInc44ADA": 0}, "TotalNumOfMonths": 0, "TotalPrsumptvIncUs44EGoods": 0, "TotalPrsumptvIncUs44E": 0, "NoBooksOfAccPL": {"GrossReceipt": 0, "GrsRcptAccPayeeOrBankMode": 0, "GrsRcptOtherMode": 0, "GrossProfit": 0, "Expenses": 0, "NetProfit": 0, "GrossReceiptPrf": 0, "GrsRcptAccPayeeOrBankModePrf": 0, "GrsRcptOtherModePrf": 0, "GrossProfitPrf": 0, "ExpensesPrf": 0, "NetProfitPrf": 0, "TotBusinessProfession": 0}, "TurnverFrmSpecActivity": 0, "GrossProfit": 0, "Expenditure": 0, "NetIncomeFrmSpecActivity": 0}, "ITR3ScheduleBP": {"BusinessIncOthThanSpec": {"ProfBfrTaxPL": 395690, "NetPLFromSpecBus": 0, "NetPLFromSpecifiedBus": 0, "IncRecCredPLOthHeadDtls": {"Salary": 0, "HouseProperty": 0, "CapitalGains": 0, "OtherSources": 0, "Dividend": 0, "OtherThanDividend": 0, "Us115BBF": 0, "Us115BBG": 0}, "PLUs44sChapXIIG": 395690, "ProfitLossInclRefrdSec": {"ProfitLossUs44AD": 395690, "ProfitLossUs44ADA": 0, "ProfitLossUs44AE": 0, "ProfitLossUs44B": 0, "ProfitLossUs44BB": 0, "ProfitLossUs44BBA": 0, "ProfitLossUs44DA": 0}, "TotalProfitFrmActCvrd": 0, "ProfitFrmActCvrd": {"ProfitFrmActCvrdUndrRule7": 0, "ProfitFrmActCvrdUndrRule7A": 0, "ProfitFrmActCvrdUndrRule7B1": 0, "ProfitFrmActCvrdUndrRule7B1A": 0, "ProfitFrmActCvrdUndrRule8": 0}, "IncCredPL": {"FirmShareInc": 0, "AOPBOISharInc": 0, "OthExempInc": 0, "TotExempIncPL": 0}, "BalancePLOthThanSpecBus": 0, "ExpDebToPLOthHeadDtls": {"Salary": 0, "HouseProperty": 0, "CapitalGains": 0, "OtherSources": 0, "Us115BBF": 0, "Us115BBG": 0}, "ExpDebToPLExemptInc": 0, "ExpDebToPLExemptIncDisAllwUs14A": 0, "TotExpDebPL": 0, "AdjustedPLOthThanSpecBus": 0, "DepreciationDebPLCosAct": 0, "DepreciationAllowITAct32": {"DepreciationAllowUs32_1_ii": 0, "DepreciationAllowUs32_1_i": 0, "TotDeprAllowITAct": 0}, "AdjustPLAfterDeprOthSpecInc": 0, "AmtDebPLDisallowUs36": 0, "AmtDebPLDisallowUs37": 0, "AmtDebPLDisallowUs40": 0, "AmtDebPLDisallowUs40A": 0, "AmtDebPLDisallowUs43B": 0, "InterestDisAllowUs23SMEAct": 0, "DeemIncUs41": 0, "DeemIncUs3380HHD80IA": 0, "DeemIncUs32AD": 0, "DeemIncUs35ABA": 0, "DeemIncUs35ABB": 0, "DeemIncUs40A3A": 0, "DeemIncUs72A": 0, "DeemIncUs80HHD": 0, "DeemIncUs80IA": 0, "DeemIncUs43CA": 0, "OthItemDisallowUs28To44DA": 0, "AnyOthIncNotInclInExpDisallowPL": 0, "AnyOthIncNotInclInSalary": 0, "AnyOthIncNotInclInBonus": 0, "AnyOthIncNotInclInCommission": 0, "AnyOthIncNotInclInInterest": 0, "AnyOthIncNotInclInOthers": 0, "IncProfDecLossAccICDSAdj": 0, "TotAfterAddToPLDeprOthSpecInc": 0, "DeductUs32_1_iii": 0, "DebPLUs35ExcessAmt": 0, "AmtDisallUs40NowAllow": 0, "AmtDisallUs43BNowAllow": 0, "AnyOthAmtAllDeduct": 0, "DecProfIncLossAccICDSAdj": 0, "TotDeductionAmts": 0, "PLAftAdjDedBusOthThanSpec": 0, "DeemedProfitBusUs": {"Section44AD": 395690, "Section44ADA": 0, "Section44AE": 0, "Section44B": 0, "Section44BB": 0, "Section44BBA": 0, "Section44DA": 0, "TotDeemedProfitBusUs": 395690}, "NetPLAftAdjBusOthThanSpec": 395690, "NetPLBusOthThanSpec7A7B7C": 395690, "ChrgblIncUndrRule7": 0, "DeemedChrgblIncUndrRule7A": 0, "DeemedChrgblIncUndrRule7B1": 0, "DeemedChrgblIncUndrRule7B1A": 0, "DeemedChrgblIncUndrRule8": 0, "IncomeOtherThanRule": 395690, "BalIncDeemedFrmAgri": 0}, "SpecBusinessInc": {"NetPLFrmSpecBus": 0, "AdditionUs28to44DA": 0, "DeductUs28to44DA": 0, "AdjustedPLFrmSpecuBus": 0}, "SpecifiedBusinessInc": {"NetPLFrmSpecifiedBus": 0, "AddSec28to44DA": 0, "DedSec28to44DAOTDedSec35AD": 0, "ProfitLossSpecifiedBusiness": 0, "DeductionUs35AD": 0, "PLFrmSpecifiedBus": 0}, "IncChrgUnHdProftGain": 395690, "BusSetoffCurrYr": {"LossSetOffOnBusLoss": 0, "SpeculativeInc": {"IncOfCurYrUnderThatHead": 0, "BusLossSetoff": 0, "IncOfCurYrAfterSetOff": 0}, "SpecifiedInc": {"IncOfCurYrUnderThatHead": 0, "BusLossSetoff": 0, "IncOfCurYrAfterSetOff": 0}, "TotLossSetOffOnBus": 0, "LossRemainSetOffOnBus": 0}}, "ScheduleESR": {"DeductionUs35": {"Section35_1_i": {"DeductUs35": {"AmtDebPL": 0, "AmtUs35Allowable": 0, "ExcessAmtOverDebPL": 0}}, "Section35_1_ii": {"DeductUs35": {"AmtDebPL": 0, "AmtUs35Allowable": 0, "ExcessAmtOverDebPL": 0}}, "Section35_1_iia": {"DeductUs35": {"AmtDebPL": 0, "AmtUs35Allowable": 0, "ExcessAmtOverDebPL": 0}}, "Section35_1_iii": {"DeductUs35": {"AmtDebPL": 0, "AmtUs35Allowable": 0, "ExcessAmtOverDebPL": 0}}, "Section35_1_iv": {"DeductUs35": {"AmtDebPL": 0, "AmtUs35Allowable": 0, "ExcessAmtOverDebPL": 0}}, "Section35_2AA": {"DeductUs35": {"AmtDebPL": 0, "AmtUs35Allowable": 0, "ExcessAmtOverDebPL": 0}}, "Section35_2AB": {"DeductUs35": {"AmtDebPL": 0, "AmtUs35Allowable": 0, "ExcessAmtOverDebPL": 0}}, "Section35_CCC": {"DeductUs35": {"AmtDebPL": 0, "AmtUs35Allowable": 0, "ExcessAmtOverDebPL": 0}}, "Section35_CCD": {"DeductUs35": {"AmtDebPL": 0, "AmtUs35Allowable": 0, "ExcessAmtOverDebPL": 0}}, "TotUs35": {"DeductUs35": {"AmtDebPL": 0, "AmtUs35Allowable": 0, "ExcessAmtOverDebPL": 0}}}}, "ScheduleCGFor23": {"ShortTermCapGainFor23": {"SaleofLandBuild": {"SaleofLandBuildDtls": [{"FullConsideration": 0, "PropertyValuation": 0, "FullConsideration50C": 0, "AquisitCost": 0, "ImproveCost": 0, "ExpOnTrans": 0, "TotalDedn": 0, "Balance": 0, "ExemptionOrDednUs54": {"ExemptionGrandTotal": 0}, "CapgainonAssets": 0}]}, "SlumpSaleInStcg": {"FMV11UAEii": 0, "FMV11UAEiii": 0, "FullConsideration": 0, "NetWorthOfDivision": 0, "CapgainonAssets": 0}, "EquityMFonSTT": [{"MFSectionCode": "1A", "EquityMFonSTTDtls": {"FullConsideration": 100386, "DeductSec48": {"AquisitCost": 15551, "ImproveCost": 0, "ExpOnTrans": 0, "TotalDedn": 15551}, "BalanceCG": 84835, "LossSec94of7Or94of8": 0, "CapgainonAssets": 84835}}], "NRITransacSec48Dtl": {"NRItaxSTTPaid": 0, "NRItaxSTTNotPaid": 0}, "NRISecur115AD": {"FullValueConsdRecvUnqshr": 0, "FairMrktValueUnqshr": 0, "FullValueConsdSec50CA": 0, "FullValueConsdOthUnqshr": 0, "FullConsideration": 0, "DeductSec48": {"AquisitCost": 0, "ImproveCost": 0, "ExpOnTrans": 0, "TotalDedn": 0}, "BalanceCG": 0, "LossSec94of7Or94of8": 0, "CapgainonAssets": 0}, "SaleOnOtherAssets": {"FullValueConsdRecvUnqshr": 0, "FairMrktValueUnqshr": 0, "FullValueConsdSec50CA": 0, "FullValueConsdOthUnqshr": 0, "FullConsideration": 0, "DeductSec48": {"AquisitCost": 0, "ImproveCost": 0, "ExpOnTrans": 0, "TotalDedn": 0}, "BalanceCG": 0, "LossSec94of7Or94of8": 0, "DeemedStcgOnAssets": 0, "ExemptionOrDednUs54": {"ExemptionGrandTotal": 0}, "CapgainonAssets": 0}, "UnutilizedStcgFlag": "X", "TotalAmtDeemedStcg": 0, "PassThrIncNatureSTCG": 0, "PassThrIncNatureSTCG15Per": 0, "PassThrIncNatureSTCG30Per": 0, "PassThrIncNatureSTCGAppRate": 0, "TotalAmtNotTaxUsDTAAStcg": 0, "TotalAmtTaxUsDTAAStcg": 0, "TotalSTCG": 84835}, "LongTermCapGain23": {"SaleofLandBuild": {"SaleofLandBuildDtls": [{"FullConsideration": 0, "PropertyValuation": 0, "FullConsideration50C": 0, "AquisitCost": 0, "AquisitCostIndex": 0, "ImproveCost": 0, "ExpOnTrans": 0, "TotalDedn": 0, "Balance": 0, "ExemptionOrDednUs54": {"ExemptionGrandTotal": 0}, "CapgainonAssets": 0}]}, "SlumpSaleInLtcg": {"FMV11UAEii": 0, "FMV11UAEiii": 0, "FullConsideration": 0, "NetWorthOfDivision": 0, "SlumpBalance": 0, "ExemptionOrDednUs54": {"ExemptionGrandTotal": 0}, "CapgainonAssets": 0}, "SaleofBondsDebntr": {"FullConsideration": 0, "DeductSec48": {"AquisitCost": 0, "ImproveCost": 0, "ExpOnTrans": 0, "TotalDedn": 0}, "BalanceCG": 0, "DeductionUs54F": 0, "CapgainonAssets": 0}, "SaleOfEquityShareUs112A": {"BalanceCG": 0, "DeductionUs54F": 0, "CapgainonAssets": 0}, "NRIProvisoSec48": {"LTCGWithoutBenefit": 0, "DeductionUs54F": 0, "BalanceCG": 0}, "NRISaleOfEquityShareUs112A": {"BalanceCG": 0, "DeductionUs54F": 0, "CapgainonAssets": 0}, "NRISaleofForeignAsset": {"SaleonSpecAsset": 0, "DednSpecAssetus115": 0, "BalonSpeciAsset": 0, "SaleOtherSpecAsset": 0, "DednOtherSpecAssetus115": 0, "BalOtherthanSpecAsset": 0}, "SaleofAssetNA": {"FullValueConsdRecvUnqshr": 0, "FairMrktValueUnqshr": 0, "FullValueConsdSec50CA": 0, "FullValueConsdOthUnqshr": 0, "FullConsideration": 0, "DeductSec48": {"AquisitCost": 0, "ImproveCost": 0, "ExpOnTrans": 0, "TotalDedn": 0}, "BalanceCG": 0, "ExemptionOrDednUs54": {"ExemptionGrandTotal": 0}, "CapgainonAssets": 0}, "TotalAmtDeemedLtcg": 0, "PassThrIncNatureLTCG": 0, "PassThrIncNatureLTCGUs112A": 0, "PassThrIncNatureLTCG10Per": 0, "PassThrIncNatureLTCG20Per": 0, "TotalAmtNotTaxUsDTAALtcg": 0, "TotalAmtTaxUsDTAALtcg": 0, "TotalLTCG": 0}, "TotScheduleCGFor23": 84835, "DeducClaimInfo": {"TotDeductClaim": 0}, "CurrYrLosses": {"InLossSetOff": {"StclSetoff15Per": 0, "StclSetoff30Per": 0, "StclSetoffAppRate": 0, "StclSetoffDTAARate": 0, "LtclSetOff10Per": 0, "LtclSetOff20Per": 0, "LtclSetOffDTAARate": 0}, "InStcg15Per": {"CurrYearIncome": 84835, "StclSetoff30Per": 0, "StclSetoffAppRate": 0, "StclSetoffDTAARate": 0, "CurrYrCapGain": 84835}, "InStcg30Per": {"CurrYearIncome": 0, "StclSetoff15Per": 0, "StclSetoffAppRate": 0, "StclSetoffDTAARate": 0, "CurrYrCapGain": 0}, "InStcgAppRate": {"CurrYearIncome": 0, "StclSetoff15Per": 0, "StclSetoff30Per": 0, "StclSetoffDTAARate": 0, "CurrYrCapGain": 0}, "InStcgDTAARate": {"CurrYearIncome": 0, "StclSetoff15Per": 0, "StclSetoff30Per": 0, "StclSetoffAppRate": 0, "CurrYrCapGain": 0}, "InLtcg10Per": {"CurrYearIncome": 0, "StclSetoff15Per": 0, "StclSetoff30Per": 0, "StclSetoffAppRate": 0, "StclSetoffDTAARate": 0, "LtclSetOff20Per": 0, "LtclSetOffDTAARate": 0, "CurrYrCapGain": 0}, "InLtcg20Per": {"CurrYearIncome": 0, "StclSetoff15Per": 0, "StclSetoff30Per": 0, "StclSetoffAppRate": 0, "StclSetoffDTAARate": 0, "LtclSetOff10Per": 0, "LtclSetOffDTAARate": 0, "CurrYrCapGain": 0}, "InLtcgDTAARate": {"CurrYearIncome": 0, "StclSetoff15Per": 0, "StclSetoff30Per": 0, "StclSetoffAppRate": 0, "StclSetoffDTAARate": 0, "LtclSetOff10Per": 0, "LtclSetOff20Per": 0, "CurrYrCapGain": 0}, "TotLossSetOff": {"StclSetoff15Per": 0, "StclSetoff30Per": 0, "StclSetoffAppRate": 0, "StclSetoffDTAARate": 0, "LtclSetOff10Per": 0, "LtclSetOff20Per": 0, "LtclSetOffDTAARate": 0}, "LossRemainSetOff": {"StclSetoff15Per": 0, "StclSetoff30Per": 0, "StclSetoffAppRate": 0, "StclSetoffDTAARate": 0, "LtclSetOff10Per": 0, "LtclSetOff20Per": 0, "LtclSetOffDTAARate": 0}}, "AccruOrRecOfCG": {"ShortTermUnder15Per": {"DateRange": {"Upto15Of6": 0, "Upto15Of9": 84835, "Up16Of9To15Of12": 0, "Up16Of12To15Of3": 0, "Up16Of3To31Of3": 0}}, "ShortTermUnder30Per": {"DateRange": {"Upto15Of6": 0, "Upto15Of9": 0, "Up16Of9To15Of12": 0, "Up16Of12To15Of3": 0, "Up16Of3To31Of3": 0}}, "ShortTermUnderAppRate": {"DateRange": {"Upto15Of6": 0, "Upto15Of9": 0, "Up16Of9To15Of12": 0, "Up16Of12To15Of3": 0, "Up16Of3To31Of3": 0}}, "ShortTermUnderDTAARate": {"DateRange": {"Upto15Of6": 0, "Upto15Of9": 0, "Up16Of9To15Of12": 0, "Up16Of12To15Of3": 0, "Up16Of3To31Of3": 0}}, "LongTermUnder10Per": {"DateRange": {"Upto15Of6": 0, "Upto15Of9": 0, "Up16Of9To15Of12": 0, "Up16Of12To15Of3": 0, "Up16Of3To31Of3": 0}}, "LongTermUnder20Per": {"DateRange": {"Upto15Of6": 0, "Upto15Of9": 0, "Up16Of9To15Of12": 0, "Up16Of12To15Of3": 0, "Up16Of3To31Of3": 0}}, "LongTermUnderDTAARate": {"DateRange": {"Upto15Of6": 0, "Upto15Of9": 0, "Up16Of9To15Of12": 0, "Up16Of12To15Of3": 0, "Up16Of3To31Of3": 0}}}}, "Schedule112A": {"SaleValue112A": 0, "CostAcqWithoutIndx112A": 0, "AcquisitionCost112A": 0, "LTCGBeforelowerB1B2112A": 0, "FairMktValueCapAst112A": 0, "ExpExclCnctTransfer112A": 0, "Deductions112A": 0, "Balance112A": 0}, "Schedule115AD": {"SaleValue115AD": 0, "CostAcqWithoutIndx115AD": 0, "AcquisitionCost115AD": 0, "LTCGBeforelowerB1B2115AD": 0, "FairMktValueCapAst115AD": 0, "ExpExclCnctTransfer115AD": 0, "Deductions115AD": 0, "Balance115AD": 0}, "ScheduleOS": {"IncOthThanOwnRaceHorse": {"GrossIncChrgblTaxAtAppRate": 338447, "DividendGross": 307, "DividendOthThan22e": 307, "Dividend22e": 0, "InterestGross": 0, "IntrstFrmSavingBank": 0, "IntrstFrmTermDeposit": 0, "IntrstFrmIncmTaxRefund": 0, "NatofPassThrghIncome": 0, "IntrstFrmOthers": 0, "RentFromMachPlantBldgs": 0, "Tot562x": 0, "Aggrtvaluewithoutcons562x": 0, "Immovpropwithoutcons562x": 0, "Immovpropinadeqcons562x": 0, "Anyotherpropwithoutcons562x": 0, "Anyotherpropinadeqcons562x": 0, "FamilyPension": 0, "IncomeNotified89AOS": 0, "IncomeNotifiedOther89AOS": 0, "AnyOtherIncome": 338140, "OthersInc": {"OthersIncDtls": [{"OthNatOfInc": "COMMISSION AND INTEREST RECEIVED", "OthAmount": 338140}]}, "IncChargeableSpecialRates": 0, "LtryPzzlChrgblUs115BB": 0, "IncChrgblUs115BBE": 0, "CashCreditsUs68": 0, "UnExplndInvstmntsUs69": 0, "UnExplndMoneyUs69A": 0, "UnDsclsdInvstmntsUs69B": 0, "UnExplndExpndtrUs69C": 0, "AmtBrwdRepaidOnHundiUs69D": 0, "TaxAccumulatedBalRecPF": {"TotalIncomeBenefit": 0, "TotalTaxBenefit": 0}, "OthersGross": 0, "PassThrIncOSChrgblSplRate": 0, "IncChargblSplRateOS": {"TotalAmtTaxUsDTAASchOs": 0}, "Deductions": {"Expenses": 0, "UsrIntExp57": 0, "IntExp57": 0, "DeductionUs57iia": 0, "Depreciation": 0, "TotDeductions": 0}, "AmtNotDeductibleUs58": 0, "ProfitChargTaxUs59": 0, "Increliefus89AOS": 0, "BalanceNoRaceHorse": 338447}, "TotOthSrcNoRaceHorse": 338447, "IncFromOwnHorse": {"Receipts": 0, "DeductSec57": 0, "AmtNotDeductibleUs58": 0, "ProfitChargTaxUs59": 0, "BalanceOwnRaceHorse": 0}, "IncChargeable": 338447, "DividendIncUs115BBDA": {"DateRange": {"Upto15Of6": 307, "Up16Of6To15Of9": 0, "Up16Of9To15Of12": 0, "Up16Of12To15Of3": 0, "Up16Of3To31Of3": 0}}, "IncFrmLottery": {"DateRange": {"Upto15Of6": 0, "Up16Of6To15Of9": 0, "Up16Of9To15Of12": 0, "Up16Of12To15Of3": 0, "Up16Of3To31Of3": 0}}, "DividendDTAA": {"DateRange": {"Upto15Of6": 0, "Up16Of6To15Of9": 0, "Up16Of9To15Of12": 0, "Up16Of12To15Of3": 0, "Up16Of3To31Of3": 0}}, "DividendIncUs115A1ai": {"DateRange": {"Upto15Of6": 0, "Up16Of6To15Of9": 0, "Up16Of9To15Of12": 0, "Up16Of12To15Of3": 0, "Up16Of3To31Of3": 0}}, "DividendIncUs115AC": {"DateRange": {"Upto15Of6": 0, "Up16Of6To15Of9": 0, "Up16Of9To15Of12": 0, "Up16Of12To15Of3": 0, "Up16Of3To31Of3": 0}}, "DividendIncUs115ACA": {"DateRange": {"Upto15Of6": 0, "Up16Of6To15Of9": 0, "Up16Of9To15Of12": 0, "Up16Of12To15Of3": 0, "Up16Of3To31Of3": 0}}, "DividendIncUs115AD1i": {"DateRange": {"Upto15Of6": 0, "Up16Of6To15Of9": 0, "Up16Of9To15Of12": 0, "Up16Of12To15Of3": 0, "Up16Of3To31Of3": 0}}, "NOT89A": {"DateRange": {"Upto15Of6": 0, "Up16Of6To15Of9": 0, "Up16Of9To15Of12": 0, "Up16Of12To15Of3": 0, "Up16Of3To31Of3": 0}}}, "ScheduleCYLA": {"Salary": {"IncCYLA": {"IncOfCurYrUnderThatHead": 0, "HPlossCurYrSetoff": 0, "OthSrcLossNoRaceHorseSetoff": 0, "IncOfCurYrAfterSetOff": 0}}, "HP": {"IncCYLA": {"IncOfCurYrUnderThatHead": 0, "BusLossSetoff": 0, "OthSrcLossNoRaceHorseSetoff": 0, "IncOfCurYrAfterSetOff": 0}}, "BusProfExclSpecProf": {"IncCYLA": {"IncOfCurYrUnderThatHead": 395690, "HPlossCurYrSetoff": 0, "OthSrcLossNoRaceHorseSetoff": 0, "IncOfCurYrAfterSetOff": 395690}}, "SpeculativeInc": {"IncCYLA": {"IncOfCurYrUnderThatHead": 0, "HPlossCurYrSetoff": 0, "OthSrcLossNoRaceHorseSetoff": 0, "IncOfCurYrAfterSetOff": 0}}, "SpecifiedInc": {"IncCYLA": {"IncOfCurYrUnderThatHead": 0, "HPlossCurYrSetoff": 0, "OthSrcLossNoRaceHorseSetoff": 0, "IncOfCurYrAfterSetOff": 0}}, "STCG15Per": {"IncCYLA": {"IncOfCurYrUnderThatHead": 84835, "HPlossCurYrSetoff": 0, "BusLossSetoff": 0, "OthSrcLossNoRaceHorseSetoff": 0, "IncOfCurYrAfterSetOff": 84835}}, "STCG30Per": {"IncCYLA": {"IncOfCurYrUnderThatHead": 0, "HPlossCurYrSetoff": 0, "BusLossSetoff": 0, "OthSrcLossNoRaceHorseSetoff": 0, "IncOfCurYrAfterSetOff": 0}}, "STCGAppRate": {"IncCYLA": {"IncOfCurYrUnderThatHead": 0, "HPlossCurYrSetoff": 0, "BusLossSetoff": 0, "OthSrcLossNoRaceHorseSetoff": 0, "IncOfCurYrAfterSetOff": 0}}, "STCGDTAARate": {"IncCYLA": {"IncOfCurYrUnderThatHead": 0, "HPlossCurYrSetoff": 0, "BusLossSetoff": 0, "OthSrcLossNoRaceHorseSetoff": 0, "IncOfCurYrAfterSetOff": 0}}, "LTCG10Per": {"IncCYLA": {"IncOfCurYrUnderThatHead": 0, "HPlossCurYrSetoff": 0, "BusLossSetoff": 0, "OthSrcLossNoRaceHorseSetoff": 0, "IncOfCurYrAfterSetOff": 0}}, "LTCG20Per": {"IncCYLA": {"IncOfCurYrUnderThatHead": 0, "HPlossCurYrSetoff": 0, "BusLossSetoff": 0, "OthSrcLossNoRaceHorseSetoff": 0, "IncOfCurYrAfterSetOff": 0}}, "LTCGDTAARate": {"IncCYLA": {"IncOfCurYrUnderThatHead": 0, "HPlossCurYrSetoff": 0, "BusLossSetoff": 0, "OthSrcLossNoRaceHorseSetoff": 0, "IncOfCurYrAfterSetOff": 0}}, "OthSrcExclRaceHorse": {"IncCYLA": {"IncOfCurYrUnderThatHead": 338447, "HPlossCurYrSetoff": 0, "BusLossSetoff": 0, "IncOfCurYrAfterSetOff": 338447}}, "OthSrcRaceHorse": {"IncCYLA": {"IncOfCurYrUnderThatHead": 0, "HPlossCurYrSetoff": 0, "BusLossSetoff": 0, "OthSrcLossNoRaceHorseSetoff": 0, "IncOfCurYrAfterSetOff": 0}}, "IncOSDTAA": {"IncCYLA": {"IncOfCurYrUnderThatHead": 0, "HPlossCurYrSetoff": 0, "BusLossSetoff": 0, "OthSrcLossNoRaceHorseSetoff": 0, "IncOfCurYrAfterSetOff": 0}}, "TotalCurYr": {"TotHPlossCurYr": 0, "TotBusLoss": 0, "TotOthSrcLossNoRaceHorse": 0}, "TotalLossSetOff": {"TotHPlossCurYrSetoff": 0, "TotBusLossSetoff": 0, "TotOthSrcLossNoRaceHorseSetoff": 0}, "LossRemAftSetOff": {"BalHPlossCurYrAftSetoff": 0, "BalBusLossAftSetoff": 0, "BalOthSrcLossNoRaceHorseAftSetoff": 0}}, "ScheduleBFLA": {"Salary": {"IncBFLA": {"IncOfCurYrUndHeadFromCYLA": 0, "IncOfCurYrAfterSetOffBFLosses": 0}}, "HP": {"IncBFLA": {"IncOfCurYrUndHeadFromCYLA": 0, "BFlossPrevYrUndSameHeadSetoff": 0, "BFUnabsorbedDeprSetoff": 0, "BFAllUs35Cl4Setoff": 0, "IncOfCurYrAfterSetOffBFLosses": 0}}, "BusProfExclSpecProf": {"IncBFLA": {"IncOfCurYrUndHeadFromCYLA": 395690, "BFlossPrevYrUndSameHeadSetoff": 0, "BFUnabsorbedDeprSetoff": 0, "BFAllUs35Cl4Setoff": 0, "IncOfCurYrAfterSetOffBFLosses": 395690}}, "SpeculativeInc": {"IncBFLA": {"IncOfCurYrUndHeadFromCYLA": 0, "BFlossPrevYrUndSameHeadSetoff": 0, "BFUnabsorbedDeprSetoff": 0, "BFAllUs35Cl4Setoff": 0, "IncOfCurYrAfterSetOffBFLosses": 0}}, "SpecifiedInc": {"IncBFLA": {"IncOfCurYrUndHeadFromCYLA": 0, "BFlossPrevYrUndSameHeadSetoff": 0, "BFUnabsorbedDeprSetoff": 0, "BFAllUs35Cl4Setoff": 0, "IncOfCurYrAfterSetOffBFLosses": 0}}, "STCG15Per": {"IncBFLA": {"IncOfCurYrUndHeadFromCYLA": 84835, "BFlossPrevYrUndSameHeadSetoff": 0, "BFUnabsorbedDeprSetoff": 0, "BFAllUs35Cl4Setoff": 0, "IncOfCurYrAfterSetOffBFLosses": 84835}}, "STCG30Per": {"IncBFLA": {"IncOfCurYrUndHeadFromCYLA": 0, "BFlossPrevYrUndSameHeadSetoff": 0, "BFUnabsorbedDeprSetoff": 0, "BFAllUs35Cl4Setoff": 0, "IncOfCurYrAfterSetOffBFLosses": 0}}, "STCGAppRate": {"IncBFLA": {"IncOfCurYrUndHeadFromCYLA": 0, "BFlossPrevYrUndSameHeadSetoff": 0, "BFUnabsorbedDeprSetoff": 0, "BFAllUs35Cl4Setoff": 0, "IncOfCurYrAfterSetOffBFLosses": 0}}, "STCGDTAARate": {"IncBFLA": {"IncOfCurYrUndHeadFromCYLA": 0, "BFlossPrevYrUndSameHeadSetoff": 0, "BFUnabsorbedDeprSetoff": 0, "BFAllUs35Cl4Setoff": 0, "IncOfCurYrAfterSetOffBFLosses": 0}}, "LTCG10Per": {"IncBFLA": {"IncOfCurYrUndHeadFromCYLA": 0, "BFlossPrevYrUndSameHeadSetoff": 0, "BFUnabsorbedDeprSetoff": 0, "BFAllUs35Cl4Setoff": 0, "IncOfCurYrAfterSetOffBFLosses": 0}}, "LTCG20Per": {"IncBFLA": {"IncOfCurYrUndHeadFromCYLA": 0, "BFlossPrevYrUndSameHeadSetoff": 0, "BFUnabsorbedDeprSetoff": 0, "BFAllUs35Cl4Setoff": 0, "IncOfCurYrAfterSetOffBFLosses": 0}}, "LTCGDTAARate": {"IncBFLA": {"IncOfCurYrUndHeadFromCYLA": 0, "BFlossPrevYrUndSameHeadSetoff": 0, "BFUnabsorbedDeprSetoff": 0, "BFAllUs35Cl4Setoff": 0, "IncOfCurYrAfterSetOffBFLosses": 0}}, "OthSrcExclRaceHorse": {"IncBFLA": {"IncOfCurYrUndHeadFromCYLA": 338447, "BFUnabsorbedDeprSetoff": 0, "BFAllUs35Cl4Setoff": 0, "IncOfCurYrAfterSetOffBFLosses": 338447}}, "OthSrcRaceHorse": {"IncBFLA": {"IncOfCurYrUndHeadFromCYLA": 0, "BFlossPrevYrUndSameHeadSetoff": 0, "BFUnabsorbedDeprSetoff": 0, "BFAllUs35Cl4Setoff": 0, "IncOfCurYrAfterSetOffBFLosses": 0}}, "IncOSDTAA": {"IncBFLA": {"IncOfCurYrUndHeadFromCYLA": 0, "BFUnabsorbedDeprSetoff": 0, "BFAllUs35Cl4Setoff": 0, "IncOfCurYrAfterSetOffBFLosses": 0}}, "TotalBFLossSetOff": {"TotBFLossSetoff": 0, "TotUnabsorbedDeprSetoff": 0, "TotAllUs35cl4Setoff": 0}, "IncomeOfCurrYrAftCYLABFLA": 818972}, "ScheduleCFL": {"TotalOfBFLossesEarlierYrs": {"LossSummaryDetail": {"TotalHPPTILossCF": 0, "BusLossOthThanSpecLossCF": 0, "LossFrmSpecBusCF": 0, "LossFrmSpecifiedBusCF": 0, "TotalSTCGPTILossCF": 0, "TotalLTCGPTILossCF": 0, "OthSrcLossRaceHorseCF": 0}}, "AdjTotBFLossInBFLA": {"LossSummaryDetail": {"TotalHPPTILossCF": 0, "BusLossOthThanSpecLossCF": 0, "LossFrmSpecBusCF": 0, "LossFrmSpecifiedBusCF": 0, "TotalSTCGPTILossCF": 0, "TotalLTCGPTILossCF": 0, "OthSrcLossRaceHorseCF": 0}}, "CurrentAYloss": {"LossSummaryDetail": {"TotalHPPTILossCF": 0, "BusLossOthThanSpecLossCF": 0, "LossFrmSpecBusCF": 0, "LossFrmSpecifiedBusCF": 0, "TotalSTCGPTILossCF": 0, "TotalLTCGPTILossCF": 0, "OthSrcLossRaceHorseCF": 0}}, "TotalLossCFSummary": {"LossSummaryDetail": {"TotalHPPTILossCF": 0, "BusLossOthThanSpecLossCF": 0, "LossFrmSpecBusCF": 0, "LossFrmSpecifiedBusCF": 0, "TotalSTCGPTILossCF": 0, "TotalLTCGPTILossCF": 0, "OthSrcLossRaceHorseCF": 0}}}, "Schedule80G": {"Don100Percent": {"TotDon100PercentCash": 0, "TotDon100PercentOtherMode": 0, "TotDon100Percent": 0, "TotEligibleDon100Percent": 0}, "Don50PercentNoApprReqd": {"TotDon50PercentNoApprReqdCash": 0, "TotDon50PercentNoApprReqdOtherMode": 0, "TotDon50PercentNoApprReqd": 0, "TotEligibleDon50Percent": 0}, "Don100PercentApprReqd": {"TotDon100PercentApprReqdCash": 0, "TotDon100PercentApprReqdOtherMode": 0, "TotDon100PercentApprReqd": 0, "TotEligibleDon100PercentApprReqd": 0}, "Don50PercentApprReqd": {"TotDon50PercentApprReqdCash": 0, "TotDon50PercentApprReqdOtherMode": 0, "TotDon50PercentApprReqd": 0, "TotEligibleDon50PercentApprReqd": 0}, "TotalDonationsUs80GCash": 0, "TotalDonationsUs80GOtherMode": 0, "TotalDonationsUs80G": 0, "TotalEligibleDonationsUs80G": 0}, "Schedule80D": {"Sec80DSelfFamSrCtznHealth": {"SeniorCitizenFlag": "Y", "SelfAndFamily": 0, "HealthInsPremSlfFam": 0, "PrevHlthChckUpSlfFam": 0, "SelfAndFamilySeniorCitizen": 4517, "HlthInsPremSlfFamSrCtzn": 4517, "PrevHlthChckUpSlfFamSrCtzn": 0, "MedicalExpSlfFamSrCtzn": 0, "ParentsSeniorCitizenFlag": "P", "Parents": 0, "HlthInsPremParents": 0, "PrevHlthChckUpParents": 0, "ParentsSeniorCitizen": 0, "HlthInsPremParentsSrCtzn": 0, "PrevHlthChckUpParentsSrCtzn": 0, "MedicalExpParentsSrCtzn": 0, "EligibleAmountOfDedn": 4517}}, "Schedule80GGA": {"TotalDonationAmtCash80GGA": 0, "TotalDonationAmtOtherMode80GGA": 0, "TotalDonationsUs80GGA": 0, "TotalEligibleDonationAmt80GGA": 0}, "ScheduleVIA": {"UsrDeductUndChapVIA": {"Section80C": 172153, "Section80CCC": 0, "Section80CCDEmployeeOrSE": 0, "Section80CCD1B": 0, "Section80CCDEmployer": 0, "Section80D": 4517, "Section80DD": 0, "Section80DDB": 0, "Section80E": 0, "Section80EE": 0, "Section80EEA": 0, "Section80EEB": 0, "Section80G": 0, "Section80GG": 0, "Section80GGA": 0, "Section80GGC": 0, "TotPartBchapterVIA": 176670, "Section80IA": 0, "Section80IAB": 0, "Section80IB": 0, "Section80IBA": 0, "Section80IC": 0, "Section80JJA": 0, "Section80JJAA": 0, "Section80QQB": 0, "Section80RRB": 0, "TotPartCchapterVIA": 0, "Section80TTA": 0, "Section80TTB": 0, "Section80U": 0, "TotPartCAandDchapterVIA": 0, "TotalChapVIADeductions": 176670}, "DeductUndChapVIA": {"Section80C": 150000, "Section80D": 4517, "TotPartBchapterVIA": 154517, "TotPartCchapterVIA": 0, "TotPartCAandDchapterVIA": 0, "TotalChapVIADeductions": 154517}}, "ScheduleAMT": {"TotalIncItem11": 664460, "AdjustmentSec115JC": {"DeductClaimSec6A": 0, "DeductClaimSec10AA": 0, "DeductClaimSec35AD": 0, "Total": 0}, "AdjustedUnderSec115JC": 664460, "AdjustedUnderSec115JCIFSC": 0, "AdjustedUnderSec115JCOther": 664460, "TaxPayableUnderSec115JC": 0}, "ScheduleAMTC": {"TaxSection115JC": 0, "TaxOthProvisions": 42796, "AmtTaxCreditAvailable": 42796, "ScheduleAMTCDtls": [{"AssYr": "2013-14", "AmtCreditFwd": 0, "AmtCreditSetOfEy": 0, "AmtCreditBalBroughtFwd": 0, "AmtCreditUtilized": 0, "BalAmtCreditCarryFwd": 0}, {"AssYr": "2014-15", "AmtCreditFwd": 0, "AmtCreditSetOfEy": 0, "AmtCreditBalBroughtFwd": 0, "AmtCreditUtilized": 0, "BalAmtCreditCarryFwd": 0}, {"AssYr": "2015-16", "AmtCreditFwd": 0, "AmtCreditSetOfEy": 0, "AmtCreditBalBroughtFwd": 0, "AmtCreditUtilized": 0, "BalAmtCreditCarryFwd": 0}, {"AssYr": "2016-17", "AmtCreditFwd": 0, "AmtCreditSetOfEy": 0, "AmtCreditBalBroughtFwd": 0, "AmtCreditUtilized": 0, "BalAmtCreditCarryFwd": 0}, {"AssYr": "2017-18", "AmtCreditFwd": 0, "AmtCreditSetOfEy": 0, "AmtCreditBalBroughtFwd": 0, "AmtCreditUtilized": 0, "BalAmtCreditCarryFwd": 0}, {"AssYr": "2018-19", "AmtCreditFwd": 0, "AmtCreditSetOfEy": 0, "AmtCreditBalBroughtFwd": 0, "AmtCreditUtilized": 0, "BalAmtCreditCarryFwd": 0}, {"AssYr": "2019-20", "AmtCreditFwd": 0, "AmtCreditSetOfEy": 0, "AmtCreditBalBroughtFwd": 0, "AmtCreditUtilized": 0, "BalAmtCreditCarryFwd": 0}, {"AssYr": "2020-21", "AmtCreditFwd": 0, "AmtCreditSetOfEy": 0, "AmtCreditBalBroughtFwd": 0, "AmtCreditUtilized": 0, "BalAmtCreditCarryFwd": 0}, {"AssYr": "2021-22", "AmtCreditFwd": 0, "AmtCreditSetOfEy": 0, "AmtCreditBalBroughtFwd": 0, "AmtCreditUtilized": 0, "BalAmtCreditCarryFwd": 0}], "CurrAssYr": "2022-23", "CurrYrAmtCreditFwd": 0, "CurrYrCreditCarryFwd": 0, "TotAMTGross": 0, "TotSetOffEys": 0, "TotBalBF": 0, "TotAmtCreditUtilisedCY": 0, "TotBalAMTCreditCF": 0, "TaxSection115JD": 0, "AmtLiabilityAvailable": 0}, "ScheduleSI": {"SplCodeRateTax": [{"SecCode": "1", "SplRatePercent": 1, "SplRateInc": 0, "SplRateIncTax": 0}, {"SecCode": "1A", "SplRatePercent": 15, "SplRateInc": 84835, "SplRateIncTax": 12725}, {"SecCode": "21", "SplRatePercent": 20, "SplRateInc": 0, "SplRateIncTax": 0}, {"SecCode": "22", "SplRatePercent": 10, "SplRateInc": 0, "SplRateIncTax": 0}, {"SecCode": "21ciii", "SplRatePercent": 10, "SplRateInc": 0, "SplRateIncTax": 0}, {"SecCode": "2A", "SplRatePercent": 10, "SplRateInc": 0, "SplRateIncTax": 0}, {"SecCode": "5BB", "SplRatePercent": 30, "SplRateInc": 0, "SplRateIncTax": 0}, {"SecCode": "5ADii", "SplRatePercent": 30, "SplRateInc": 0, "SplRateIncTax": 0}, {"SecCode": "5ADiiiP", "SplRatePercent": 10, "SplRateInc": 0, "SplRateIncTax": 0}, {"SecCode": "5BBF_BP", "SplRatePercent": 10, "SplRateInc": 0, "SplRateIncTax": 0}, {"SecCode": "5BBG_BP", "SplRatePercent": 10, "SplRateInc": 0, "SplRateIncTax": 0}, {"SecCode": "DTAASTCG", "SplRatePercent": 1, "SplRateInc": 0, "SplRateIncTax": 0}, {"SecCode": "DTAALTCG", "SplRatePercent": 1, "SplRateInc": 0, "SplRateIncTax": 0}, {"SecCode": "DTAAOS", "SplRatePercent": 1, "SplRateInc": 0, "SplRateIncTax": 0}], "TotSplRateInc": 84835, "TotSplRateIncTax": 12725}, "ScheduleGST": {"TurnoverGrsRcptForGSTIN": [{"GSTINNo": "33ASBPK3520E1ZF", "AmtTurnGrossRcptGSTIN": 2324086}]}, "PartB-TI": {"Salaries": 0, "IncomeFromHP": 0, "ProfBusGain": {"ProfGainNoSpecBus": 395690, "ProfGainSpecBus": 0, "ProfGainSpecifiedBus": 0, "ProfIncome115BBF": 0, "TotProfBusGain": 395690}, "CapGain": {"ShortTerm": {"ShortTerm15Per": 84835, "ShortTerm30Per": 0, "ShortTermAppRate": 0, "ShortTermSplRateDTAA": 0, "TotalShortTerm": 84835}, "LongTerm": {"LongTerm10Per": 0, "LongTerm20Per": 0, "LongTermSplRateDTAA": 0, "TotalLongTerm": 0}, "TotalCapGains": 84835}, "IncFromOS": {"OtherSrcThanOwnRaceHorse": 338447, "IncChargblSplRate": 0, "FromOwnRaceHorse": 0, "TotIncFromOS": 338447}, "TotalTI": 818972, "CurrentYearLoss": 0, "BalanceAfterSetoffLosses": 818972, "BroughtFwdLossesSetoff": 0, "GrossTotalIncome": 818972, "IncChargeTaxSplRate111A112": 84835, "DeductionsUndSchVIADtl": {"PartBchapterVIA": 154517, "PartCchapterVIA": 0, "TotDeductUndSchVIA": 154517}, "DeductionsUnder10Aor10AA": 0, "TotalIncome": 664460, "IncChargeableTaxSplRates": 84835, "NetAgricultureIncomeOrOtherIncomeForRate": 0, "AggregateIncome": 579625, "LossesOfCurrentYearCarriedFwd": 0, "DeemedIncomeUs115JC": 664460}, "PartB_TTI": {"ComputationOfTaxLiability": {"TaxPayableOnDeemedTI": {"TaxDeemedTISec115JC": 0, "SurchargeOnAboveCrore": 0, "EducationCess": 0, "TotalTax": 0}, "TaxPayableOnTI": {"TaxAtNormalRatesOnAggrInc": 28425, "TaxAtSpecialRates": 12725, "RebateOnAgriInc": 0, "TaxPayableOnTotInc": 41150, "Rebate87A": 0, "TaxPayableOnRebate": 41150, "Surcharge25ofSI": 0, "Surcharge25ofSIBeforeMarginal": 0, "SurchargeOnAboveCroreBeforeMarginal": 0, "SurchargeOnAboveCrore": 0, "TotalSurcharge": 0, "EducationCess": 1646, "GrossTaxLiability": 42796}, "GrossTaxPayable": 42796, "GrossTaxPay": {"TaxInc17": 42796, "TaxDeferred17": 0, "TaxDeferredPayableCY": 0}, "CreditUS115JD": 0, "TaxPayAfterCreditUs115JD": 42796, "TaxRelief": {"Section89": 0, "Section90": 0, "Section91": 0, "TotTaxRelief": 0}, "NetTaxLiability": 42796, "IntrstPay": {"IntrstPayUs234A": 2135, "IntrstPayUs234B": 3843, "IntrstPayUs234C": 901, "LateFilingFee234F": 5000, "TotalIntrstPay": 11879}, "AggregateTaxInterestLiability": 54675}, "TaxPaid": {"TaxesPaid": {"AdvanceTax": 0, "TDS": 0, "TCS": 0, "SelfAssessmentTax": 56030, "TotalTaxesPaid": 56030}, "BalTaxPayable": 0}, "Refund": {"RefundDue": 1360, "BankAccountDtls": {"BankDtlsFlag": "Y", "AddtnlBankDetails": [{"IFSCCode": "UTIB0000210", "BankName": "AXIS BANK LTD.", "BankAccountNo": "910020010162208", "UseForRefund": "true"}, {"IFSCCode": "UTIB0000210", "BankName": "AXIS BANK", "BankAccountNo": "912010045223595", "UseForRefund": "false"}, {"IFSCCode": "DLXB0000123", "BankName": "DHANALAKSHMI BANK", "BankAccountNo": "012300100144346", "UseForRefund": "false"}, {"IFSCCode": "ICIC0006611", "BankName": "ICICI BANK LIMITED", "BankAccountNo": "611801009947", "UseForRefund": "false"}, {"IFSCCode": "IDIB000T041", "BankName": "INDIAN BANK", "BankAccountNo": "483485370", "UseForRefund": "false"}]}}, "AssetOutIndiaFlag": "NO"}, "ScheduleIT": {"TaxPayment": [{"BSRCode": "6360206", "DateDep": "2022-12-02", "SrlNoOfChaln": 4171, "Amt": 56030}], "TotalTaxPayments": 56030}, "ScheduleTDS1": {"TotalTDSonSalaries": 0}, "ScheduleTDS2": {"TDSOthThanSalaryDtls": [{"TDSCreditName": "S", "TANOfDeductor": "BLRK07771B", "BroughtFwdTDSAmt": 0, "TaxDeductCreditDtls": {"TaxDeductedOwnHands": 0, "TaxClaimedOwnHands": 0}, "AmtCarriedFwd": 0}, {"TDSCreditName": "S", "TANOfDeductor": "CHEI10611G", "BroughtFwdTDSAmt": 0, "TaxDeductCreditDtls": {"TaxDeductedOwnHands": 0, "TaxClaimedOwnHands": 0}, "AmtCarriedFwd": 0}, {"TDSCreditName": "S", "TANOfDeductor": "MUMR14567A", "BroughtFwdTDSAmt": 0, "TaxDeductCreditDtls": {"TaxDeductedOwnHands": 0, "TaxClaimedOwnHands": 0}, "AmtCarriedFwd": 0}], "TotalTDSonOthThanSals": 0}, "ScheduleTCS": {"TotalSchTCS": 0}, "Verification": {"Declaration": {"AssesseeVerName": "KARUPPAN CHETTIAR KHULANTHAYAN", "FatherName": "KARUPPAN CHETTIAR", "AssesseeVerPAN": "ASBPK3520E"}, "Capacity": "S"}}}}