{"ITR": {"ITR4": {"CreationInfo": {"SWVersionNo": "1328", "SWCreatedBy": "SW20000029", "JSONCreatedBy": "SW20000029", "JSONCreationDate": "2022-11-07", "IntermediaryCity": "", "Digest": "etiSU65r/wqg0O7nSexvc7aXFy8czF6dgA8FkvhMjiw="}, "Form_ITR4": {"FormName": "ITR-4", "Description": "Having Income From Presumptive Business", "AssessmentYear": "2022", "SchemaVer": "Ver1.0", "FormVer": "Ver1.0"}, "PersonalInfo": {"AssesseeName": {"FirstName": "SHANKAR", "MiddleName": "HALLAPPA", "SurNameOrOrgName": "WADDAR"}, "PAN": "AAPPW7594Q", "Address": {"ResidenceNo": "House No. 91", "ResidenceName": "\"Contractor\", Pankaj Nagar", "RoadOrStreet": "Gokul Road", "LocalityOrArea": "Hosur", "CityOrTownOrDistrict": "Hubballi", "StateCode": "15", "CountryCode": "91", "PinCode": 580021, "CountryCodeMobile": 91, "MobileNo": 9964343148, "EmailAddress": "rajmn69it@gmail.com", "EmailAddressSec": "rajmn69it@gmail.com"}, "DOB": "1961-01-15", "EmployerCategory": "NA", "Status": "I", "AadhaarCardNo": "897428163742"}, "FilingStatus": {"ReturnFileSec": 12, "NewTaxRegime": "N", "OptingNewTaxRegime": 2, "SeventhProvisio139": "N", "AsseseeRepFlg": "N"}, "IncomeDeductions": {"IncomeFromBusinessProf": 1021374, "GrossSalary": 0, "IncomeNotified89A": 0, "AllwncExemptUs10": {"TotalAllwncExemptUs10": 0}, "NetSalary": 0, "DeductionUs16": 0, "DeductionUs16ia": 0, "EntertainmntalwncUs16ii": 0, "IncomeFromSal": 0, "AnnualValue": 0, "AnnualValue30Percent": 0, "TotalIncomeOfHP": 0, "IncomeOthSrc": 22448, "OthersInc": {"OthersIncDtlsOthSrc": [{"OthSrcNatureDesc": "SAV", "OthSrcOthAmount": 109}, {"OthSrcNatureDesc": "IFD", "OthSrcOthAmount": 22339}]}, "DeductionUs57iia": 0, "Increliefus89AOS": 0, "GrossTotIncome": 1043822, "UsrDeductUndChapVIA": {"Section80C": 90000, "Section80CCC": 0, "Section80CCDEmployeeOrSE": 0, "Section80CCD1B": 0, "Section80CCDEmployer": 0, "Section80D": 0, "Section80DD": 0, "Section80DDB": 0, "Section80E": 0, "Section80EE": 0, "Section80EEA": 0, "Section80EEB": 0, "Section80G": 0, "Section80GG": 0, "Section80GGC": 0, "Section80U": 0, "Section80TTA": 0, "Section80TTB": 22448, "TotalChapVIADeductions": 112448}, "DeductUndChapVIA": {"Section80C": 90000, "Section80CCC": 0, "Section80CCDEmployeeOrSE": 0, "Section80CCD1B": 0, "Section80CCDEmployer": 0, "Section80D": 0, "Section80DD": 0, "Section80DDB": 0, "Section80E": 0, "Section80EE": 0, "Section80EEA": 0, "Section80EEB": 0, "Section80G": 0, "Section80GG": 0, "Section80GGC": 0, "Section80U": 0, "Section80TTA": 0, "Section80TTB": 22448, "TotalChapVIADeductions": 112448}, "TotalIncome": 931370}, "TaxComputation": {"TotalTaxPayable": 96274, "Rebate87A": 0, "TaxPayableOnRebate": 96274, "EducationCess": 3851, "GrossTaxLiability": 100125, "Section89": 0, "NetTaxLiability": 100125, "IntrstPay": {"IntrstPayUs234A": 0, "IntrstPayUs234B": 0, "IntrstPayUs234C": 0, "LateFilingFee234F": 5000}, "TotTaxPlusIntrstPay": 105125}, "TaxPaid": {"TaxesPaid": {"AdvanceTax": 0, "TDS": 136150, "TCS": 0, "SelfAssessmentTax": 0, "TotalTaxesPaid": 136150}, "BalTaxPayable": 0}, "Refund": {"RefundDue": 31030, "BankAccountDtls": {"AddtnlBankDetails": [{"IFSCCode": "SBIN0007963", "BankName": "State Bank INDIA", "BankAccountNo": "64067219418", "UseForRefund": "true"}, {"IFSCCode": "CNRB0011202", "BankName": "CANARA BANK", "BankAccountNo": "12021010006592", "UseForRefund": "false"}]}}, "Schedule80G": {"Don100Percent": {"TotDon100PercentCash": 0, "TotDon100PercentOtherMode": 0, "TotDon100Percent": 0, "TotEligibleDon100Percent": 0}, "Don50PercentNoApprReqd": {"TotDon50PercentNoApprReqdCash": 0, "TotDon50PercentNoApprReqdOtherMode": 0, "TotDon50PercentNoApprReqd": 0, "TotEligibleDon50Percent": 0}, "Don100PercentApprReqd": {"TotDon100PercentApprReqdCash": 0, "TotDon100PercentApprReqdOtherMode": 0, "TotDon100PercentApprReqd": 0, "TotEligibleDon100PercentApprReqd": 0}, "Don50PercentApprReqd": {"TotDon50PercentApprReqdCash": 0, "TotDon50PercentApprReqdOtherMode": 0, "TotDon50PercentApprReqd": 0, "TotEligibleDon50PercentApprReqd": 0}, "TotalDonationsUs80GCash": 0, "TotalDonationsUs80GOtherMode": 0, "TotalDonationsUs80G": 0, "TotalEligibleDonationsUs80G": 0}, "TaxExmpIntIncDtls": {"OthersInc": {"OthersTotalTaxExe": 0}}, "Verification": {"Declaration": {"AssesseeVerName": "SHANKAR HALLAPPA WADDAR", "FatherName": "HALLAPPA", "AssesseeVerPAN": "AAPPW7594Q"}, "Capacity": "S", "Place": "HUBBALLI"}, "ScheduleBP": {"NatOfBus44AD": [{"NameOfBusiness": "SHANKAR H WADDAR", "CodeAD": "06002"}], "PersumptiveInc44AD": {"GrsTrnOverAnyOthMode": 12767169, "PersumptiveInc44AD8Per": 1021374, "TotPersumptiveInc44AD": 1021374}, "PersumptiveInc44AE": {"TotPersumInc44AE": 0, "TotalPersumptiveInc": 0, "IncChargeableUnderBus": 1021374}, "TurnoverGrsRcptForGSTIN": [{"GSTINNo": "29AAPPW7594Q1Z0", "AmtTurnGrossRcptGSTIN": 12481637}], "TotalTurnoverGrsRcptGSTIN": 12481637, "FinanclPartclrOfBusiness": {"SundryCreditors": 0, "TotCapLiabilities": 0, "Inventories": 1280340, "SundryDebtors": 1050000, "CashInHand": 20659, "TotalAssets": 2350999}}, "ScheduleIT": {"TotalTaxPayments": 0}, "TDSonOthThanSals": {"TDSonOthThanSalDtls": [{"TANOfDeductor": "BLRC02371F", "BroughtFwdTDSAmt": 0, "TDSDeducted": 19981, "TDSClaimed": 19981, "GrossAmount": 1998055, "HeadOfIncome": "BP", "TDSCreditCarriedFwd": 0}, {"TANOfDeductor": "BLRE03907B", "BroughtFwdTDSAmt": 0, "TDSDeducted": 87451, "TDSClaimed": 87451, "GrossAmount": 8731387, "HeadOfIncome": "BP", "TDSCreditCarriedFwd": 0}, {"TANOfDeductor": "BLRP04734C", "BroughtFwdTDSAmt": 0, "TDSDeducted": 16681, "TDSClaimed": 16681, "GrossAmount": 834066, "HeadOfIncome": "BP", "TDSCreditCarriedFwd": 0}, {"TANOfDeductor": "BLRR12945C", "BroughtFwdTDSAmt": 0, "TDSDeducted": 2829, "TDSClaimed": 2829, "GrossAmount": 282923, "HeadOfIncome": "BP", "TDSCreditCarriedFwd": 0}, {"TANOfDeductor": "BLRT03836A", "BroughtFwdTDSAmt": 0, "TDSDeducted": 6236, "TDSClaimed": 6236, "GrossAmount": 623600, "HeadOfIncome": "BP", "TDSCreditCarriedFwd": 0}, {"TANOfDeductor": "BLRT05314B", "BroughtFwdTDSAmt": 0, "TDSDeducted": 2972, "TDSClaimed": 2972, "GrossAmount": 297138, "HeadOfIncome": "BP", "TDSCreditCarriedFwd": 0}], "TotalTDSonOthThanSals": 136150}}}}