{"ITR": {"ITR4": {"CreationInfo": {"SWVersionNo": "R9", "SWCreatedBy": "SW00012223", "JSONCreatedBy": "SW00012223", "JSONCreationDate": "2022-07-28", "Digest": "W8AyXuSCuPgZVm3tIPFaZt588dVo6O4+/v58CbH51pA=", "IntermediaryCity": "Delhi"}, "Form_ITR4": {"FormName": "ITR-4", "Description": "Indls, HUFs and Firms (other than LLP) having Inc u/s 44AD, 44ADA or 44AE", "AssessmentYear": "2022", "SchemaVer": "Ver1.0", "FormVer": "Ver1.0"}, "PersonalInfo": {"AssesseeName": {"FirstName": "MALINI", "SurNameOrOrgName": "SHUKLA"}, "Address": {"ResidenceNo": "26", "ResidenceName": "TYAGI ROAD ANSHIK REST CAMP WEST ", "RoadOrStreet": "Dehradun G.P.O.", "LocalityOrArea": "Dehradun", "CityOrTownOrDistrict": "DEHRADUN", "StateCode": "34", "CountryCode": "91", "PinCode": 248001, "CountryCodeMobile": 91, "MobileNo": 8126662909, "CountryCodeMobileNoSec": 91, "MobileNoSec": 9411512655, "EmailAddress": "gaurav.gaurav.kumar365@gmail.com", "EmailAddressSec": "malini.kumar365@gmail.com"}, "PAN": "BZPPS0318Q", "DOB": "1982-01-26", "EmployerCategory": "OTH", "Status": "I", "AadhaarCardNo": "993069952308"}, "FilingStatus": {"ReturnFileSec": 11, "NewTaxRegime": "N", "OptingNewTaxRegime": 2, "SeventhProvisio139": "N", "DepAmtAggAmtExcd1CrPrYrFlg": "N", "IncrExpAggAmt2LkTrvFrgnCntryFlg": "N", "IncrExpAggAmt1LkElctrctyPrYrFlg": "N", "clauseiv7provisio139i": "N", "AsseseeRepFlg": "N"}, "IncomeDeductions": {"AllwncExemptUs10": {"TotalAllwncExemptUs10": 0}, "OthersInc": {"OthersIncDtlsOthSrc": [{"OthSrcNatureDesc": "SAV", "OthSrcOthAmount": 2355}, {"OthSrcNatureDesc": "OTH", "OthSrcOthNatOfInc": "INCOME", "OthSrcOthAmount": 30000}]}, "UsrDeductUndChapVIA": {"Section80C": 56000, "Section80CCC": 0, "Section80CCDEmployeeOrSE": 0, "Section80CCD1B": 0, "Section80CCDEmployer": 0, "Section80D": 0, "Section80DD": 0, "Section80DDB": 0, "Section80E": 0, "Section80GG": 60000, "Section80GGC": 0, "Section80U": 0, "Section80TTA": 2500, "Section80TTB": 0, "TotalChapVIADeductions": 118500, "Section80G": 0}, "DeductUndChapVIA": {"Section80C": 56000, "Section80CCC": 0, "Section80CCDEmployeeOrSE": 0, "Section80CCD1B": 0, "Section80CCDEmployer": 0, "Section80D": 0, "Section80DD": 0, "Section80DDB": 0, "Section80E": 0, "Section80EE": 0, "Section80EEA": 0, "Section80EEB": 0, "Section80G": 0, "Section80GG": 60000, "Section80GGC": 0, "Section80U": 0, "Section80TTA": 2355, "Section80TTB": 0, "TotalChapVIADeductions": 118355}, "IncomeFromBusinessProf": 584957, "GrossSalary": 0, "IncomeNotified89A": 0, "NetSalary": 0, "DeductionUs16": 0, "DeductionUs16ia": 0, "EntertainmntalwncUs16ii": 0, "IncomeFromSal": 0, "AnnualValue": 0, "AnnualValue30Percent": 0, "TotalIncomeOfHP": 0, "IncomeOthSrc": 32355, "DeductionUs57iia": 0, "Increliefus89AOS": 0, "GrossTotIncome": 617312, "TotalIncome": 498960}, "TaxComputation": {"IntrstPay": {"IntrstPayUs234A": 0, "IntrstPayUs234B": 0, "IntrstPayUs234C": 0, "LateFilingFee234F": 0}, "TotalTaxPayable": 12448, "Rebate87A": 12448, "TaxPayableOnRebate": 0, "EducationCess": 0, "GrossTaxLiability": 0, "Section89": 0, "NetTaxLiability": 0, "TotTaxPlusIntrstPay": 0}, "TaxPaid": {"TaxesPaid": {"AdvanceTax": 0, "TDS": 4321, "TCS": 2575, "SelfAssessmentTax": 0, "TotalTaxesPaid": 6896}, "BalTaxPayable": 0}, "Refund": {"BankAccountDtls": {"AddtnlBankDetails": [{"IFSCCode": "PUNB0371200", "BankName": "PUNJAB NATIONAL BANK", "BankAccountNo": "3712000100139919", "UseForRefund": "false"}, {"IFSCCode": "PUNB0184300", "BankName": "PUNJAB NATIONAL BANK", "BankAccountNo": "184300010228508", "UseForRefund": "true"}, {"IFSCCode": "PUNB0184300", "BankName": "PUNJAB NATIONAL BANK", "BankAccountNo": "1843002100032255", "UseForRefund": "false"}]}, "RefundDue": 6900}, "Schedule80G": {"Don100Percent": {"TotDon100PercentCash": 0, "TotDon100PercentOtherMode": 0, "TotDon100Percent": 0, "TotEligibleDon100Percent": 0}, "Don50PercentNoApprReqd": {"TotDon50PercentNoApprReqdCash": 0, "TotDon50PercentNoApprReqdOtherMode": 0, "TotDon50PercentNoApprReqd": 0, "TotEligibleDon50Percent": 0}, "Don100PercentApprReqd": {"TotDon100PercentApprReqdCash": 0, "TotDon100PercentApprReqdOtherMode": 0, "TotDon100PercentApprReqd": 0, "TotEligibleDon100PercentApprReqd": 0}, "Don50PercentApprReqd": {"TotDon50PercentApprReqdCash": 0, "TotDon50PercentApprReqdOtherMode": 0, "TotDon50PercentApprReqd": 0, "TotEligibleDon50PercentApprReqd": 0}, "TotalDonationsUs80GCash": 0, "TotalDonationsUs80GOtherMode": 0, "TotalDonationsUs80G": 0, "TotalEligibleDonationsUs80G": 0}, "Schedule80D": {"Sec80DSelfFamSrCtznHealth": {"SeniorCitizenFlag": "S", "SelfAndFamily": 0, "SelfAndFamilySeniorCitizen": 0, "ParentsSeniorCitizenFlag": "P", "Parents": 0, "ParentsSeniorCitizen": 0, "EligibleAmountOfDedn": 0}}, "TaxExmpIntIncDtls": {"OthersInc": {"OthersTotalTaxExe": 0}}, "Verification": {"Declaration": {"AssesseeVerName": "MALINI SHUKLA", "FatherName": "DESH BANDHU SHUKLA", "AssesseeVerPAN": "BZPPS0318Q"}, "Capacity": "S", "Place": "122.161.74.215"}, "ScheduleBP": {"NatOfBus44AD": [{"NameOfBusiness": "M/S ARADHYA NATURAL FOOD PRODCUTS", "CodeAD": "09027"}], "PersumptiveInc44AD": {"GrsTrnOverAnyOthMode": 4352819, "PersumptiveInc44AD8Per": 584957, "TotPersumptiveInc44AD": 584957}, "PersumptiveInc44ADA": {"GrsReceipt": 0, "TotPersumptiveInc44ADA": 0}, "PersumptiveInc44AE": {"TotPersumInc44AE": 0, "TotalPersumptiveInc": 0, "IncChargeableUnderBus": 584957}, "TurnoverGrsRcptForGSTIN": [{"GSTINNo": "05BZPPS0318Q1ZQ", "AmtTurnGrossRcptGSTIN": 4352819}], "FinanclPartclrOfBusiness": {"SundryCreditors": 348352, "TotCapLiabilities": 348352, "FixedAssets": 0, "Inventories": 1077076, "SundryDebtors": 175800, "BalWithBanks": 113990, "CashInHand": 21425, "TotalAssets": 1388291}, "TotalTurnoverGrsRcptGSTIN": 4352819}, "ScheduleIT": {"TotalTaxPayments": 0}, "ScheduleTCS": {"TCS": [{"EmployerOrDeductorOrCollectDetl": {"TAN": "MRTB01317B", "EmployerOrDeductorOrCollecterName": "BISLERI INTERNATIONAL PVT LIMITED"}, "Amtfrom26AS": 2575712, "TotalTCS": 2575, "AmtTCSClaimedThisYear": 2575}], "TotalSchTCS": 2575}, "TDSonSalaries": {"TotalTDSonSalaries": 0}, "TDSonOthThanSals": {"TDSonOthThanSalDtls": [{"TANOfDeductor": "BLRF02545E", "BroughtFwdTDSAmt": 0, "TDSDeducted": 86, "TDSClaimed": 86, "GrossAmount": 1710, "HeadOfIncome": "BP", "TDSCreditCarriedFwd": 0}, {"TANOfDeductor": "BLRF03488C", "BroughtFwdTDSAmt": 0, "TDSDeducted": 4235, "TDSClaimed": 4235, "GrossAmount": 423466, "HeadOfIncome": "BP", "TDSCreditCarriedFwd": 0}], "TotalTDSonOthThanSals": 4321}, "ScheduleTDS3Dtls": {"TotalTDS3Details": 0}}}}