{"ITR": {"ITR4": {"CreationInfo": {"SWVersionNo": "R1", "SWCreatedBy": "SW10012223", "JSONCreatedBy": "SW10012223", "JSONCreationDate": "2022-12-29", "Digest": "u8yudT68fIqp+tCVfjZT6OQ+rWD7lZ907BnOibz12hM=", "IntermediaryCity": "Delhi"}, "Form_ITR4": {"FormName": "ITR-4", "Description": "Indls, HUFs and Firms (other than LLP) having Inc u/s 44AD, 44ADA or 44AE", "AssessmentYear": "2022", "SchemaVer": "Ver1.0", "FormVer": "Ver1.0"}, "PersonalInfo": {"AssesseeName": {"SurNameOrOrgName": "SUJITHKUMAR"}, "Address": {"ResidenceNo": "A15, SAMVRITA", "ResidenceName": "GANGAIAMMAN KOIL STREET, VENGAIVASAL", "RoadOrStreet": "Selaiyur S.O", "LocalityOrArea": "Selaiyur", "CityOrTownOrDistrict": "KANCHIPURAM", "StateCode": "29", "CountryCode": "91", "PinCode": 600073, "CountryCodeMobile": 91, "MobileNo": 9003050645, "CountryCodeMobileNoSec": 91, "MobileNoSec": 9176987939, "EmailAddress": "shiva.sujith2000@gmail.com", "EmailAddressSec": "sarklconstruction@gmail.com"}, "PAN": "DBYPS1541C", "DOB": "1988-05-20", "EmployerCategory": "NA", "Status": "I", "AadhaarCardNo": "410995724969"}, "FilingStatus": {"ReturnFileSec": 12, "NewTaxRegime": "N", "OptingNewTaxRegime": 2, "SeventhProvisio139": "N", "DepAmtAggAmtExcd1CrPrYrFlg": "N", "IncrExpAggAmt2LkTrvFrgnCntryFlg": "N", "IncrExpAggAmt1LkElctrctyPrYrFlg": "N", "clauseiv7provisio139i": "N", "AsseseeRepFlg": "N"}, "IncomeDeductions": {"AllwncExemptUs10": {"TotalAllwncExemptUs10": 0}, "OthersInc": {"OthersIncDtlsOthSrc": [{"DividendInc": {"DateRange": {"Upto15Of6": 67, "Upto15Of9": 0, "Up16Of9To15Of12": 0, "Up16Of12To15Of3": 0, "Up16Of3To31Of3": 0}}, "OthSrcNatureDesc": "DIV", "OthSrcOthAmount": 67}, {"NOT89A": [{"NOT89ACountrycode": "US", "NOT89AAmount": 0}], "OthSrcNatureDesc": "IFD", "OthSrcOthAmount": 106255}]}, "UsrDeductUndChapVIA": {"Section80C": 150000, "Section80CCC": 0, "Section80CCDEmployeeOrSE": 0, "Section80CCD1B": 0, "Section80CCDEmployer": 0, "Section80D": 18255, "Section80DD": 0, "Section80DDB": 0, "Section80E": 0, "Section80GG": 0, "Section80GGC": 0, "Section80U": 0, "Section80TTA": 0, "Section80TTB": 0, "TotalChapVIADeductions": 168255, "Section80G": 0}, "DeductUndChapVIA": {"Section80C": 150000, "Section80CCC": 0, "Section80CCDEmployeeOrSE": 0, "Section80CCD1B": 0, "Section80CCDEmployer": 0, "Section80D": 18255, "Section80DD": 0, "Section80DDB": 0, "Section80E": 0, "Section80EE": 0, "Section80EEA": 0, "Section80EEB": 0, "Section80G": 0, "Section80GG": 0, "Section80GGC": 0, "Section80U": 0, "Section80TTA": 0, "Section80TTB": 0, "TotalChapVIADeductions": 168255}, "IncomeFromBusinessProf": 1877325, "GrossSalary": 0, "IncomeNotified89A": 0, "NetSalary": 0, "DeductionUs16": 0, "DeductionUs16ia": 0, "EntertainmntalwncUs16ii": 0, "IncomeFromSal": 0, "TypeOfHP": "S", "GrossRentReceived": 0, "AnnualValue": 0, "AnnualValue30Percent": 0, "InterestPayable": 200000, "TotalIncomeOfHP": -200000, "IncomeOthSrc": 106322, "DeductionUs57iia": 0, "Increliefus89AOS": 0, "GrossTotIncome": 1783647, "TotalIncome": 1615390}, "TaxComputation": {"IntrstPay": {"IntrstPayUs234A": 1615, "IntrstPayUs234B": 2907, "IntrstPayUs234C": 323, "LateFilingFee234F": 5000}, "TotalTaxPayable": 297117, "Rebate87A": 0, "TaxPayableOnRebate": 297117, "EducationCess": 11885, "GrossTaxLiability": 309002, "Section89": 0, "NetTaxLiability": 309002, "TotTaxPlusIntrstPay": 318847}, "TaxPaid": {"TaxesPaid": {"AdvanceTax": 0, "TDS": 276609, "TCS": 0, "SelfAssessmentTax": 42250, "TotalTaxesPaid": 318859}, "BalTaxPayable": 0}, "Refund": {"BankAccountDtls": {"AddtnlBankDetails": [{"IFSCCode": "ICIC0003225", "BankName": "ICICI BANK LIMITED", "BankAccountNo": "322505500009", "UseForRefund": "false"}, {"IFSCCode": "SBIN0007948", "BankName": "STATE BANK OF INDIA", "BankAccountNo": "34953806898", "UseForRefund": "false"}, {"IFSCCode": "UTIB0000083", "BankName": "AXIS BANK", "BankAccountNo": "913010023492125", "UseForRefund": "true"}, {"IFSCCode": "MAHB0000571", "BankName": "BANK OF MAHARASHTRA", "BankAccountNo": "60408582386", "UseForRefund": "false"}, {"IFSCCode": "ICIC0001554", "BankName": "ICICI BANK LIMITED", "BankAccountNo": "155401501044", "UseForRefund": "false"}, {"IFSCCode": "SBIN0007948", "BankName": "STATE BANK OF INDIA", "BankAccountNo": "38587500424", "UseForRefund": "false"}, {"IFSCCode": "SBIN0007948", "BankName": "STATE BANK OF INDIA", "BankAccountNo": "38584685420", "UseForRefund": "false"}, {"IFSCCode": "VIJB0003125", "BankName": "VIJAYA BANK", "BankAccountNo": "312500301000057", "UseForRefund": "false"}]}, "RefundDue": 10}, "Schedule80G": {"Don100Percent": {"TotDon100PercentCash": 0, "TotDon100PercentOtherMode": 0, "TotDon100Percent": 0, "TotEligibleDon100Percent": 0}, "Don50PercentNoApprReqd": {"TotDon50PercentNoApprReqdCash": 0, "TotDon50PercentNoApprReqdOtherMode": 0, "TotDon50PercentNoApprReqd": 0, "TotEligibleDon50Percent": 0}, "Don100PercentApprReqd": {"TotDon100PercentApprReqdCash": 0, "TotDon100PercentApprReqdOtherMode": 0, "TotDon100PercentApprReqd": 0, "TotEligibleDon100PercentApprReqd": 0}, "Don50PercentApprReqd": {"TotDon50PercentApprReqdCash": 0, "TotDon50PercentApprReqdOtherMode": 0, "TotDon50PercentApprReqd": 0, "TotEligibleDon50PercentApprReqd": 0}, "TotalDonationsUs80GCash": 0, "TotalDonationsUs80GOtherMode": 0, "TotalDonationsUs80G": 0, "TotalEligibleDonationsUs80G": 0}, "Schedule80D": {"Sec80DSelfFamSrCtznHealth": {"SeniorCitizenFlag": "N", "SelfAndFamily": 18255, "HealthInsPremSlfFam": 18255, "SelfAndFamilySeniorCitizen": 0, "ParentsSeniorCitizenFlag": "P", "Parents": 0, "ParentsSeniorCitizen": 0, "EligibleAmountOfDedn": 18255}}, "TaxExmpIntIncDtls": {"OthersInc": {"OthersTotalTaxExe": 0}}, "Verification": {"Declaration": {"AssesseeVerName": " SUJITHKUMAR", "FatherName": "SIVAMOORTHY", "AssesseeVerPAN": "DBYPS1541C"}, "Capacity": "S", "Place": "49.204.118.172"}, "ScheduleBP": {"NatOfBus44AD": [{"NameOfBusiness": "SARKL CONSTRUCTION", "CodeAD": "06010"}], "PersumptiveInc44AD": {"GrsTrnOverBank": 19768160, "PersumptiveInc44AD6Per": 1877325, "TotPersumptiveInc44AD": 1877325}, "PersumptiveInc44ADA": {"GrsReceipt": 0, "TotPersumptiveInc44ADA": 0}, "PersumptiveInc44AE": {"TotPersumInc44AE": 0, "TotalPersumptiveInc": 0, "IncChargeableUnderBus": 1877325}, "FinanclPartclrOfBusiness": {"SundryCreditors": 5175543, "TotCapLiabilities": 5175543, "Inventories": 22423095, "SundryDebtors": 6506619, "BalWithBanks": 15909, "CashInHand": 175151, "TotalAssets": 29120774}, "TotalTurnoverGrsRcptGSTIN": 0}, "ScheduleIT": {"TaxPayment": [{"BSRCode": "0011349", "DateDep": "2022-12-29", "SrlNoOfChaln": 13072, "Amt": 42250}], "TotalTaxPayments": 42250}, "ScheduleTCS": {"TotalSchTCS": 0}, "TDSonSalaries": {"TotalTDSonSalaries": 0}, "TDSonOthThanSals": {"TDSonOthThanSalDtls": [{"TANOfDeductor": "CHES01214D", "BroughtFwdTDSAmt": 0, "TDSDeducted": 17171, "TDSClaimed": 17171, "GrossAmount": 858552, "HeadOfIncome": "BP", "TDSCreditCarriedFwd": 0}, {"TANOfDeductor": "CHES38656C", "BroughtFwdTDSAmt": 0, "TDSDeducted": 4885, "TDSClaimed": 4885, "GrossAmount": 345749, "HeadOfIncome": "BP", "TDSCreditCarriedFwd": 0}, {"TANOfDeductor": "CHER10179B", "BroughtFwdTDSAmt": 0, "TDSDeducted": 6203, "TDSClaimed": 6203, "GrossAmount": 620250, "HeadOfIncome": "BP", "TDSCreditCarriedFwd": 0}, {"TANOfDeductor": "BLRS02335E", "BroughtFwdTDSAmt": 0, "TDSDeducted": 131508, "TDSClaimed": 131508, "GrossAmount": 6575396, "HeadOfIncome": "BP", "TDSCreditCarriedFwd": 0}, {"TANOfDeductor": "DELI04124B", "BroughtFwdTDSAmt": 0, "TDSDeducted": 2687, "TDSClaimed": 2687, "GrossAmount": 134349, "HeadOfIncome": "BP", "TDSCreditCarriedFwd": 0}, {"TANOfDeductor": "CHEG15204A", "BroughtFwdTDSAmt": 0, "TDSDeducted": 72837, "TDSClaimed": 72837, "GrossAmount": 7283735, "HeadOfIncome": "BP", "TDSCreditCarriedFwd": 0}, {"TANOfDeductor": "CHEH04935A", "BroughtFwdTDSAmt": 0, "TDSDeducted": 39015, "TDSClaimed": 39015, "GrossAmount": 3901508, "HeadOfIncome": "BP", "TDSCreditCarriedFwd": 0}, {"TANOfDeductor": "CHEM07576C", "BroughtFwdTDSAmt": 0, "TDSDeducted": 2303, "TDSClaimed": 2303, "GrossAmount": 230334, "HeadOfIncome": "BP", "TDSCreditCarriedFwd": 0}], "TotalTDSonOthThanSals": 276609}, "ScheduleTDS3Dtls": {"TotalTDS3Details": 0}}}}