{"ITR": {"ITR6": {"CreationInfo": {"SWVersionNo": "R7", "SWCreatedBy": "SW00012223", "JSONCreatedBy": "SW00012223", "JSONCreationDate": "2022-12-31", "Digest": "mexj4VvWNyMsmbjlJdT0G5XC3nuSpYAZqlNmyb7jSVQ=", "IntermediaryCity": "Delhi"}, "Form_ITR6": {"FormName": "ITR-6", "Description": "For Companies other than companies claiming exemption under section 11", "AssessmentYear": "2022", "SchemaVer": "Ver1.0", "FormVer": "Ver1.0"}, "PartA_GEN1": {"OrgFirmInfo": {"AssesseeName": {"SurNameOrOrgName": "RICHYIELD IRM PRIVATE LIMITED"}, "Address": {"Phone": {"STDcode": 91, "PhoneNo": 0}, "ResidenceNo": "29 KINDWAIPURI ", "ResidenceName": "29", "LocalityOrArea": "Phulwari", "CityOrTownOrDistrict": "PATNA", "StateCode": "05", "CountryCode": "91", "PinCode": 800001, "CountryCodeMobile": 91, "MobileNo": 9334833074, "CountryCodeMobileNoSec": 91, "MobileNoSec": 8789645139, "EmailAddress": "richyield.irm@gmail.com"}, "PAN": "AAICR3403P", "CINissuedByMCA": "U74999BR2017PTC034789", "DateOFFormOrIncorp": "2017-06-06", "DateofBusCommencement": "2017-06-06", "StatusOrCompanyType": "7", "DomesticCompFlg": "Y"}, "FilingStatus": {"ReturnFileSec": {"IncomeTaxSec": 12}, "ResidentialStatus": "RES", "Section115BA": "NA", "Section115CurrAY": "N", "GrossReceipt": "N", "ResidentSec90": "N", "NRI_PE": "N", "FinancialStmtFlag": "N", "IsIfsc": "N", "UnderLiquidation": "N", "FiiFpiFlag": "N", "Sec581AFlag": "N", "AsseseeRepFlg": "N", "StartUpDPIITFlag": "N", "InterMinisterialCertFlag": "N", "Form2AccordPara5DPIITFlag": "N"}}, "PartA_GEN2For6": {"AuditInfo": {"AuditReportFurnishDate": "2022-09-02", "AuditorName": "CA Kamendra Kumar Singh", "AuditorMemNo": "052939", "AudFrmName": "M/S SINGH RAY MISHRA & CO.", "AudFrmRegNo": "0318121E", "AudFrmPAN": "AAIFS9174K", "AuditDate": "2022-09-02"}, "AuditReportDetails": [{"AuditReportAct": "6", "AuditReportSection": "143", "OtherITActFlag": "Y", "AuditReportDate": "2022-09-02"}], "HoldingStatus": {"NatOfCompFlg": "4"}, "KeyPersons": [{"AddressDetailWithZipCode": {"AddrDetail": "Kidwaipuri", "CityOrTownOrDistrict": "Patna", "StateCode": "05", "CountryCode": "91", "PinCode": 800001}, "PersonName": "ATUL PARASHAR", "Designation": "DIR", "KeyPerPAN": "AHZPP4351M", "DirectorIdNo": "02312644"}, {"AddressDetailWithZipCode": {"AddrDetail": "Kidwaipuri", "CityOrTownOrDistrict": "Patna", "StateCode": "05", "CountryCode": "91", "PinCode": 800001}, "PersonName": "ASHISH PARASHAR", "Designation": "DIR", "KeyPerPAN": "AHZPP4357P", "DirectorIdNo": "02312677"}, {"AddressDetailWithZipCode": {"AddrDetail": "Kidwaipuri", "CityOrTownOrDistrict": "Patna", "StateCode": "05", "CountryCode": "91", "PinCode": 800001}, "PersonName": "SHIKHA PRAKASH", "Designation": "DIR", "KeyPerPAN": "CMXPP0053M", "DirectorIdNo": "08784485"}], "ShareHolderInfo": [{"AddressDetailWithZipCode": {"AddrDetail": "KIDWAIPURI", "CityOrTownOrDistrict": "PATNA", "StateCode": "05", "CountryCode": "91", "PinCode": 800001}, "ShareHolderInfoName": "ATUL PARASHAR", "PercentageOfShare": 34, "ShareHolderPAN": "AHZPP4351M"}, {"AddressDetailWithZipCode": {"AddrDetail": "KIDWAIPURI", "CityOrTownOrDistrict": "PATNA", "StateCode": "05", "CountryCode": "91", "PinCode": 800001}, "ShareHolderInfoName": "ASHISH PARASHAR", "PercentageOfShare": 33, "ShareHolderPAN": "AHZPP4357P"}, {"AddressDetailWithZipCode": {"AddrDetail": "KIDWAIPURI", "CityOrTownOrDistrict": "PATNA", "StateCode": "05", "CountryCode": "91", "PinCode": 800001}, "ShareHolderInfoName": "SHIKHA PRAKASH", "PercentageOfShare": 33, "ShareHolderPAN": "CMXPP0053M"}], "NatureOfComp": {"PubSectCompUs2_36AFlg": "N", "RBICompFlg": "N", "CompLes40PercSharGovRBIFlg": "N", "BankCompUs5Flg": "N", "SchedBankOfRBIActFlg": "N", "CompWithIRDARegisterFlg": "N", "NonBankFIICompFlg": "N", "CompanyUnlistedFlag": "N"}, "NatOfBus": {"NatureOfBusiness": [{"Code": "21008", "TradeName1": "RICHYIELD IRM PVT. LTD."}]}, "LiableSec44AAflg": "Y", "IncDclrdUs": "N", "TotalSalesExcOneCr": "N", "AgrOFAllAmtsRcvd": "N", "AgrOFAllPayMade": "N", "LiableSec44ABflg": "Y", "AuditedByAccountantFlg": "Y", "LiableSec92Eflg": "N", "AccountAuditFlag": "N"}, "PARTA_BSFor6FrmAY13": {"EquityAndLiablities": {"ShareHolderFund": {"ShareCapital": {"Authorised": 1500000, "IssuedSubsPaidUp": 100000, "SubscribedNotFullyPaid": 0, "TotShareCapital": 100000}, "ResrNSurp": {"CapResr": 0, "CapRedempResr": 0, "SecurPremResr": 0, "DebunRedResr": 0, "RevResr": 0, "ShareOptOSAmount": 0, "OtherResrvTotal": 0, "PLAccount": 1602269, "TotResrNSurp": 1602269}, "MoneyRecvdAgainstShares": 0, "TotShareHolderFund": 1702269}, "ShareAppMoneyAllot": {"PendingLtOneYr": 0, "PendingMtOneYr": 0, "Total": 0}, "NonCurrLiabilities": {"LongTermBorrowings": {"BondsDebentures": {"ForeignCurrency": 0, "Rupee": 0, "Total": 0}, "TermLoans": {"RupeeLoans": {"FromBanks": 328395, "FromOthers": 4303430, "Total": 4631825}, "ForeignCurrency": 0, "TotalTermLoans": 4631825}, "DeferredPymtLiabilities": 0, "DepositsFrmRelatedParties": 0, "OtherDeposits": 0, "LoansAndAdv": 0, "OthersLoanAdv": 764050, "LongTermMaturities": 0, "TotalLTBorrowings": 5395875}, "OthLongTermLiablities": {"TradePayables": 0, "Others": 0, "TotalOthLtLiabilities": 0}, "LongTermProvisions": {"ProvEmpBenefits": 0, "Others": 0, "Total": 0}, "NetDefferedTaxLiability": 0, "TotalNonCurrLiabilites": 5395875}, "CurrentLiabilities": {"ShortTrmBorrowings": {"LoansRepaybleOnDemand": {"FromBanks": 0, "FrmNonBanking": 0, "OthFinanceInst": 0, "Others": 0, "TotLoansRepaybleOnDemand": 0}, "DepositsFrmRelatedParties": 0, "LoansAndAdv": 0, "OthLoansAndAdv": 823917, "OthDeposits": 0, "TotShortTrmBorrowings": 823917}, "TradePayables": {"OSMoreThanOneYr": 0, "Others": 894618, "TotalTradePayables": 894618}, "OthCurrLiabilities": {"CurrMatOnLTDebt": 0, "CurrMatFinanceOblg": 0, "AccrInterestNotDue": 0, "AccrInterest": 0, "IncRecvdAdvance": 0, "UnpaidDividend": 0, "AppMonyRecvdAllotSecurities": 0, "UnpaidMatDeposits": 0, "UnpaidMatureDebenture": 0, "OthPayables": 252231, "TotOthCurrLiabilities": 252231}, "ShortTermProv": {"EmpBenefitProv": 0, "ITProvision": 1097967, "ProposedDividend": 0, "TaxOnDividend": 0, "OthProvision": 0, "TotShortTermProvisions": 1097967}, "TotCurrLiabilitiesProvision": 3068733}, "TotEquityAndLiabilities": 10166877}, "Assets": {"NonCurrAssets": {"FixedAsset": {"Tangible": {"GrossBlock": 7889106, "Depreciation": 1600051, "ImpairmentLosses": 0, "NetBlock": 6289055}, "InTangible": {"GrossBlock": 0, "Amortization": 0, "ImpairmentLosses": 0, "NetBlock": 0}, "CapWrkProg": 0, "IntangibleAssetUnDev": 0, "TotFixedAsset": 6289055}, "NonCurrInvstmnts": {"EquityInstruments": {"ListedEquities": 0, "UnListedEquities": 0, "Total": 0}, "InvInProperty": 0, "PreferenceShares": 0, "GovtOrTrustSecurities": 0, "DebenturesOrBonds": 0, "MutualFunds": 0, "InvstmntInPrtnrShipFirm": 0, "OtherInvstmnts": 215000, "TotNonCurrInvstmnts": 215000}, "LongTrmLoanAdv": {"LTLoanAdvDtls": {"BusOrProf": 0, "NotForBusOrProf": 0, "ShareHolderUs2_22": 0}, "CapitalAdv": 0, "SecurityDeposits": 0, "LoanAdvRelatedParties": 0, "OthLoanAdv": 818162, "TotLTLoanAdv": 818162}, "OthNonCurrAssets": {"LTTradeReceivables": {"Secured": 0, "Unsecured": 0, "Doubtful": 0, "TotOthNonCurrAssets": 0}, "Others": 0, "Total": 0, "NonCurrAssetUs2_22": 0}, "NetDeferredTaxAssets": 21575, "TotNonCurrAssets": 7343792}, "CurrentAssets": {"CurrInvstmnts": {"EquityInstruments": {"ListedEquities": 0, "UnListedEquities": 0, "Total": 0}, "PreferenceShares": 0, "GovtOrTrustSecurities": 0, "DebenturesOrBonds": 0, "MutualFunds": 0, "InvstmntInPrtnrShipFirm": 0, "OtherInvstmnts": 0, "TotCurrInvstmnts": 0}, "Inventories": {"RawMatl": 0, "WorkInProgress": 0, "FinOrTradGood": 781007, "StkInTrade": 0, "StoresConsumables": 0, "LooseTools": 0, "Others": 0, "TotInventries": 781007}, "TradeReceivables": {"OSMoreThanSixMonths": 0, "Others": 148373, "TotalTradeReceivables": 148373}, "CashNCashEquivalents": {"BalWithBanks": 196343, "ChequesDrafts": 0, "CashInHand": 20928, "Others": 0, "TotCashNCashEquivalents": 217271}, "TotShortTermLoanAdv": {"STLoanAdvDtls": {"BusOrProf": 0, "NotForBusOrProf": 0, "ShareHolderUs2_22": 0}, "LoanAdv": 0, "Others": 1676434, "TotShrtTermLoans": 1676434}, "OtherCurrAssets": 0, "TotCurrAssets": 2823085}}, "TotalAssets": 10166877}, "PARTA_BSIndAS": {"EquityAndLiablities": {"Equity": {"EquityShareCapital": {"Authorised": 0, "IssuedSubsPaidUp": 0, "SubscribedNotFullyPaid": 0, "TotShareCapital": 0}, "OtherEquityReserv": {"CapRedempResr": 0, "DebunRedResr": 0, "ShareOptOSAmount": 0, "TotalOtherResrv": 0, "RetainedEarngs": 0, "TotResrNRetEar": 0, "TotalEquity": 0}}, "Liabilities": {"NonCurrLiabilities": {"FinancialLiabilities": {"BondsDebentures": {"ForeignCurrency": 0, "Rupee": 0, "Total": 0}, "TermLoans": {"RupeeLoans": {"FromBanks": 0, "FromOthers": 0, "Total": 0}, "ForeignCurrency": 0, "TotalTermLoans": 0}, "DeferredPymtLiabilities": 0, "Deposits": 0, "LoansReltdParties": 0, "LongTermMaturities": 0, "LiabilityComp": 0, "OtherLoans": 0, "TotalLTBorrowings": 0, "TradePayables": 0, "OtherFinancialLiab": 0}, "Provisions": {"ProvEmpBenefits": 0, "TotalProvisions": 0}, "OtherNonCurLiabilites": {"Advances": 0, "TotalOthNonCurrLiab": 0}, "DefrdTaxCurrLiabilites": 0, "TotalNonCurrLiab": 0}, "CurrentLiabilities": {"FinancialLiabBorrowings": {"LoansRepaybleOnDemand": {"FromBanks": 0, "FrmOtherParties": 0, "TotLoansRepaybleOnDemand": 0}, "LoansFrmRelatedParties": 0, "Deposits": 0, "TotalBorrowings": 0, "TradePayables": 0}, "OthFinancialLiabilities": {"CurrMatOnLTDebt": 0, "CurrMatFinanceOblg": 0, "AccrInterest": 0, "UnpaidDividend": 0, "AppMonyRecvdAllotSecurities": 0, "UnpaidMatDeposits": 0, "UnpaidMatureDebenture": 0, "TotOthFinancialLiab": 0}, "OtherCuurLiabilities": {"RevenueRecvdAdvance": 0, "OthersAdvTotal": 0, "TotalOthCurrLiab": 0}, "Provosions": {"ProvosionEmpBenft": 0, "TotalProvosions": 0}, "TottalFinancialLiab": 0, "CurrTaxLiabilities": 0, "TotalCurrentLiab": 0, "TotalEquityLiab": 0}}}, "Assets": {"NonCurrAssets": {"PropertyPlantEquip": {"FinancialAssets": {"Investments": {"ListedEquities": 0, "UnListedEquities": 0, "Total": 0, "InvstPrfShares": 0, "InvstGovtTrust": 0, "InvstInDebenture": 0, "InvstInMutualFunds": 0, "InvstInPartnershpFirm": 0, "TotalNonCurrentInvst": 0}, "TradeReceivables": {"SecuredConsGoods": 0, "UnSecuredConsGoods": 0, "Doubtful": 0, "TotalTradeReceivbls": 0}, "Loans": {"SecurityDepsts": 0, "LoansRltdParties": 0, "TotalLoans": 0, "LoansBPPurpose": 0, "LoansNotBPPurpose": 0, "LoansToShrHolders": 0}, "OtherFinacialAssets": {"BankDeposits": 0, "OtherDeposits": 0, "TotalOthFinancialAsst": 0, "DefrdTaxAsst": 0}, "OtherNonCurrentAssets": {"CapitalAdvanc": 0, "AdvancOthCapital": 0, "TotalNonCurrAsst": 0, "NonCurrAsstDueShrHldr": 0}, "TotalNonCurrntAsst": 0}, "GrossBlock": 0, "Depreciation": 0, "ImpairmentLosses": 0, "NetBlock": 0, "CapWrkProg": 0, "InvstPropGrossBlock": 0, "InvstPropDepreciation": 0, "InvstPropImprLosses": 0, "InvstPropNetBlock": 0, "GoodWlGrossBlock": 0, "GoodWlImprLosses": 0, "GoodWlNetBlock": 0, "OthIntAstGrossBlock": 0, "OthIntAstAmortisation": 0, "OthIntAstImprLosses": 0, "OthIntAstNetBlock": 0, "IntAstUndrDevlpmnt": 0, "BioAstGrossBlock": 0, "BioAstImprLosses": 0, "BioAstNetBlock": 0}}, "CurrentAssets": {"Inventories": {"RawMaterials": 0, "WorkInProgress": 0, "FinishedGoods": 0, "StockInTrade": 0, "StoresSpares": 0, "LooseTools": 0, "Others": 0, "TotalInventories": 0}, "FinancialAssets": {"Investments": {"ListedEquities": 0, "UnListedEquities": 0, "Total": 0, "InvstPrfShares": 0, "InvstGovtTrust": 0, "InvstInDebenture": 0, "InvstInMutualFunds": 0, "InvstInPartnershpFirm": 0, "OtherInvestment": 0, "TotalCurrentInvst": 0}, "TradeReceivables": {"SecuredConsGoods": 0, "UnSecuredConsGoods": 0, "Doubtful": 0, "TotalTradeReceivbls": 0}, "CashEquivalents": {"BalancesWithBanks": 0, "ChequeDraftsInHand": 0, "CashOnHand": 0, "TotalCashEquivalents": 0, "BankBalanceOther": 0}, "Loans": {"SecurityDepsts": 0, "LoansRltdParties": 0, "TotalLoans": 0, "LoansBPPurpose": 0, "LoansNotBPPurpose": 0, "LoansToShrHolders": 0}, "OtherCurrentAssets": {"AdvancOthCapital": 0, "TotalOthCurrentAsst": 0, "TotalCurrAsst": 0}, "OtherFinancialAsst": 0, "TotalFinancialAsst": 0, "CurrentTaxAsst": 0}}}, "TotalAssets": 0}, "ManufacturingAccount": {"OpeningInventory": {"OpngStckRawMat": 0, "OpngStckWrkinPrgrs": 0, "OpngInvntryTotal": 0, "DirectExpenses": 0, "TotalFactoryOverheads": 0, "TotalDebtsManfctrngAcc": 0}, "ClosingStock": {"ClsngStckTotal": 0}, "CostOfGoodsPrdcd": 0}, "TradingAccount": {"ExciseCustomsVAT": {"TotExciseCustomsVAT": 0}, "DutyTaxPay": {"ExciseCustomsVAT": {"TotExciseCustomsVAT": 0}}, "OperatingRevenueTotal": 0, "SalesGrossReceiptsTotal": 0, "TotRevenueFrmOperations": 0, "TardingAccTotCred": 0, "DirectExpenses": 0, "TotOthDirectExpenses": 0, "GoodsCostPrdcdFrmMA": 0, "GrossProfitFrmBusProf": 0}, "PARTA_PL": {"CreditsToPL": {"OthIncome": {"RentInc": 26607790, "Comissions": 0, "Dividends": 0, "InterestInc": 0, "ProfitOnSaleFixedAsset": 0, "ProfitOnInvChrSTT": 0, "ProfitOnOthInv": 0, "ProfitOnCurrFluct": 0, "ProfitOnCnvInvntryToCapAsst": 0, "ProfitOnAgriIncome": 0, "MiscOthIncome": 0, "TotOthIncome": 26607790}, "GrossProfitTrnsfFrmTrdAcc": 0, "TotCreditsToPL": 26607790}, "DebitsToPL": {"DebitPlAcnt": {"EmployeeComp": {"SalsWages": 0, "Bonus": 0, "MedExpReimb": 0, "LeaveEncash": 0, "LeaveTravelBenft": 0, "ContToSuperAnnFund": 0, "ContToPF": 0, "ContToGratFund": 0, "ContToOthFund": 0, "OthEmpBenftExpdr": 0, "TotEmployeeComp": 0}, "Insurances": {"MedInsur": 0, "LifeInsur": 0, "KeyManInsur": 0, "OthInsur": 0, "TotInsurances": 0}, "CommissionExpdrDtls": {"NonResOtherCompany": 0, "Others": 0, "Total": 0}, "RoyalityDtls": {"NonResOtherCompany": 0, "Others": 0, "Total": 0}, "ProfessionalConstDtls": {"NonResOtherCompany": 0, "Others": 0, "Total": 0}, "RatesTaxesPays": {"ExciseCustomsVAT": {"TotExciseCustomsVAT": 0}}, "BadDebtDtls": {"BadDebtAmtDtlsTotal": 0, "OthersPANNotAvlblDtlTotal": 0, "OthersAmtLt1Lakh": 0, "BadDebt": 0}, "InterestExpdrtDtls": {"NonResOtherCompany": 0, "Others": 0, "InterestExpdr": 0}, "Freight": 21666492, "ConsumptionOfStores": 0, "PowerFuel": 0, "RentExpdr": 0, "RepairsBldg": 0, "RepairMach": 0, "StaffWelfareExp": 0, "Entertainment": 0, "Hospitality": 0, "Conference": 0, "SalePromoExp": 0, "Advertisement": 0, "HotelBoardLodge": 0, "TravelExp": 0, "ForeignTravelExp": 0, "ConveyanceExp": 0, "TelephoneExp": 0, "GuestHouseExp": 0, "ClubExp": 0, "FestivalCelebExp": 0, "Scholarship": 0, "Gift": 0, "Donation": 0, "AuditFee": 0, "OtherExpenses": 0, "ProvForBadDoubtDebt": 0, "OthProvisionsExpdr": 0, "PBIDTA": 4941298, "DepreciationAmort": 985733, "PBT": 3955565}, "TaxProvAppr": {"Appropriations": {"TrfToReserves": 0, "TotAppropriations": 0}, "ProvForCurrTax": 0, "ProvDefTax": 0, "ProfitAfterTax": 3955565, "BalBFPrevYr": 0, "AmtAvlAppr": 3955565, "PartnerAccBalTrf": 3955565}}, "NoBooksOfAccPLDetails": [{"Section": "44B"}, {"Section": "44BB"}, {"Section": "44BBA"}, {"Section": "44BBB"}, {"Section": "44D"}], "NoBooksOfAccPL": {"GrossReceipt": 0, "NetProfit": 0}, "TotalNumOfMonths": 0, "TotalPrsumptvIncUs44EGoods": 0, "TotalPrsumptvIncUs44E": 0}, "PARTA_PLIndAS": {"CreditsToPL": {"OthIncome": {"RentInc": 0, "Comissions": 0, "Dividends": 0, "InterestInc": 0, "ProfitOnSaleFixedAsset": 0, "ProfitOnInvChrSTT": 0, "ProfitOnOthInv": 0, "ProfitOnCurrFluct": 0, "ProfitOnCnvInvntryToCapAsst": 0, "ProfitOnAgriIncome": 0, "MiscOthIncome": 0, "TotOthIncome": 0}, "GrossProfitTrnsfFrmTrdAcc": 0, "TotCreditsToPL": 0}, "DebitsToPL": {"DebitPlAcnt": {"EmployeeComp": {"SalsWages": 0, "Bonus": 0, "MedExpReimb": 0, "LeaveEncash": 0, "LeaveTravelBenft": 0, "ContToSuperAnnFund": 0, "ContToPF": 0, "ContToGratFund": 0, "ContToOthFund": 0, "OthEmpBenftExpdr": 0, "TotEmployeeComp": 0}, "Insurances": {"MedInsur": 0, "LifeInsur": 0, "KeyManInsur": 0, "OthInsur": 0, "TotInsurances": 0}, "CommissionExpdrDtls": {"NonResOtherCompany": 0, "Others": 0, "Total": 0}, "RoyalityDtls": {"NonResOtherCompany": 0, "Others": 0, "Total": 0}, "ProfessionalConstDtls": {"NonResOtherCompany": 0, "Others": 0, "Total": 0}, "RatesTaxesPays": {"ExciseCustomsVAT": {"TotExciseCustomsVAT": 0}}, "BadDebtDtls": {"BadDebtAmtDtlsTotal": 0, "OthersPANNotAvlblDtlTotal": 0, "OthersAmtLt1Lakh": 0, "BadDebt": 0}, "InterestExpdrtDtls": {"NonResOtherCompany": 0, "Others": 0, "InterestExpdr": 0}, "Freight": 0, "ConsumptionOfStores": 0, "PowerFuel": 0, "RentExpdr": 0, "RepairsBldg": 0, "RepairMach": 0, "StaffWelfareExp": 0, "Entertainment": 0, "Hospitality": 0, "Conference": 0, "SalePromoExp": 0, "Advertisement": 0, "HotelBoardLodge": 0, "TravelExp": 0, "ForeignTravelExp": 0, "ConveyanceExp": 0, "TelephoneExp": 0, "GuestHouseExp": 0, "ClubExp": 0, "FestivalCelebExp": 0, "Scholarship": 0, "Gift": 0, "Donation": 0, "AuditFee": 0, "OtherExpenses": 0, "ProvForBadDoubtDebt": 0, "OthProvisionsExpdr": 0, "PBIDTA": 0, "DepreciationAmort": 0, "PBT": 0}, "TaxProvAppr": {"Appropriations": {"TrfToReserves": 0}, "ProvForCurrTax": 0, "ProvDefTax": 0, "ProfitAfterTax": 0, "BalBFPrevYr": 0, "AmtAvlAppr": 0, "PartnerAccBalTrf": 0}}}, "PARTA_OI": {"MethodOfValClgStk": {"ValRawMaterial": "1", "ValFinishedGoods": "1", "ChngStockValMetFlg": "N"}, "NoCredToPLAmt": {"Section28Items": 0, "ProformaCreditsDue": 0, "PrevYrEscalClaim": 0, "OthItemInc": 0, "CapReceipt": 0, "TotNoCredToPLAmt": 0}, "AmtDisallUs36": {"NoOfEmployeesEmployed": {"DeployedInIndia": 0, "DeployedOutSideIndia": 0, "Total": 0}, "StkInsurPrem": 0, "EmpHealthInsurPrem": 0, "EmpBonusCommSum": 0, "IntOnBorrCap": 0, "ZeroCoupBondDisc": 0, "RecogPFContribAmt": 0, "AppSuperAnnFundAmt": 0, "PensionSchemeSec80CCD": 0, "AppGratFundAmt": 0, "OthFundAmt": 0, "EmpContributionCredits": 0, "BadDebtDoubtAmt": 0, "BadDebtDoubtProvn": 0, "SpecResrvTranfr": 0, "FamPlanPromoExp": 0, "SecuritiesPaidAmt": 0, "MrktLossOthExpLossICDS": 0, "AnyOthDisallowance": 0, "TotAmtDisallUs36": 0}, "AmtDisallUs37": {"CapitalNatureExp": 0, "PersonalExp": 0, "BusOrProfessnExp": 0, "PoliticPartyExp": 0, "LawVoilatPenalExp": 0, "OthPenalFineExp": 0, "OffenceExp": 0, "SocialRespCSR": 0, "ContigentLiability": 0, "OthAmtNotAllowUs37": 0, "TotAmtDisallUs37": 0}, "AmtDisallUs40": {"NonCompChapXVIIBAmt": 0, "NonComp40aiaChapXVIIBAmt": 0, "NonComp40aibChapXVIIBAmt": 0, "NonComp40aiiiChapXVIIBAmt": 0, "TaxAmtOnProfits": 0, "WTAmt": 0, "RolyatyOrServiceFee": 0, "IntSalBonPartner": 0, "TotAmtDisallUs40": 0}, "AmtDisallUs40A": {"AmtPaidUs40A2b": 0, "AmtGT20kCash": 0, "ProvPmtGrat": 0, "ContToSetupTrust": 0, "TotAmtDisallUs40A": 0}, "AmtDisallUs43BPyNowAll": {"AmtUs43B": {"TaxDutyCesAmt": 0, "ContToEmpPFSFGF": 0, "EmpBonusComm": 0, "IntPayaleToFI": 0, "SumPayaleLoanBrToFinComp": 0, "IntPayaleToFISchBank": 0, "LeaveEncashPayable": 0, "TotAmtUs43b": 0}}, "AmtDisall43B": {"AmtUs43B": {"TaxDutyCesAmt": 0, "ContToEmpPFSFGF": 0, "EmpBonusComm": 0, "IntPayaleToFI": 0, "SumPayaleLoanBrToFinComp": 0, "IntPayaleToFISchBank": 0, "LeaveEncashPayable": 0, "RailwayAsstsPyble": 0, "TotAmtUs43b": 0}}, "AmtExciseCustomsVATOutstanding": {"ExciseCustomsVAT": {"TotExciseCustomsVAT": 0}}, "MethodOfAcct": "MERC", "ChangeInAcctMethFlg": "N", "ProfDeviatDueAcctMeth": 0, "DecProOrIncLossUs145_2": 0, "DeemedProfUs33ABs": 0, "ProfTaxAmtUs41": 0, "PriorAmtIncCrDrPL": 0, "AmountOfExpDisAllwUs14A": 0, "ScheduleTPSAFlg": "N"}, "CorpScheduleBP": {"BusinessIncOthThanSpec": {"IncRecCredPLOthHeadDtls": {"HouseProperty": 0, "CapitalGains": 0, "OtherSources": 0, "Dividend": 0, "OtherThanDividend": 0, "UnderSec115BBF": 0, "UnderSec115BBG": 0}, "ProfitLossInclRefrdSec": {"ProfitLossUs44AE": 0, "ProfitLossUs44B": 0, "ProfitLossUs44BB": 0, "ProfitLossUs44BBA": 0, "ProfitLossUs44BBB": 0, "ProfitLossUs44D": 0, "ProfitLossUs44DA": 0, "ProfitChapterXIIG": 0, "FirstSchITActOthr115B": 0}, "ProfitFrmActCvrd": {"ProfitFrmActCvrdUndrRule7": 0, "ProfitFrmActCvrdUndrRule7A": 0, "ProfitFrmActCvrdUndrRule7B1": 0, "ProfitFrmActCvrdUndrRule7B1A": 0, "ProfitFrmActCvrdUndrRule8": 0}, "IncCredPL": {"FirmShareInc": 0, "AOPBOISharInc": 0, "OthExempInc": 0, "TotExempInc": 0}, "ExpDebToPLOthHeadDtls": {"HouseProperty": 0, "CapitalGains": 0, "OtherSources": 0, "UnderSec115BBF": 0, "UnderSec115BBG": 0}, "DepreciationAllowITAct32": {"DepreciationAllowUs32_1_ii": 837092, "DepreciationAllowUs32_1_i": 0, "TotDeprAllowITAct": 837092}, "DeemedProfitBusUs": {"Section44AE": 0, "Section44B": 0, "Section44BB": 0, "Section44BBA": 0, "Section44BBB": 0, "Section44D": 0, "Section44DA": 0, "ChapterXIIG": 0, "FirstSchTActOther": 0, "TotDeemedProfitBusUs": 0}, "ProfBfrTaxPL": 3955565, "NetPLFromSpecBus": 0, "NetProfLossSpecifiedBus": 0, "PLUs44sChapXIIGOthrUs115B": 0, "PLUs44sChapXIIGUs115B": 0, "TotalProfitFrmActCvrd": 0, "BalancePLOthThanSpecBus": 3955565, "ExpDebToPLExemptInc": 0, "ExpDebToPLExemptIncDisAllwUs14A": 0, "TotExpDebPL": 0, "AdjustedPLOthThanSpecBus": 3955565, "DepreciationDebPLCosAct": 985733, "AdjustPLAfterDeprOthSpecInc": 4104206, "AmtDebPLDisallowUs36": 0, "AmtDebPLDisallowUs37": 0, "AmtDebPLDisallowUs40": 0, "AmtDebPLDisallowUs40A": 0, "AmtDebPLDisallowUs43B": 0, "InterestDisAllowUs23SMEAct": 0, "DeemIncUs41": 0, "DeemIncUs3380HHD80IA": 0, "DeemIncUs43CA": 0, "OthItemDisallowUs28To44DA": 0, "AnyOthIncNotInclInExpDisallowPL": 0, "SalaryExpDisallowPL": 0, "BonusExpDisallowPL": 0, "CommissionExpDisallowPL": 0, "InterestExpDisallowPL": 0, "OthersExpDisallowPL": 0, "IncProfDecLossAccICDSAdj": 0, "TotAfterAddToPLDeprOthSpecInc": 0, "DeductUs32_1_iii": 0, "Amt32AC": 0, "DebPLUs35ExcessAmt": 0, "AmtDisallUs40NowAllow": 0, "AmtDisallUs43BNowAllow": 0, "AnyOthAmtAllDeduct": 0, "DecProfIncLossAccICDSAdj": 0, "TotDeductionAmts": 0, "PLAftAdjDedBusOthThanSpec": 4104206, "NetPLAftAdjBusOthThanSpec": 4104206, "NetPLBusOthThanSpec7A7B7C": 4104206, "ChrgblIncUndrRule7": 0, "DeemedChrgblIncUndrRule7A": 0, "DeemedChrgblIncUndrRule7B1": 0, "DeemedChrgblIncUndrRule7B1A": 0, "DeemedChrgblIncUndrRule8": 0, "IncomeOtherThanRule": 4104206, "BalIncDeemedFrmAgri": 0}, "SpecBusinessInc": {"NetPLFrmSpecBus": 0, "AdditionUs28to44DA": 0, "DeductUs28to44DA": 0, "AdjustedPLFrmSpecuBus": 0}, "IncSpecifiedBusiness": {"NetPLFrmSpecifiedBus": 0, "AddSec28to44DA": 0, "DedSec28to44DAOTDedSec35AD": 0, "ProfitLossSpecifiedBusiness": 0, "DedSec35AD1": 0, "ProfitLossSpecifiedBusFinal": 0}, "BusSetoffCurrYr": {"SpeculativeInc": {"IncOfCurYrUnderThatHead": 0, "BusLossSetoff": 0, "IncOfCurYrAfterSetOff": 0}, "SpecifiedInc": {"IncOfCurYrUnderThatHead": 0, "BusLossSetoff": 0, "IncOfCurYrAfterSetOff": 0}, "ProfGainUs115B": {"IncOfCurYrUnderThatHead": 0, "BusLossSetoff": 0, "IncOfCurYrAfterSetOff": 0}, "LossSetOffOnBusLoss": 0, "TotLossSetOffOnBus": 0, "LossRemainSetOffOnBus": 0}, "IncChrgUnHdProftGain": 4104206}, "ScheduleDPM": {"PlantMachinery": {"Rate15": {"DepreciationDetail": {"WDVFirstDay": 3709094, "AdditionsGrThan180Days": 215000, "RealizationTotalPeriod": 0, "FullRateDeprAmt": 3924094, "AdditionsLessThan180Days": 3128059, "RealizationPeriodDuringYear": 0, "HalfRateDeprAmt": 3128059, "DepreciationAtFullRate": 588614, "DepreciationAtHalfRate": 234604, "TotalDepreciation": 823218, "DepDisAllowUs38_2": 0, "NetAggregateDepreciation": 823218, "ProportionateAggDepreciation": 0, "ExpdrOnTrforSaleAsset": 0, "CapGainUs50": 0, "WDVLastDay": 6228935}}, "Rate30": {"DepreciationDetail": {"WDVFirstDay": 0, "AdditionsGrThan180Days": 0, "RealizationTotalPeriod": 0, "FullRateDeprAmt": 0, "AdditionsLessThan180Days": 0, "RealizationPeriodDuringYear": 0, "HalfRateDeprAmt": 0, "DepreciationAtFullRate": 0, "DepreciationAtHalfRate": 0, "TotalDepreciation": 0, "DepDisAllowUs38_2": 0, "NetAggregateDepreciation": 0, "ProportionateAggDepreciation": 0, "ExpdrOnTrforSaleAsset": 0, "CapGainUs50": 0, "WDVLastDay": 0}}, "Rate40": {"DepreciationDetail": {"WDVFirstDay": 2879, "AdditionsGrThan180Days": 0, "RealizationTotalPeriod": 0, "FullRateDeprAmt": 2879, "AdditionsLessThan180Days": 49000, "RealizationPeriodDuringYear": 0, "HalfRateDeprAmt": 49000, "DepreciationAtFullRate": 1152, "DepreciationAtHalfRate": 9800, "TotalDepreciation": 10952, "DepDisAllowUs38_2": 0, "NetAggregateDepreciation": 10952, "ProportionateAggDepreciation": 0, "ExpdrOnTrforSaleAsset": 0, "CapGainUs50": 0, "WDVLastDay": 40927}}, "Rate45": {"DepreciationDetail": {"WDVFirstDay": 0, "RealizationTotalPeriod": 0, "FullRateDeprAmt": 0, "DepreciationAtFullRate": 0, "TotalDepreciation": 0, "DepDisAllowUs38_2": 0, "NetAggregateDepreciation": 0, "ProportionateAggDepreciation": 0, "ExpdrOnTrforSaleAsset": 0, "CapGainUs50": 0, "WDVLastDay": 0}}}}, "ScheduleDOA": {"Land": {"DepreciationDetail": {"WDVFirstDay": 0, "WDVLastDay": 0}}, "Building": {"Rate5": {"DepreciationDetail": {"WDVFirstDay": 0, "AdditionsGrThan180Days": 0, "RealizationTotalPeriod": 0, "FullRateDeprAmt": 0, "AdditionsLessThan180Days": 0, "RealizationPeriodDuringYear": 0, "HalfRateDeprAmt": 0, "DepreciationAtFullRate": 0, "DepreciationAtHalfRate": 0, "TotalDepreciation": 0, "DepDisAllowUs38_2": 0, "NetAggregateDepreciation": 0, "ProportionateAggDepreciation": 0, "ExpdrOnTrforSaleAsset": 0, "CapGainUs50": 0, "WDVLastDay": 0}}, "Rate10": {"DepreciationDetail": {"WDVFirstDay": 0, "AdditionsGrThan180Days": 0, "RealizationTotalPeriod": 0, "FullRateDeprAmt": 0, "AdditionsLessThan180Days": 0, "RealizationPeriodDuringYear": 0, "HalfRateDeprAmt": 0, "DepreciationAtFullRate": 0, "DepreciationAtHalfRate": 0, "TotalDepreciation": 0, "DepDisAllowUs38_2": 0, "NetAggregateDepreciation": 0, "ProportionateAggDepreciation": 0, "ExpdrOnTrforSaleAsset": 0, "CapGainUs50": 0, "WDVLastDay": 0}}, "Rate40": {"DepreciationDetail": {"WDVFirstDay": 0, "AdditionsGrThan180Days": 0, "RealizationTotalPeriod": 0, "FullRateDeprAmt": 0, "AdditionsLessThan180Days": 0, "RealizationPeriodDuringYear": 0, "HalfRateDeprAmt": 0, "DepreciationAtFullRate": 0, "DepreciationAtHalfRate": 0, "TotalDepreciation": 0, "DepDisAllowUs38_2": 0, "NetAggregateDepreciation": 0, "ProportionateAggDepreciation": 0, "ExpdrOnTrforSaleAsset": 0, "CapGainUs50": 0, "WDVLastDay": 0}}}, "FurnitureFittings": {"Rate10": {"DepreciationDetail": {"WDVFirstDay": 29217, "AdditionsGrThan180Days": 0, "RealizationTotalPeriod": 0, "FullRateDeprAmt": 29217, "AdditionsLessThan180Days": 0, "RealizationPeriodDuringYear": 0, "HalfRateDeprAmt": 0, "DepreciationAtFullRate": 2922, "DepreciationAtHalfRate": 0, "TotalDepreciation": 2922, "DepDisAllowUs38_2": 0, "NetAggregateDepreciation": 2922, "ProportionateAggDepreciation": 0, "ExpdrOnTrforSaleAsset": 0, "CapGainUs50": 0, "WDVLastDay": 26295}}}, "IntangibleAssets": {"Rate25": {"DepreciationDetail": {"WDVFirstDay": 0, "AdditionsGrThan180Days": 0, "RealizationTotalPeriod": 0, "FullRateDeprAmt": 0, "AdditionsLessThan180Days": 0, "RealizationPeriodDuringYear": 0, "HalfRateDeprAmt": 0, "DepreciationAtFullRate": 0, "DepreciationAtHalfRate": 0, "TotalDepreciation": 0, "DepDisAllowUs38_2": 0, "NetAggregateDepreciation": 0, "ProportionateAggDepreciation": 0, "ExpdrOnTrforSaleAsset": 0, "CapGainUs50": 0, "WDVLastDay": 0}}}, "Ships": {"Rate20": {"DepreciationDetail": {"WDVFirstDay": 0, "AdditionsGrThan180Days": 0, "RealizationTotalPeriod": 0, "FullRateDeprAmt": 0, "AdditionsLessThan180Days": 0, "RealizationPeriodDuringYear": 0, "HalfRateDeprAmt": 0, "DepreciationAtFullRate": 0, "DepreciationAtHalfRate": 0, "TotalDepreciation": 0, "DepDisAllowUs38_2": 0, "NetAggregateDepreciation": 0, "ProportionateAggDepreciation": 0, "ExpdrOnTrforSaleAsset": 0, "CapGainUs50": 0, "WDVLastDay": 0}}}}, "ScheduleDEP": {"SummaryFromDeprSch": {"PlantMachinerySummary": {"DeprBlockTot15Percent": 823218, "DeprBlockTot30Percent": 0, "DeprBlockTot40Percent": 10952, "DeprBlockTot45Percent": 0, "TotPlntMach": 834170}, "BuildingSummary": {"DeprBlockTot5Percent": 0, "DeprBlockTot10Percent": 0, "DeprBlockTot40Percent": 0, "TotBuildng": 0}, "FurnitureSummary": 2922, "IntangibleAssetSummary": 0, "ShipsSummary": 0, "TotalDepreciation": 837092}}, "ScheduleDCG": {"SummaryFromDeprSchCG": {"PlantMachinerySummaryCG": {"DeprBlockTot15Percent": 0, "DeprBlockTot30Percent": 0, "DeprBlockTot40Percent": 0, "DeprBlockTot45Percent": 0, "TotPlntMach": 0}, "BuildingSummaryCG": {"DeprBlockTot5Percent": 0, "DeprBlockTot10Percent": 0, "DeprBlockTot40Percent": 0, "TotBuildng": 0}, "FurnitureSummary": 0, "IntangibleAssetSummary": 0, "ShipsSummary": 0, "TotalDepreciation": 0}}, "ScheduleCG": {"ShortTermCapGain": {"SlumpSaleInStcg": {"FMV11UAEii": 0, "FMV11UAEiii": 0, "FullConsideration": 0, "NetWorthOfDivision": 0, "CapgainonAssets": 0}, "NRITransacSec48Dtl": {"NRItaxSTTPaid": 0, "NRItaxSTTNotPaid": 0}, "NRISecur115AD": {"DeductSec48": {"AquisitCost": 0, "ImproveCost": 0, "ExpOnTrans": 0, "TotalDedn": 0}, "FullValueConsdRecvUnqshr": 0, "FairMrktValueUnqshr": 0, "FullValueConsdSec50CA": 0, "FullValueConsdOthUnqshr": 0, "FullConsideration": 0, "BalanceCG": 0, "LossSec94of7Or94of8": 0, "CapgainonAssets": 0}, "SaleOnOtherAssets": {"DeductSec48": {"AquisitCost": 0, "ImproveCost": 0, "ExpOnTrans": 0, "TotalDedn": 0}, "ExemptionOrDednUs54": {"ExemptionGrandTotal": 0}, "FullValueConsdRecvUnqshr": 0, "FairMrktValueUnqshr": 0, "FullValueConsdSec50CA": 0, "FullValueConsdOthUnqshr": 0, "FullConsideration": 0, "BalanceCG": 0, "LossSec94of7Or94of8": 0, "DeemedSTCGDeprAsset": 0, "CapgainonAssets": 0}, "TotalAmtDeemedStcg": 0, "PassThrIncNatureSTCG": 0, "TotalAmtNotTaxUsDTAAStcg": 0, "TotalAmtTaxUsDTAAStcg": 0, "TotalSTCG": 0}, "LongTermCapGain": {"SlumpSaleInLtcg": {"FMV11UAEii": 0, "FMV11UAEiii": 0, "FullConsideration": 0, "NetWorthOfDivision": 0, "SlumpBalance": 0, "DeductionUnderSec54": 0, "CapgainonAssets": 0}, "SaleofBondsDebntr": {"DeductSec48": {"AquisitCost": 0, "ImproveCost": 0, "ExpOnTrans": 0, "TotalDedn": 0}, "FullConsideration": 0, "BalanceCG": 0}, "Proviso112Applicable": {"Proviso112Applicabledtls": {"DeductSec48": {"AquisitCost": 0, "ImproveCost": 0, "ExpOnTrans": 0, "TotalDedn": 0}, "FullConsideration": 0, "BalanceCG": 0}, "Proviso112SectionCode": "22"}, "SaleOfEquityShareUs112A": {"CapgainonAssets": 0}, "NRISaleOfEquityShareUs112A": {"CapgainonAssets": 0}, "SaleofAssetNA": {"DeductSec48": {"AquisitCost": 0, "ImproveCost": 0, "ExpOnTrans": 0, "TotalDedn": 0}, "ExemptionOrDednUs54": {"ExemptionGrandTotal": 0}, "FullValueConsdRecvUnqshr": 0, "FairMrktValueUnqshr": 0, "FullValueConsdSec50CA": 0, "FullValueConsdOthUnqshr": 0, "FullConsideration": 0, "BalanceCG": 0, "CapgainonAssets": 0}, "TotalAmtDeemedLtcg": 0, "PassThrIncNatureLTCG": 0, "PassThrIncNatureLTCGUs112A": 0, "TotalAmtNotTaxUsDTAALtcg": 0, "TotalAmtTaxUsDTAALtcg": 0, "TotalLTCG": 0}, "DeducClaimInfo": {"TotDeductClaim": 0}, "CurrYrLosses": {"InLossSetOff": {"StclSetoff15Per": 0, "StclSetoff30Per": 0, "StclSetoffAppRate": 0, "StclSetoffDTAARate": 0, "LtclSetOff10Per": 0, "LtclSetOff20Per": 0, "LtclSetOffDTAARate": 0}, "InStcg15Per": {"CurrYearIncome": 0, "StclSetoff30Per": 0, "StclSetoffAppRate": 0, "StclSetoffDTAARate": 0, "CurrYrCapGain": 0}, "InStcg30Per": {"CurrYearIncome": 0, "StclSetoff15Per": 0, "StclSetoffAppRate": 0, "StclSetoffDTAARate": 0, "CurrYrCapGain": 0}, "InStcgAppRate": {"CurrYearIncome": 0, "StclSetoff15Per": 0, "StclSetoff30Per": 0, "StclSetoffDTAARate": 0, "CurrYrCapGain": 0}, "InStcgDTAARate": {"CurrYearIncome": 0, "StclSetoff15Per": 0, "StclSetoff30Per": 0, "StclSetoffAppRate": 0, "CurrYrCapGain": 0}, "InLtcg10Per": {"CurrYearIncome": 0, "StclSetoff15Per": 0, "StclSetoff30Per": 0, "StclSetoffAppRate": 0, "StclSetoffDTAARate": 0, "LtclSetOff20Per": 0, "LtclSetOffDTAARate": 0, "CurrYrCapGain": 0}, "InLtcg20Per": {"CurrYearIncome": 0, "StclSetoff15Per": 0, "StclSetoff30Per": 0, "StclSetoffAppRate": 0, "StclSetoffDTAARate": 0, "LtclSetOff10Per": 0, "LtclSetOffDTAARate": 0, "CurrYrCapGain": 0}, "InLtcgDTAARate": {"CurrYearIncome": 0, "StclSetoff15Per": 0, "StclSetoff30Per": 0, "StclSetoffAppRate": 0, "StclSetoffDTAARate": 0, "LtclSetOff10Per": 0, "LtclSetOff20Per": 0, "CurrYrCapGain": 0}, "TotLossSetOff": {"StclSetoff15Per": 0, "StclSetoff30Per": 0, "StclSetoffAppRate": 0, "StclSetoffDTAARate": 0, "LtclSetOff10Per": 0, "LtclSetOff20Per": 0, "LtclSetOffDTAARate": 0}, "LossRemainSetOff": {"StclSetoff15Per": 0, "StclSetoff30Per": 0, "StclSetoffAppRate": 0, "StclSetoffDTAARate": 0, "LtclSetOff10Per": 0, "LtclSetOff20Per": 0, "LtclSetOffDTAARate": 0}}, "AccruOrRecOfCG": {"ShortTermUnder15Per": {"DateRange": {"Upto15Of6": 0, "Up16Of6To15Of9": 0, "Up16Of9To15Of12": 0, "Up16Of12To15Of3": 0, "Up16Of3To31Of3": 0}}, "ShortTermUnder30Per": {"DateRange": {"Upto15Of6": 0, "Up16Of6To15Of9": 0, "Up16Of9To15Of12": 0, "Up16Of12To15Of3": 0, "Up16Of3To31Of3": 0}}, "ShortTermUnderAppRate": {"DateRange": {"Upto15Of6": 0, "Up16Of6To15Of9": 0, "Up16Of9To15Of12": 0, "Up16Of12To15Of3": 0, "Up16Of3To31Of3": 0}}, "ShortTermUnderDTAARate": {"DateRange": {"Upto15Of6": 0, "Up16Of6To15Of9": 0, "Up16Of9To15Of12": 0, "Up16Of12To15Of3": 0, "Up16Of3To31Of3": 0}}, "LongTermUnder10Per": {"DateRange": {"Upto15Of6": 0, "Up16Of6To15Of9": 0, "Up16Of9To15Of12": 0, "Up16Of12To15Of3": 0, "Up16Of3To31Of3": 0}}, "LongTermUnder20Per": {"DateRange": {"Upto15Of6": 0, "Up16Of6To15Of9": 0, "Up16Of9To15Of12": 0, "Up16Of12To15Of3": 0, "Up16Of3To31Of3": 0}}, "LongTermUnderDTAARate": {"DateRange": {"Upto15Of6": 0, "Up16Of6To15Of9": 0, "Up16Of9To15Of12": 0, "Up16Of12To15Of3": 0, "Up16Of3To31Of3": 0}}}, "IncChargeableHeadCapGain": 0}, "Schedule112A": {"SaleValue112A": 0, "CostAcqWithoutIndx112A": 0, "AcquisitionCost112A": 0, "LTCGBeforelowerB1B2112A": 0, "FairMktValueCapAst112A": 0, "ExpExclCnctTransfer112A": 0, "Deductions112A": 0, "Balance112A": 0}, "ScheduleCYLA": {"TotalCurYr": {"TotHPlossCurYr": 0, "TotBusLoss": 0, "TotOthSrcLossNoRaceHorse": 0}, "HP": {"IncCYLA": {"IncOfCurYrUnderThatHead": 0, "BusLossSetoff": 0, "OthSrcLossNoRaceHorseSetoff": 0, "IncOfCurYrAfterSetOff": 0}}, "BusProfExclSpecProf": {"IncCYLA": {"IncOfCurYrUnderThatHead": 4104206, "HPlossCurYrSetoff": 0, "OthSrcLossNoRaceHorseSetoff": 0, "IncOfCurYrAfterSetOff": 4104206}}, "ProfGainUs115B": {"IncCYLA": {"IncOfCurYrUnderThatHead": 0, "HPlossCurYrSetoff": 0, "OthSrcLossNoRaceHorseSetoff": 0, "IncOfCurYrAfterSetOff": 0}}, "SpeculationIncome": {"IncCYLA": {"IncOfCurYrUnderThatHead": 0, "HPlossCurYrSetoff": 0, "OthSrcLossNoRaceHorseSetoff": 0, "IncOfCurYrAfterSetOff": 0}}, "SpecifiedBusIncome": {"IncCYLA": {"IncOfCurYrUnderThatHead": 0, "HPlossCurYrSetoff": 0, "OthSrcLossNoRaceHorseSetoff": 0, "IncOfCurYrAfterSetOff": 0}}, "STCG15Per": {"IncCYLA": {"IncOfCurYrUnderThatHead": 0, "HPlossCurYrSetoff": 0, "BusLossSetoff": 0, "OthSrcLossNoRaceHorseSetoff": 0, "IncOfCurYrAfterSetOff": 0}}, "STCG30Per": {"IncCYLA": {"IncOfCurYrUnderThatHead": 0, "HPlossCurYrSetoff": 0, "BusLossSetoff": 0, "OthSrcLossNoRaceHorseSetoff": 0, "IncOfCurYrAfterSetOff": 0}}, "STCGAppRate": {"IncCYLA": {"IncOfCurYrUnderThatHead": 0, "HPlossCurYrSetoff": 0, "BusLossSetoff": 0, "OthSrcLossNoRaceHorseSetoff": 0, "IncOfCurYrAfterSetOff": 0}}, "STCGDTAARate": {"IncCYLA": {"IncOfCurYrUnderThatHead": 0, "HPlossCurYrSetoff": 0, "BusLossSetoff": 0, "OthSrcLossNoRaceHorseSetoff": 0, "IncOfCurYrAfterSetOff": 0}}, "LTCG10Per": {"IncCYLA": {"IncOfCurYrUnderThatHead": 0, "HPlossCurYrSetoff": 0, "BusLossSetoff": 0, "OthSrcLossNoRaceHorseSetoff": 0, "IncOfCurYrAfterSetOff": 0}}, "LTCG20Per": {"IncCYLA": {"IncOfCurYrUnderThatHead": 0, "HPlossCurYrSetoff": 0, "BusLossSetoff": 0, "OthSrcLossNoRaceHorseSetoff": 0, "IncOfCurYrAfterSetOff": 0}}, "LTCGDTAARate": {"IncCYLA": {"IncOfCurYrUnderThatHead": 0, "HPlossCurYrSetoff": 0, "BusLossSetoff": 0, "OthSrcLossNoRaceHorseSetoff": 0, "IncOfCurYrAfterSetOff": 0}}, "OthSrcExclRaceHorseLottery": {"IncCYLA": {"IncOfCurYrUnderThatHead": 0, "HPlossCurYrSetoff": 0, "BusLossSetoff": 0, "IncOfCurYrAfterSetOff": 0}}, "ProfitFrmRaceHorse": {"IncCYLA": {"IncOfCurYrUnderThatHead": 0, "HPlossCurYrSetoff": 0, "BusLossSetoff": 0, "OthSrcLossNoRaceHorseSetoff": 0, "IncOfCurYrAfterSetOff": 0}}, "IncOSDTAA": {"IncCYLA": {"IncOfCurYrUnderThatHead": 0, "HPlossCurYrSetoff": 0, "BusLossSetoff": 0, "OthSrcLossNoRaceHorseSetoff": 0, "IncOfCurYrAfterSetOff": 0}}, "TotalLossSetOff": {"TotHPlossCurYrSetoff": 0, "TotBusLossSetoff": 0, "TotOthSrcLossNoRaceHorseSetoff": 0}, "LossRemAftSetOff": {"BalHPlossCurYrAftSetoff": 0, "BalBusLossAftSetoff": 0, "BalOthSrcLossNoRaceHorseAftSetoff": 0}}, "ScheduleBFLA": {"HP": {"IncBFLA": {"IncOfCurYrUndHeadFromCYLA": 0, "BFlossPrevYrUndSameHeadSetoff": 0, "BFUnabsorbedDeprSetoff": 0, "BFAllUs35Cl4Setoff": 0, "IncOfCurYrAfterSetOffBFLosses": 0}}, "BusProfExclSpecProf": {"IncBFLA": {"IncOfCurYrUndHeadFromCYLA": 4104206, "BFlossPrevYrUndSameHeadSetoff": 1642631, "BFUnabsorbedDeprSetoff": 0, "BFAllUs35Cl4Setoff": 0, "IncOfCurYrAfterSetOffBFLosses": 2461575}}, "ProfGainUs115B": {"IncBFLA": {"IncOfCurYrUndHeadFromCYLA": 0, "BFlossPrevYrUndSameHeadSetoff": 0, "BFUnabsorbedDeprSetoff": 0, "BFAllUs35Cl4Setoff": 0, "IncOfCurYrAfterSetOffBFLosses": 0}}, "SpeculationIncome": {"IncBFLA": {"IncOfCurYrUndHeadFromCYLA": 0, "BFlossPrevYrUndSameHeadSetoff": 0, "BFUnabsorbedDeprSetoff": 0, "BFAllUs35Cl4Setoff": 0, "IncOfCurYrAfterSetOffBFLosses": 0}}, "SpecifiedBusIncome": {"IncBFLA": {"IncOfCurYrUndHeadFromCYLA": 0, "BFlossPrevYrUndSameHeadSetoff": 0, "BFUnabsorbedDeprSetoff": 0, "BFAllUs35Cl4Setoff": 0, "IncOfCurYrAfterSetOffBFLosses": 0}}, "STCG15Per": {"IncBFLA": {"IncOfCurYrUndHeadFromCYLA": 0, "BFlossPrevYrUndSameHeadSetoff": 0, "BFUnabsorbedDeprSetoff": 0, "BFAllUs35Cl4Setoff": 0, "IncOfCurYrAfterSetOffBFLosses": 0}}, "STCG30Per": {"IncBFLA": {"IncOfCurYrUndHeadFromCYLA": 0, "BFlossPrevYrUndSameHeadSetoff": 0, "BFUnabsorbedDeprSetoff": 0, "BFAllUs35Cl4Setoff": 0, "IncOfCurYrAfterSetOffBFLosses": 0}}, "STCGAppRate": {"IncBFLA": {"IncOfCurYrUndHeadFromCYLA": 0, "BFlossPrevYrUndSameHeadSetoff": 0, "BFUnabsorbedDeprSetoff": 0, "BFAllUs35Cl4Setoff": 0, "IncOfCurYrAfterSetOffBFLosses": 0}}, "STCGDTAARate": {"IncBFLA": {"IncOfCurYrUndHeadFromCYLA": 0, "BFlossPrevYrUndSameHeadSetoff": 0, "BFUnabsorbedDeprSetoff": 0, "BFAllUs35Cl4Setoff": 0, "IncOfCurYrAfterSetOffBFLosses": 0}}, "LTCG10Per": {"IncBFLA": {"IncOfCurYrUndHeadFromCYLA": 0, "BFlossPrevYrUndSameHeadSetoff": 0, "BFUnabsorbedDeprSetoff": 0, "BFAllUs35Cl4Setoff": 0, "IncOfCurYrAfterSetOffBFLosses": 0}}, "LTCG20Per": {"IncBFLA": {"IncOfCurYrUndHeadFromCYLA": 0, "BFlossPrevYrUndSameHeadSetoff": 0, "BFUnabsorbedDeprSetoff": 0, "BFAllUs35Cl4Setoff": 0, "IncOfCurYrAfterSetOffBFLosses": 0}}, "LTCGDTAARate": {"IncBFLA": {"IncOfCurYrUndHeadFromCYLA": 0, "BFlossPrevYrUndSameHeadSetoff": 0, "BFUnabsorbedDeprSetoff": 0, "BFAllUs35Cl4Setoff": 0, "IncOfCurYrAfterSetOffBFLosses": 0}}, "OthSrcExclRaceHorse": {"IncBFLA": {"IncOfCurYrUndHeadFromCYLA": 0, "BFUnabsorbedDeprSetoff": 0, "BFAllUs35Cl4Setoff": 0, "IncOfCurYrAfterSetOffBFLosses": 0}}, "ProfitFrmRaceHorse": {"IncBFLA": {"IncOfCurYrUndHeadFromCYLA": 0, "BFlossPrevYrUndSameHeadSetoff": 0, "BFUnabsorbedDeprSetoff": 0, "BFAllUs35Cl4Setoff": 0, "IncOfCurYrAfterSetOffBFLosses": 0}}, "IncOSDTAA": {"IncBFLA": {"IncOfCurYrUndHeadFromCYLA": 0, "BFUnabsorbedDeprSetoff": 0, "BFAllUs35Cl4Setoff": 0, "IncOfCurYrAfterSetOffBFLosses": 0}}, "TotalBFLossSetOff": {"TotBFLossSetoff": 1642631, "TotUnabsorbedDeprSetoff": 0, "TotAllUs35cl4Setoff": 0}, "IncomeOfCurrYrAftCYLABFLA": 2461575}, "ScheduleCFL": {"LossCFCurrentAssmntYear": {"CarryFwdLossDetail": {"DateOfFiling": "2019-10-30", "TotalHPPTILossCF": 0, "BroughtFrwrdBusLoss": 1642631, "AmtAdjAccOptTaxUs115BAA_115BA": 0, "BroughtFrwdBusLossSetOffDrYr": 1642631, "LossFrmSpecBusCF": 0, "LossFrmSpecifiedBusCF": 0, "TotalSTCGPTILossCF": 0, "TotalLTCGPTILossCF": 0, "OthSrcLossRaceHorseCF": 0}}, "TotalOfBFLossesEarlierYrs": {"LossSummaryDetail": {"TotalHPPTILossCF": 0, "BroughtFrwdBusLossSetOffDrYr": 1642631, "LossFrmSpecBusCF": 0, "LossFrmSpecifiedBusCF": 0, "LossFrmLifeInsBusUs115B": 0, "TotalSTCGPTILossCF": 0, "TotalLTCGPTILossCF": 0, "OthSrcLossRaceHorseCF": 0}}, "AdjTotBFLossInBFLA": {"LossSummaryDetail": {"TotalHPPTILossCF": 0, "BroughtFrwdBusLossSetOffDrYr": 1642631, "LossFrmSpecBusCF": 0, "LossFrmSpecifiedBusCF": 0, "LossFrmLifeInsBusUs115B": 0, "TotalSTCGPTILossCF": 0, "TotalLTCGPTILossCF": 0, "OthSrcLossRaceHorseCF": 0}}, "CurrentAYloss": {"LossSummaryDetail": {"TotalHPPTILossCF": 0, "BroughtFrwdBusLossSetOffDrYr": 0, "LossFrmSpecBusCF": 0, "LossFrmSpecifiedBusCF": 0, "LossFrmLifeInsBusUs115B": 0, "TotalSTCGPTILossCF": 0, "TotalLTCGPTILossCF": 0, "OthSrcLossRaceHorseCF": 0}}, "CurrentYearLossCF": {"LossSummaryDetail": {"TotalHPPTILossCF": 0, "BroughtFrwdBusLossSetOffDrYr": 0, "LossFrmSpecBusCF": 0, "LossFrmSpecifiedBusCF": 0, "LossFrmLifeInsBusUs115B": 0, "TotalSTCGPTILossCF": 0, "TotalLTCGPTILossCF": 0, "OthSrcLossRaceHorseCF": 0}}, "TotalLossCFSummary": {"LossSummaryDetail": {"TotalHPPTILossCF": 0, "BroughtFrwdBusLossSetOffDrYr": 0, "LossFrmSpecBusCF": 0, "LossFrmSpecifiedBusCF": 0, "LossFrmLifeInsBusUs115B": 0, "TotalSTCGPTILossCF": 0, "TotalLTCGPTILossCF": 0, "OthSrcLossRaceHorseCF": 0}}}, "ITRScheduleUD": {"CurrAssYr": "2022-23", "CurBalCFNY": 0, "CurAllowBalCFNY": 0, "TotBFUDepritAmt": 0, "TotAmtAdjOptTaxUs115BAA": 0, "TotCurYrdepritSetoffInc": 0, "TotDepritBalCFNY": 0, "TotBFUAllowAmt": 0, "TotCurYrAllowSetoffInc": 0, "TotalBalCFNY": 0}, "ScheduleICDS": {"TotalNetAmt": 0, "TotalNetAmtNegative": 0}, "Schedule80RA": {"TotalDonationAmtCash80RA": 0, "TotalDonationAmtOtherMode80RA": 0, "TotalDonationsUs80RA": 0, "TotalEligibleDonationAmt80RA": 0}, "ScheduleSI": {"SplCodeRateTax": [{"SecCode": "1A", "SplRatePercent": 15, "SplRateInc": 0, "SplRateIncTax": 0}, {"SecCode": "5AD1biip", "SplRatePercent": 15, "SplRateInc": 0, "SplRateIncTax": 0}, {"SecCode": "21", "SplRatePercent": 20, "SplRateInc": 0, "SplRateIncTax": 0}, {"SecCode": "22", "SplRatePercent": 10, "SplRateInc": 0, "SplRateIncTax": 0}, {"SecCode": "21ciii", "SplRatePercent": 10, "SplRateInc": 0, "SplRateIncTax": 0}, {"SecCode": "2A", "SplRatePercent": 10, "SplRateInc": 0, "SplRateIncTax": 0}, {"SecCode": "5A1ai", "SplRatePercent": 20, "SplRateInc": 0, "SplRateIncTax": 0}, {"SecCode": "5A1aii", "SplRatePercent": 20, "SplRateInc": 0, "SplRateIncTax": 0}, {"SecCode": "5A1aiia", "SplRatePercent": 5, "SplRateInc": 0, "SplRateIncTax": 0}, {"SecCode": "5A1aiiaa", "SplRatePercent": 5, "SplRateInc": 0, "SplRateIncTax": 0}, {"SecCode": "5A1aiiaaP", "SplRatePercent": 4, "SplRateInc": 0, "SplRateIncTax": 0}, {"SecCode": "5A1aiiab", "SplRatePercent": 5, "SplRateInc": 0, "SplRateIncTax": 0}, {"SecCode": "5A1aiiac", "SplRatePercent": 5, "SplRateInc": 0, "SplRateIncTax": 0}, {"SecCode": "5A1aiii", "SplRatePercent": 20, "SplRateInc": 0, "SplRateIncTax": 0}, {"SecCode": "FA", "SplRatePercent": 50, "SplRateInc": 0, "SplRateIncTax": 0}, {"SecCode": "5A1bA", "SplRatePercent": 10, "SplRateInc": 0, "SplRateIncTax": 0}, {"SecCode": "5AB1a", "SplRatePercent": 10, "SplRateInc": 0, "SplRateIncTax": 0}, {"SecCode": "5AB1b", "SplRatePercent": 10, "SplRateInc": 0, "SplRateIncTax": 0}, {"SecCode": "5AC1ab", "SplRatePercent": 10, "SplRateInc": 0, "SplRateIncTax": 0}, {"SecCode": "5AC1c", "SplRatePercent": 10, "SplRateInc": 0, "SplRateIncTax": 0}, {"SecCode": "5AD1i", "SplRatePercent": 20, "SplRateInc": 0, "SplRateIncTax": 0}, {"SecCode": "5AD1iP", "SplRatePercent": 5, "SplRateInc": 0, "SplRateIncTax": 0}, {"SecCode": "5ADii", "SplRatePercent": 30, "SplRateInc": 0, "SplRateIncTax": 0}, {"SecCode": "5ADiii", "SplRatePercent": 10, "SplRateInc": 0, "SplRateIncTax": 0}, {"SecCode": "5ADiiiP", "SplRatePercent": 10, "SplRateInc": 0, "SplRateIncTax": 0}, {"SecCode": "5B", "SplRatePercent": 12.5, "SplRateInc": 0, "SplRateIncTax": 0}, {"SecCode": "5BB", "SplRatePercent": 30, "SplRateInc": 0, "SplRateIncTax": 0}, {"SecCode": "5BBA", "SplRatePercent": 20, "SplRateInc": 0, "SplRateIncTax": 0}, {"SecCode": "5BBC", "SplRatePercent": 30, "SplRateInc": 0, "SplRateIncTax": 0}, {"SecCode": "5BBE", "SplRatePercent": 60, "SplRateInc": 0, "SplRateIncTax": 0}, {"SecCode": "5BBD", "SplRatePercent": 15, "SplRateInc": 0, "SplRateIncTax": 0}, {"SecCode": "5BBF_BP", "SplRatePercent": 10, "SplRateInc": 0, "SplRateIncTax": 0}, {"SecCode": "5BBF", "SplRatePercent": 10, "SplRateInc": 0, "SplRateIncTax": 0}, {"SecCode": "5BBG_BP", "SplRatePercent": 10, "SplRateInc": 0, "SplRateIncTax": 0}, {"SecCode": "5BBG", "SplRatePercent": 10, "SplRateInc": 0, "SplRateIncTax": 0}, {"SecCode": "DTAASTCG", "SplRatePercent": 1, "SplRateInc": 0, "SplRateIncTax": 0}, {"SecCode": "DTAALTCG", "SplRatePercent": 1, "SplRateInc": 0, "SplRateIncTax": 0}, {"SecCode": "DTAAOS", "SplRatePercent": 1, "SplRateInc": 0, "SplRateIncTax": 0}, {"SecCode": "PTI_STCG15P", "SplRatePercent": 15, "SplRateInc": 0, "SplRateIncTax": 0}, {"SecCode": "PTI_STCG30P", "SplRatePercent": 30, "SplRateInc": 0, "SplRateIncTax": 0}, {"SecCode": "PTI_LTCG10P112A", "SplRatePercent": 10, "SplRateInc": 0, "SplRateIncTax": 0}, {"SecCode": "PTI_LTCG10P", "SplRatePercent": 10, "SplRateInc": 0, "SplRateIncTax": 0}, {"SecCode": "PTI_LTCG20P", "SplRatePercent": 20, "SplRateInc": 0, "SplRateIncTax": 0}, {"SecCode": "PTI_5A1ai", "SplRatePercent": 20, "SplRateInc": 0, "SplRateIncTax": 0}, {"SecCode": "PTI_5A1aii", "SplRatePercent": 20, "SplRateInc": 0, "SplRateIncTax": 0}, {"SecCode": "PTI_5A1aiia", "SplRatePercent": 5, "SplRateInc": 0, "SplRateIncTax": 0}, {"SecCode": "PTI_5A1aiiaa", "SplRatePercent": 5, "SplRateInc": 0, "SplRateIncTax": 0}, {"SecCode": "PTI_5A1aiiaaP", "SplRatePercent": 4, "SplRateInc": 0, "SplRateIncTax": 0}, {"SecCode": "PTI_5A1aiiab", "SplRatePercent": 5, "SplRateInc": 0, "SplRateIncTax": 0}, {"SecCode": "PTI_5A1aiiac", "SplRatePercent": 5, "SplRateInc": 0, "SplRateIncTax": 0}, {"SecCode": "PTI_5A1aiii", "SplRatePercent": 20, "SplRateInc": 0, "SplRateIncTax": 0}, {"SecCode": "PTI_FA", "SplRatePercent": 50, "SplRateInc": 0, "SplRateIncTax": 0}, {"SecCode": "PTI_5A1bA", "SplRatePercent": 10, "SplRateInc": 0, "SplRateIncTax": 0}, {"SecCode": "PTI_5AB1a", "SplRatePercent": 10, "SplRateInc": 0, "SplRateIncTax": 0}, {"SecCode": "PTI_5AC1ab", "SplRatePercent": 10, "SplRateInc": 0, "SplRateIncTax": 0}, {"SecCode": "PTI_5AD1i", "SplRatePercent": 20, "SplRateInc": 0, "SplRateIncTax": 0}, {"SecCode": "5AD1iDiv", "SplRatePercent": 20, "SplRateInc": 0, "SplRateIncTax": 0}, {"SecCode": "PTI_5AD1iDiv", "SplRatePercent": 20, "SplRateInc": 0, "SplRateIncTax": 0}, {"SecCode": "PTI_5AD1iP", "SplRatePercent": 5, "SplRateInc": 0, "SplRateIncTax": 0}, {"SecCode": "PTI_5BBA", "SplRatePercent": 20, "SplRateInc": 0, "SplRateIncTax": 0}, {"SecCode": "PTI_5BBD", "SplRatePercent": 15, "SplRateInc": 0, "SplRateIncTax": 0}, {"SecCode": "PTI_5BBF", "SplRatePercent": 10, "SplRateInc": 0, "SplRateIncTax": 0}, {"SecCode": "PTI_5BBG", "SplRatePercent": 10, "SplRateInc": 0, "SplRateIncTax": 0}, {"SecCode": "5AD1IBd", "SplRatePercent": 10, "SplRateInc": 0, "SplRateIncTax": 0}, {"SecCode": "5AD1IB", "SplRatePercent": 10, "SplRateInc": 0, "SplRateIncTax": 0}, {"SecCode": "PTI_5AD1IBd", "SplRatePercent": 10, "SplRateInc": 0, "SplRateIncTax": 0}, {"SecCode": "PTI_5AD1IB", "SplRatePercent": 10, "SplRateInc": 0, "SplRateIncTax": 0}, {"SecCode": "5AC1abD", "SplRatePercent": 10, "SplRateInc": 0, "SplRateIncTax": 0}, {"SecCode": "PTI_5AC1abD", "SplRatePercent": 10, "SplRateInc": 0, "SplRateIncTax": 0}], "TotSplRateInc": 0, "TotSplRateIncTax": 0}, "ScheduleMAT": {"Additions": {"ITPaidInclDefTax": 0, "ResvrNo33AC": 0, "ProvUncertainLiab": 0, "ProvLossOfSubsComp": 0, "DividendPaidOrProposed": 0, "ExpendExempIncUs10s": 0, "ExpAopBoi": 0, "ExpClauseFb": 0, "NotLossClauseFc": 0, "NotLossUs115bbf": 0, "DepreciatAttribToRevalAsset": 0, "GainClauseK": 0, "Others": 0, "TotAdditions": 0}, "Deducts": {"AmtWithdrawFromResvrIfCredPL": 0, "IncExempIncUs10s": 0, "AmtWithdrawFromResvrIfCredPLNoAttrib": 0, "ShareIncAopBoi": 0, "IncClauseiid": 0, "NotGainClauseiie": 0, "LossTrnsClauseiif": 0, "UnAbsorbedDepreciat": 0, "ProSickIndustryOrExcedAccumLos": 0, "Others": 0, "TotDeducts": 0}, "AdditionsProfUs115JB": {"AmountsCredited": 0, "AmountsDebited": 0, "OneFifthTransitionAmt": 0, "OthersInclResidualAdjust": 0, "TotalAdditions": 0}, "DeductionsProfUs115JB": {"AmountsCredited": 0, "AmountsDebited": 0, "OneFifthTransitionAmt": 0, "OthersInclResidualAdjust": 0, "TotalAdditions": 0}, "PLAcntPrepSchedVICompAct": "1", "PLAcntPrepAsperAGM": "2", "ProfAfterTaxPLAcnt": 3955565, "BookProfUs115JB": 3955565, "FinancialStamentFlag": "N", "DeemedTotalIncUs115JB": 3955565, "DeemedTotalIncUs115JBIFSC": 0, "DeemedTotalIncUs115JBOther": 3955565, "TaxPayableUs115JB": 593335}, "ScheduleMATC": {"UtilMATCredAvl": [{"AssYr": "2008-09", "MATCredGross": 0, "MATCredSetOff": 0, "MATCredBF": 0, "MATCredUtilCurrYr": 0, "BalMATCredCF": 0}, {"AssYr": "2009-10", "MATCredGross": 0, "MATCredSetOff": 0, "MATCredBF": 0, "MATCredUtilCurrYr": 0, "BalMATCredCF": 0}, {"AssYr": "2010-11", "MATCredGross": 0, "MATCredSetOff": 0, "MATCredBF": 0, "MATCredUtilCurrYr": 0, "BalMATCredCF": 0}, {"AssYr": "2011-12", "MATCredGross": 0, "MATCredSetOff": 0, "MATCredBF": 0, "MATCredUtilCurrYr": 0, "BalMATCredCF": 0}, {"AssYr": "2012-13", "MATCredGross": 0, "MATCredSetOff": 0, "MATCredBF": 0, "MATCredUtilCurrYr": 0, "BalMATCredCF": 0}, {"AssYr": "2013-14", "MATCredGross": 0, "MATCredSetOff": 0, "MATCredBF": 0, "MATCredUtilCurrYr": 0, "BalMATCredCF": 0}, {"AssYr": "2014-15", "MATCredGross": 0, "MATCredSetOff": 0, "MATCredBF": 0, "MATCredUtilCurrYr": 0, "BalMATCredCF": 0}, {"AssYr": "2015-16", "MATCredGross": 0, "MATCredSetOff": 0, "MATCredBF": 0, "MATCredUtilCurrYr": 0, "BalMATCredCF": 0}, {"AssYr": "2016-17", "MATCredGross": 0, "MATCredSetOff": 0, "MATCredBF": 0, "MATCredUtilCurrYr": 0, "BalMATCredCF": 0}, {"AssYr": "2017-18", "MATCredGross": 0, "MATCredSetOff": 0, "MATCredBF": 0, "MATCredUtilCurrYr": 0, "BalMATCredCF": 0}, {"AssYr": "2018-19", "MATCredGross": 0, "MATCredSetOff": 0, "MATCredBF": 0, "MATCredUtilCurrYr": 0, "BalMATCredCF": 0}, {"AssYr": "2019-20", "MATCredGross": 0, "MATCredSetOff": 0, "MATCredBF": 0, "MATCredUtilCurrYr": 0, "BalMATCredCF": 0}, {"AssYr": "2020-21", "MATCredGross": 0, "MATCredSetOff": 0, "MATCredBF": 0, "MATCredUtilCurrYr": 0, "BalMATCredCF": 0}, {"AssYr": "2021-22", "MATCredGross": 0, "MATCredSetOff": 0, "MATCredBF": 0, "MATCredUtilCurrYr": 0, "BalMATCredCF": 0}], "TaxUs115JBCurrAssYr": 617068, "TaxOthProvCurrAssYr": 640010, "AmtOfTaxWithCred": 22942, "CurAssYr": "2022-23", "MATCredGrossCurAY": 0, "BalMATCredCFCurAY": 0, "TotMatCredGross": 0, "TotMatCredSetOff": 0, "TotMatCredBF": 0, "TotMatCredUtilCurrYr": 0, "TotBalMATCredCF": 0, "AmtTaxCredUs115JAA": 0, "AmtMATLiabAllAssYrAvailSubseqYr": 0}, "ScheduleTPSA": {"AmtPrimaryAdjUs92CE_2A": 0, "AdditionalIncTax18PercAbove": 0, "Surcharge12Perc": 0, "HealthEducationCess": 0, "TotalAdditionalTax": 0, "TaxesPaid": 0, "NetTaxPayable": 0, "TotalAmountDeposited": 0}, "PartB-TI": {"ProfBusGain": {"ProfGainNoSpecBus": 4104206, "ProfGainSpecBus": 0, "ProfGainSpecifiedBus": 0, "IncChrgblTaxSplRate": 0, "TotProfBusGain": 4104206}, "CapGain": {"ShortTerm": {"ShortTerm15Per": 0, "ShortTerm30Per": 0, "ShortTermAppRate": 0, "ShortTermSplRateDTAA": 0, "TotalShortTerm": 0}, "LongTerm": {"LongTerm10Per": 0, "LongTerm20Per": 0, "LongTermSplRateDTAA": 0, "TotalLongTerm": 0}, "TotalCapGains": 0}, "IncFromOS": {"OtherSrcThanOwnRaceHorse": 0, "IncChargblSplRate": 0, "FromOwnRaceHorse": 0, "TotIncFromOS": 0}, "DeductionsUndSchVIADtl": {"PartBchapterVIA": 0, "PartCchapterVIA": 0, "TotDeductUndSchVIA": 0}, "IncomeFromHP": 0, "TotalTI": 4104206, "CurrentYearLoss": 0, "BalanceAfterSetoffLosses": 4104206, "BroughtFwdLossesSetoff": 1642631, "GrossTotalIncome": 2461575, "IncChargeTaxSplRate111A112": 0, "DeductionsUnder10Aor10AA": 0, "TotalIncome": 2461575, "IncChargeableTaxSplRates": 0, "IncChargeableTaxNormalRates": 2461575, "NetAgricultureIncomeOrOtherIncomeForRate": 0, "LossesOfCurrentYearCarriedFwd": 0, "DeemedTotIncSec115JB": 3955565}, "PartB_TTI": {"ComputationOfTaxLiability": {"TaxPayableOnDeemedTI": {"TaxDeemedTISec115JB": 593335, "Surcharge": 0, "EducationCess": 23733, "TotalTax": 617068}, "TaxPayableOnTI": {"TaxAtNormalRates": 615394, "TaxAtSpecialRates": 0, "TaxPayableOnTotInc": 615394, "Surcharge25ofSI": 0, "SurchargeOnTaxPayable": 0, "TotalSurcharge": 0, "EducationCess": 24616, "GrossTaxLiability": 640010}, "TaxRelief": {"Section90": 0, "Section91": 0, "TotTaxRelief": 0}, "IntrstPay": {"IntrstPayUs234A": 12008, "IntrstPayUs234B": 54036, "IntrstPayUs234C": 30316, "LateFilingFee234F": 5000, "TotalIntrstPay": 101360}, "GrossTaxPayable": 640010, "CredUs115JAATaxPaid": 0, "TaxPayableAfterCredUs115JAA": 640010, "NetTaxLiability": 640010, "AggregateTaxInterestLiability": 741370}, "TaxPaid": {"TaxesPaid": {"AdvanceTax": 0, "TDS": 0, "TCS": 39590, "SelfAssessmentTax": 701780, "TotalTaxesPaid": 741370}, "BalTaxPayable": 0}, "Refund": {"BankAccountDtls": {"AddtnlBankDetails": [{"IFSCCode": "SBIN0000654", "BankName": "STATE BANK OF INDIA", "BankAccountNo": "00000036946621096", "UseForRefund": "true"}, {"IFSCCode": "SBIN0006540", "BankName": "STATE BANK OF INDIA", "BankAccountNo": "36946621096", "UseForRefund": "true"}], "BankDtlsFlag": "Y"}, "RefundDue": 0}, "AssetOutsideIndiaFlg": "NO"}, "ScheduleIT": {"TaxPayment": [{"BSRCode": "0013283", "DateDep": "2022-12-31", "SrlNoOfChaln": 17586, "Amt": 701780}], "TotalTaxPayments": 701780}, "ScheduleTDS2": {"TotalTDSonOthThanSals": 0}, "ScheduleTDS3": {"TotalTDS3OnOthThanSal": 0}, "ScheduleTCS": {"TCSDetails": [{"EmployerOrDeductorOrCollectDetl": {"TAN": "PTNI00696D", "EmployerOrDeductorOrCollecterName": "IMPERIAL AGRO PRIVATE LIMITED"}, "TotalTCS": 39590, "AmtTCSClaimedThisYear": 39590, "AmtCarriedFwd": 0}], "TotalSchTCS": 39590}, "Verification": {"Declaration": {"AssesseeVerName": "SHIKHA PRAKASH", "FatherName": "OM PRAKASH", "AssesseeVerPAN": "CMXPP0053M", "Capacity": "DR"}}}}}